query,original_query,database_type,execution_time_ms,cpu_usage_percent,memory_usage_mb,memory_usage_percent,disk_read_mb,disk_write_mb,network_in_mb,network_out_mb,result_rows,result_size_mb,failed,memory_limit,cpu_limit
/* TOP 1000 ROWS */ SELECT * FROM data LIMIT 1000,"-- TOP 1000 ROWS
SELECT * FROM data LIMIT 1000",MySQLHandler,22.23658561706543,2.448234926585442,2047.62890625,99.98188018798828,0.0,0.0,0.010685920715332031,2.2874374389648438,1000,3.920193672180176,False,2G,2
/* COUNT ALL */ SELECT COUNT(*) FROM data,"-- COUNT ALL
SELECT COUNT(*) FROM data",MySQLHandler,320.34945487976074,0.722174320524836,2046.41015625,99.92237091064453,0.0,0.0,0.0014886856079101562,0.0018167495727539062,1,0.000133514404296875,False,2G,2
"/* DISTINCT VALUES & COUNT OF 'genre' */ SELECT DISTINCT genre, COUNT(genre) AS genre_count FROM data GROUP BY genre ORDER BY CASE WHEN genre_count IS NULL THEN 1 ELSE 0 END DESC, genre_count DESC","-- DISTINCT VALUES & COUNT OF 'genre'
SELECT 
    DISTINCT genre,
    COUNT(genre) AS genre_count 
FROM data 
GROUP BY genre 
ORDER BY genre_count DESC",MySQLHandler,1119.1158294677734,0.7624234853216739,2047.9609375,99.99809265136719,0.0,0.0,0.00254058837890625,0.09221267700195312,3097,0.23495960235595703,False,2G,2
"/* DISTINCT VALUES IN COLUMN 'album' */ SELECT DISTINCT album, COUNT(album) AS album_count FROM data GROUP BY album ORDER BY CASE WHEN album_count IS NULL THEN 1 ELSE 0 END DESC, album_count DESC","-- DISTINCT VALUES IN COLUMN 'album'
SELECT 
    DISTINCT album,
    COUNT(album) AS album_count 
FROM data 
GROUP BY album 
ORDER BY album_count DESC",MySQLHandler,1613.1007671356201,0.6193387398627573,2047.171875,99.95956420898438,0.0,0.0,0.018212318420410156,4.039486885070801,151168,11.28181266784668,False,2G,2
"/* STATS (AVG, SUM, MIN, MAX) FOR COLUMN 'tempo' */ SELECT AVG(tempo) AS avg_tempo, SUM(tempo) AS sum_tempo, MIN(tempo) AS min_tempo, MAX(tempo) AS max_tempo FROM data","-- STATS (AVG, SUM, MIN, MAX) FOR COLUMN 'tempo'
SELECT 
    AVG(tempo) AS avg_tempo,
    SUM(tempo) AS sum_tempo, 
    MIN(tempo) AS min_tempo, 
    MAX(tempo) AS max_tempo 
FROM data",MySQLHandler,435.3373050689697,0.733741411617739,2047.1796875,99.95994567871094,0.0,0.0,0.0016279220581054688,0.0019350051879882812,1,0.000156402587890625,False,2G,2
/* FILTER BY LIKE OPERATOR & 2 CONDITIONS */ SELECT * FROM data WHERE text LIKE '%%love%%' AND tempo < 120,"-- FILTER BY LIKE OPERATOR & 2 CONDITIONS
SELECT * 
FROM data 
WHERE text LIKE '%%love%%'
AND tempo < 120",MySQLHandler,3403.641700744629,0.6955479238214175,2034.40234375,99.33605194091797,0.0,0.0,1.0257511138916016,255.69970703125,119158,433.5639772415161,False,2G,2
"/* SELF-JOIN ON 'artist' TO FIND DUPLICATE ARTISTS */ SELECT DISTINCT a1.artist_s AS artists, COUNT(*) AS duplicate_count FROM data AS a1 JOIN data AS a2 ON a1.artist_s = a2.artist_s GROUP BY a1.artist_s","-- SELF-JOIN ON 'artist' TO FIND DUPLICATE ARTISTS
SELECT 
    DISTINCT a1.artist_s AS artists, 
    COUNT(*) AS duplicate_count 
FROM data AS a1 
JOIN data AS a2 
ON a1.artist_s = a2.artist_s
GROUP BY a1.artist_s",MySQLHandler,62790.19045829773,0.6044111215245236,2011.94921875,98.23970794677734,0.0,0.0,0.017188072204589844,3.4785404205322266,127197,9.554627418518066,False,2G,2
/* TOP 1000 ROWS */ SELECT * FROM data LIMIT 1000,"-- TOP 1000 ROWS
SELECT * FROM data LIMIT 1000",PostgresHandler,52.636146545410156,0.2102714508580343,2038.37109375,99.52983856201172,0.0,0.0,0.0213470458984375,2.4446020126342773,1000,3.9677934646606445,False,2G,2
/* COUNT ALL */ SELECT COUNT(*) FROM data,"-- COUNT ALL
SELECT COUNT(*) FROM data",PostgresHandler,45.92299461364746,0.15405557290040586,2040.55859375,99.63665008544922,0.0,0.0,0.001827239990234375,0.0023717880249023438,1,0.000133514404296875,False,2G,2
"/* DISTINCT VALUES & COUNT OF 'genre' */ SELECT DISTINCT genre, COUNT(genre) AS genre_count FROM data GROUP BY genre ORDER BY genre_count DESC","-- DISTINCT VALUES & COUNT OF 'genre'
SELECT 
    DISTINCT genre,
    COUNT(genre) AS genre_count 
FROM data 
GROUP BY genre 
ORDER BY genre_count DESC",PostgresHandler,67.10362434387207,2.1474578388507184,2039.515625,99.58572387695312,0.0,0.0,0.0030727386474609375,0.1195974349975586,3097,0.23495960235595703,False,2G,2
"/* DISTINCT VALUES IN COLUMN 'album' */ SELECT DISTINCT album, COUNT(album) AS album_count FROM data GROUP BY album ORDER BY album_count DESC","-- DISTINCT VALUES IN COLUMN 'album'
SELECT 
    DISTINCT album,
    COUNT(album) AS album_count 
FROM data 
GROUP BY album 
ORDER BY album_count DESC",PostgresHandler,454.35523986816406,2.154433697347894,1998.57421875,97.58663177490234,0.0,0.0,0.045746803283691406,5.453701019287109,154682,11.50865650177002,False,2G,2
"/* STATS (AVG, SUM, MIN, MAX) FOR COLUMN 'tempo' */ SELECT AVG(tempo) AS avg_tempo, SUM(tempo) AS sum_tempo, MIN(tempo) AS min_tempo, MAX(tempo) AS max_tempo FROM data","-- STATS (AVG, SUM, MIN, MAX) FOR COLUMN 'tempo'
SELECT 
    AVG(tempo) AS avg_tempo,
    SUM(tempo) AS sum_tempo, 
    MIN(tempo) AS min_tempo, 
    MAX(tempo) AS max_tempo 
FROM data",PostgresHandler,85.5865478515625,1.9556111284776492,2009.34375,98.11248779296875,0.0,0.0,0.0019664764404296875,0.0026187896728515625,1,0.000156402587890625,False,2G,2
/* FILTER BY LIKE OPERATOR & 2 CONDITIONS */ SELECT * FROM data WHERE text LIKE '%%love%%' AND tempo < 120,"-- FILTER BY LIKE OPERATOR & 2 CONDITIONS
SELECT * 
FROM data 
WHERE text LIKE '%%love%%'
AND tempo < 120",PostgresHandler,1900.134801864624,2.1053841349156777,2021.57421875,98.70967864990234,0.0,0.0,2.095245361328125,264.6332759857178,115044,419.287654876709,False,2G,2
"/* SELF-JOIN ON 'artist' TO FIND DUPLICATE ARTISTS */ SELECT DISTINCT a1.artist_s AS artists, COUNT(*) AS duplicate_count FROM data AS a1 JOIN data AS a2 ON a1.artist_s = a2.artist_s GROUP BY a1.artist_s","-- SELF-JOIN ON 'artist' TO FIND DUPLICATE ARTISTS
SELECT 
    DISTINCT a1.artist_s AS artists, 
    COUNT(*) AS duplicate_count 
FROM data AS a1 
JOIN data AS a2 
ON a1.artist_s = a2.artist_s
GROUP BY a1.artist_s",PostgresHandler,1653.304100036621,2.110640424867229,1922.578125,93.87588500976562,0.0,0.0,0.03875255584716797,4.595396041870117,127334,9.563119888305664,False,2G,2
/* TOP 1000 ROWS */ SELECT * FROM data LIMIT 1000,"-- TOP 1000 ROWS
SELECT * FROM data LIMIT 1000",DuckDBHandler,19.344329833984375,0.003097096472057446,100.6171875,4.9129486083984375,0.0,0.0,0.0,0.0,1000,3.920193672180176,False,2G,2
/* COUNT ALL */ SELECT COUNT(*) FROM data,"-- COUNT ALL
SELECT COUNT(*) FROM data",DuckDBHandler,2.125978469848633,0.0031999999999999997,100.6171875,4.9129486083984375,0.0,0.0,0.0,0.0,1,0.000133514404296875,False,2G,2
"/* DISTINCT VALUES & COUNT OF 'genre' */ SELECT DISTINCT genre, COUNT(genre) AS genre_count FROM data GROUP BY genre ORDER BY genre_count DESC NULLS FIRST","-- DISTINCT VALUES & COUNT OF 'genre'
SELECT 
    DISTINCT genre,
    COUNT(genre) AS genre_count 
FROM data 
GROUP BY genre 
ORDER BY genre_count DESC",DuckDBHandler,9.369373321533203,0.005598250546704155,100.6171875,4.9129486083984375,0.0,0.0,0.0,0.0,3097,0.23495960235595703,False,2G,2
"/* DISTINCT VALUES IN COLUMN 'album' */ SELECT DISTINCT album, COUNT(album) AS album_count FROM data GROUP BY album ORDER BY album_count DESC NULLS FIRST","-- DISTINCT VALUES IN COLUMN 'album'
SELECT 
    DISTINCT album,
    COUNT(album) AS album_count 
FROM data 
GROUP BY album 
ORDER BY album_count DESC",DuckDBHandler,137.32361793518066,0.004098719150265542,100.6171875,4.9129486083984375,0.0,0.0,0.0,0.0,154682,11.50865650177002,False,2G,2
"/* STATS (AVG, SUM, MIN, MAX) FOR COLUMN 'tempo' */ SELECT AVG(tempo) AS avg_tempo, SUM(tempo) AS sum_tempo, MIN(tempo) AS min_tempo, MAX(tempo) AS max_tempo FROM data","-- STATS (AVG, SUM, MIN, MAX) FOR COLUMN 'tempo'
SELECT 
    AVG(tempo) AS avg_tempo,
    SUM(tempo) AS sum_tempo, 
    MIN(tempo) AS min_tempo, 
    MAX(tempo) AS max_tempo 
FROM data",DuckDBHandler,2.934694290161133,0.0046985317088409865,100.6171875,4.9129486083984375,0.0,0.0,0.0,0.0,1,0.000156402587890625,False,2G,2
/* FILTER BY LIKE OPERATOR & 2 CONDITIONS */ SELECT * FROM data WHERE text LIKE '%%love%%' AND tempo < 120,"-- FILTER BY LIKE OPERATOR & 2 CONDITIONS
SELECT * 
FROM data 
WHERE text LIKE '%%love%%'
AND tempo < 120",DuckDBHandler,1738.586664199829,0.0042,100.6171875,4.9129486083984375,0.0,0.0,0.0,0.0,115044,419.287654876709,False,2G,2
"/* SELF-JOIN ON 'artist' TO FIND DUPLICATE ARTISTS */ SELECT DISTINCT a1.artist_s AS artists, COUNT(*) AS duplicate_count FROM data AS a1 JOIN data AS a2 ON a1.artist_s = a2.artist_s GROUP BY a1.artist_s","-- SELF-JOIN ON 'artist' TO FIND DUPLICATE ARTISTS
SELECT 
    DISTINCT a1.artist_s AS artists, 
    COUNT(*) AS duplicate_count 
FROM data AS a1 
JOIN data AS a2 
ON a1.artist_s = a2.artist_s
GROUP BY a1.artist_s",DuckDBHandler,236.06038093566895,0.004597126795752655,100.6171875,4.9129486083984375,0.0,0.0,0.0,0.0,127334,9.563119888305664,False,2G,2
/* TOP 1000 ROWS */ SELECT * FROM data LIMIT 1000,"-- TOP 1000 ROWS
SELECT * FROM data LIMIT 1000",MySQLHandler,22.485017776489258,2.501581744295092,3218.91015625,78.58667373657227,0.0,0.0,0.010874748229980469,2.2875003814697266,1000,3.920193672180176,False,4G,2
/* COUNT ALL */ SELECT COUNT(*) FROM data,"-- COUNT ALL
SELECT COUNT(*) FROM data",MySQLHandler,312.103271484375,1.7059337913803874,3219.84375,78.60946655273438,0.0,0.0,0.0014886856079101562,0.0018167495727539062,1,0.000133514404296875,False,4G,2
"/* DISTINCT VALUES & COUNT OF 'genre' */ SELECT DISTINCT genre, COUNT(genre) AS genre_count FROM data GROUP BY genre ORDER BY CASE WHEN genre_count IS NULL THEN 1 ELSE 0 END DESC, genre_count DESC","-- DISTINCT VALUES & COUNT OF 'genre'
SELECT 
    DISTINCT genre,
    COUNT(genre) AS genre_count 
FROM data 
GROUP BY genre 
ORDER BY genre_count DESC",MySQLHandler,1035.0472927093506,0.7170277864502029,3236.6328125,79.01935577392578,0.0,0.0,0.0023517608642578125,0.09203433990478516,3097,0.23495960235595703,False,4G,2
"/* DISTINCT VALUES IN COLUMN 'album' */ SELECT DISTINCT album, COUNT(album) AS album_count FROM data GROUP BY album ORDER BY CASE WHEN album_count IS NULL THEN 1 ELSE 0 END DESC, album_count DESC","-- DISTINCT VALUES IN COLUMN 'album'
SELECT 
    DISTINCT album,
    COUNT(album) AS album_count 
FROM data 
GROUP BY album 
ORDER BY album_count DESC",MySQLHandler,1598.0334281921387,1.4595561112847764,3265.0625,79.71343994140625,0.0,0.0,0.018464088439941406,4.039665222167969,151168,11.28181266784668,False,4G,2
"/* STATS (AVG, SUM, MIN, MAX) FOR COLUMN 'tempo' */ SELECT AVG(tempo) AS avg_tempo, SUM(tempo) AS sum_tempo, MIN(tempo) AS min_tempo, MAX(tempo) AS max_tempo FROM data","-- STATS (AVG, SUM, MIN, MAX) FOR COLUMN 'tempo'
SELECT 
    AVG(tempo) AS avg_tempo,
    SUM(tempo) AS sum_tempo, 
    MIN(tempo) AS min_tempo, 
    MAX(tempo) AS max_tempo 
FROM data",MySQLHandler,439.6827220916748,0.7072789753202124,3265.06640625,79.71353530883789,0.0,0.0,0.0016279220581054688,0.0019350051879882812,1,0.000156402587890625,False,4G,2
/* FILTER BY LIKE OPERATOR & 2 CONDITIONS */ SELECT * FROM data WHERE text LIKE '%%love%%' AND tempo < 120,"-- FILTER BY LIKE OPERATOR & 2 CONDITIONS
SELECT * 
FROM data 
WHERE text LIKE '%%love%%'
AND tempo < 120",MySQLHandler,3397.42374420166,0.6877850671665106,3251.91796875,79.39252853393555,0.0,0.0,1.025625228881836,255.69951820373535,119158,433.5639772415161,False,4G,2
"/* SELF-JOIN ON 'artist' TO FIND DUPLICATE ARTISTS */ SELECT DISTINCT a1.artist_s AS artists, COUNT(*) AS duplicate_count FROM data AS a1 JOIN data AS a2 ON a1.artist_s = a2.artist_s GROUP BY a1.artist_s","-- SELF-JOIN ON 'artist' TO FIND DUPLICATE ARTISTS
SELECT 
    DISTINCT a1.artist_s AS artists, 
    COUNT(*) AS duplicate_count 
FROM data AS a1 
JOIN data AS a2 
ON a1.artist_s = a2.artist_s
GROUP BY a1.artist_s",MySQLHandler,62207.69286155701,0.6654761161411177,3288.859375,80.29441833496094,0.0,0.0,0.01737689971923828,3.4787187576293945,127197,9.554627418518066,False,4G,2
/* TOP 1000 ROWS */ SELECT * FROM data LIMIT 1000,"-- TOP 1000 ROWS
SELECT * FROM data LIMIT 1000",PostgresHandler,21.299123764038086,0.14345517025929397,2076.71875,50.701141357421875,0.0,0.0,0.020843505859375,2.4445390701293945,1000,3.9677934646606445,False,4G,2
/* COUNT ALL */ SELECT COUNT(*) FROM data,"-- COUNT ALL
SELECT COUNT(*) FROM data",PostgresHandler,50.38619041442871,0.13975632614807873,2079.0078125,50.75702667236328,0.0,0.0,0.0018939971923828125,0.0024976730346679688,1,0.000133514404296875,False,4G,2
"/* DISTINCT VALUES & COUNT OF 'genre' */ SELECT DISTINCT genre, COUNT(genre) AS genre_count FROM data GROUP BY genre ORDER BY genre_count DESC","-- DISTINCT VALUES & COUNT OF 'genre'
SELECT 
    DISTINCT genre,
    COUNT(genre) AS genre_count 
FROM data 
GROUP BY genre 
ORDER BY genre_count DESC",PostgresHandler,70.30749320983887,2.0138706654170573,2080.90234375,50.803279876708984,0.0,0.0,0.0030727386474609375,0.1195974349975586,3097,0.23495960235595703,False,4G,2
"/* DISTINCT VALUES IN COLUMN 'album' */ SELECT DISTINCT album, COUNT(album) AS album_count FROM data GROUP BY album ORDER BY album_count DESC","-- DISTINCT VALUES IN COLUMN 'album'
SELECT 
    DISTINCT album,
    COUNT(album) AS album_count 
FROM data 
GROUP BY album 
ORDER BY album_count DESC",PostgresHandler,453.9804458618164,2.025733916302311,2084.1875,50.88348388671875,0.0,0.0,0.045688629150390625,5.453701019287109,154682,11.50865650177002,False,4G,2
"/* STATS (AVG, SUM, MIN, MAX) FOR COLUMN 'tempo' */ SELECT AVG(tempo) AS avg_tempo, SUM(tempo) AS sum_tempo, MIN(tempo) AS min_tempo, MAX(tempo) AS max_tempo FROM data","-- STATS (AVG, SUM, MIN, MAX) FOR COLUMN 'tempo'
SELECT 
    AVG(tempo) AS avg_tempo,
    SUM(tempo) AS sum_tempo, 
    MIN(tempo) AS min_tempo, 
    MAX(tempo) AS max_tempo 
FROM data",PostgresHandler,77.21495628356934,2.0973782771535583,2094.84375,51.143646240234375,0.0,0.0,0.0019664764404296875,0.0026187896728515625,1,0.000156402587890625,False,4G,2
/* FILTER BY LIKE OPERATOR & 2 CONDITIONS */ SELECT * FROM data WHERE text LIKE '%%love%%' AND tempo < 120,"-- FILTER BY LIKE OPERATOR & 2 CONDITIONS
SELECT * 
FROM data 
WHERE text LIKE '%%love%%'
AND tempo < 120",PostgresHandler,1833.5974216461182,2.3430034342803623,2103.328125,51.35078430175781,0.0,0.0,2.0782413482666016,264.6309471130371,115044,419.287654876709,False,4G,2
"/* SELF-JOIN ON 'artist' TO FIND DUPLICATE ARTISTS */ SELECT DISTINCT a1.artist_s AS artists, COUNT(*) AS duplicate_count FROM data AS a1 JOIN data AS a2 ON a1.artist_s = a2.artist_s GROUP BY a1.artist_s","-- SELF-JOIN ON 'artist' TO FIND DUPLICATE ARTISTS
SELECT 
    DISTINCT a1.artist_s AS artists, 
    COUNT(*) AS duplicate_count 
FROM data AS a1 
JOIN data AS a2 
ON a1.artist_s = a2.artist_s
GROUP BY a1.artist_s",PostgresHandler,1674.7875213623047,2.5333166770768267,2122.04296875,51.80768966674805,0.0,0.0,0.039139747619628906,4.595521926879883,127334,9.563119888305664,False,4G,2
/* TOP 1000 ROWS */ SELECT * FROM data LIMIT 1000,"-- TOP 1000 ROWS
SELECT * FROM data LIMIT 1000",DuckDBHandler,19.368648529052734,0.0021972534332084896,100.5390625,2.4545669555664062,0.0,0.0,0.0,0.0,1000,3.920193672180176,False,4G,2
/* COUNT ALL */ SELECT COUNT(*) FROM data,"-- COUNT ALL
SELECT COUNT(*) FROM data",DuckDBHandler,2.1660327911376953,0.0022971285892634205,100.5390625,2.4545669555664062,0.0,0.0,0.0,0.0,1,0.000133514404296875,False,4G,2
"/* DISTINCT VALUES & COUNT OF 'genre' */ SELECT DISTINCT genre, COUNT(genre) AS genre_count FROM data GROUP BY genre ORDER BY genre_count DESC NULLS FIRST","-- DISTINCT VALUES & COUNT OF 'genre'
SELECT 
    DISTINCT genre,
    COUNT(genre) AS genre_count 
FROM data 
GROUP BY genre 
ORDER BY genre_count DESC",DuckDBHandler,9.388446807861328,0.004996876951905059,100.5390625,2.4545669555664062,0.0,0.0,0.0,0.0,3097,0.23495960235595703,False,4G,2
"/* DISTINCT VALUES IN COLUMN 'album' */ SELECT DISTINCT album, COUNT(album) AS album_count FROM data GROUP BY album ORDER BY album_count DESC NULLS FIRST","-- DISTINCT VALUES IN COLUMN 'album'
SELECT 
    DISTINCT album,
    COUNT(album) AS album_count 
FROM data 
GROUP BY album 
ORDER BY album_count DESC",DuckDBHandler,134.07444953918457,0.004995316890415236,100.5390625,2.4545669555664062,0.0,0.0,0.0,0.0,154682,11.50865650177002,False,4G,2
"/* STATS (AVG, SUM, MIN, MAX) FOR COLUMN 'tempo' */ SELECT AVG(tempo) AS avg_tempo, SUM(tempo) AS sum_tempo, MIN(tempo) AS min_tempo, MAX(tempo) AS max_tempo FROM data","-- STATS (AVG, SUM, MIN, MAX) FOR COLUMN 'tempo'
SELECT 
    AVG(tempo) AS avg_tempo,
    SUM(tempo) AS sum_tempo, 
    MIN(tempo) AS min_tempo, 
    MAX(tempo) AS max_tempo 
FROM data",DuckDBHandler,2.901792526245117,0.003997501561524047,100.5390625,2.4545669555664062,0.0,0.0,0.0,0.0,1,0.000156402587890625,False,4G,2
/* FILTER BY LIKE OPERATOR & 2 CONDITIONS */ SELECT * FROM data WHERE text LIKE '%%love%%' AND tempo < 120,"-- FILTER BY LIKE OPERATOR & 2 CONDITIONS
SELECT * 
FROM data 
WHERE text LIKE '%%love%%'
AND tempo < 120",DuckDBHandler,1758.225679397583,0.004694132334581773,100.5390625,2.4545669555664062,0.0,0.0,6.67572021484375e-05,0.0,115044,419.287654876709,False,4G,2
"/* SELF-JOIN ON 'artist' TO FIND DUPLICATE ARTISTS */ SELECT DISTINCT a1.artist_s AS artists, COUNT(*) AS duplicate_count FROM data AS a1 JOIN data AS a2 ON a1.artist_s = a2.artist_s GROUP BY a1.artist_s","-- SELF-JOIN ON 'artist' TO FIND DUPLICATE ARTISTS
SELECT 
    DISTINCT a1.artist_s AS artists, 
    COUNT(*) AS duplicate_count 
FROM data AS a1 
JOIN data AS a2 
ON a1.artist_s = a2.artist_s
GROUP BY a1.artist_s",DuckDBHandler,152.75025367736816,0.006094286606306587,100.5390625,2.4545669555664062,0.0,0.0,0.0,0.0,127334,9.563119888305664,False,4G,2
/* TOP 1000 ROWS */ SELECT * FROM data LIMIT 1000,"-- TOP 1000 ROWS
SELECT * FROM data LIMIT 1000",ClickHouseHandler,35.582542419433594,5.093375039099155,1652.99609375,40.35634994506836,0.0,0.0,0.005665779113769531,2.330777168273926,1000,3.920193672180176,False,4G,2
/* COUNT ALL */ SELECT COUNT(*) FROM data,"-- COUNT ALL
SELECT COUNT(*) FROM data",ClickHouseHandler,13.492822647094727,5.5625382932166305,1641.91796875,40.08588790893555,0.0,0.0,0.0029516220092773438,0.004582405090332031,1,0.000133514404296875,False,4G,2
"/* DISTINCT VALUES & COUNT OF 'genre' */ SELECT DISTINCT genre, COUNT(genre) AS genre_count FROM data GROUP BY genre ORDER BY genre_count DESC NULLS FIRST","-- DISTINCT VALUES & COUNT OF 'genre'
SELECT 
    DISTINCT genre,
    COUNT(genre) AS genre_count 
FROM data 
GROUP BY genre 
ORDER BY genre_count DESC",ClickHouseHandler,17.13848114013672,5.153921200750469,1654.08984375,40.383052825927734,0.0,0.0,0.0031862258911132812,0.08253097534179688,3097,0.23495960235595703,False,4G,2
"/* DISTINCT VALUES IN COLUMN 'album' */ SELECT DISTINCT album, COUNT(album) AS album_count FROM data GROUP BY album ORDER BY album_count DESC NULLS FIRST","-- DISTINCT VALUES IN COLUMN 'album'
SELECT 
    DISTINCT album,
    COUNT(album) AS album_count 
FROM data 
GROUP BY album 
ORDER BY album_count DESC",ClickHouseHandler,370.2092170715332,9.388333854329478,1709.6171875,41.73870086669922,0.0,0.0,0.0063953399658203125,3.509366035461426,154682,11.50868034362793,False,4G,2
"/* STATS (AVG, SUM, MIN, MAX) FOR COLUMN 'tempo' */ SELECT AVG(tempo) AS avg_tempo, SUM(tempo) AS sum_tempo, MIN(tempo) AS min_tempo, MAX(tempo) AS max_tempo FROM data","-- STATS (AVG, SUM, MIN, MAX) FOR COLUMN 'tempo'
SELECT 
    AVG(tempo) AS avg_tempo,
    SUM(tempo) AS sum_tempo, 
    MIN(tempo) AS min_tempo, 
    MAX(tempo) AS max_tempo 
FROM data",ClickHouseHandler,7.933139801025391,5.153910597061582,1657.41796875,40.46430587768555,0.0,0.0,0.002902984619140625,0.0045337677001953125,1,0.000156402587890625,False,4G,2
/* FILTER BY LIKE OPERATOR & 2 CONDITIONS */ SELECT * FROM data WHERE text LIKE '%%love%%' AND tempo < 120,"-- FILTER BY LIKE OPERATOR & 2 CONDITIONS
SELECT * 
FROM data 
WHERE text LIKE '%%love%%'
AND tempo < 120",ClickHouseHandler,3383.5551738739014,7.552380356584298,1668.76953125,40.7414436340332,0.0,0.0,0.02280712127685547,251.74800300598145,115044,419.28827476501465,False,4G,2
"/* SELF-JOIN ON 'artist' TO FIND DUPLICATE ARTISTS */ SELECT DISTINCT a1.artist_s AS artists, COUNT(*) AS duplicate_count FROM data AS a1 JOIN data AS a2 ON a1.artist_s = a2.artist_s GROUP BY a1.artist_s","-- SELF-JOIN ON 'artist' TO FIND DUPLICATE ARTISTS
SELECT 
    DISTINCT a1.artist_s AS artists, 
    COUNT(*) AS duplicate_count 
FROM data AS a1 
JOIN data AS a2 
ON a1.artist_s = a2.artist_s
GROUP BY a1.artist_s",ClickHouseHandler,476.90653800964355,9.116797998749218,1747.8828125,42.67292022705078,0.0,0.0,0.03326892852783203,3.034515380859375,127334,9.563119888305664,False,4G,2
/* TOP 1000 ROWS */ SELECT * FROM data LIMIT 1000,"-- TOP 1000 ROWS
SELECT * FROM data LIMIT 1000",MySQLHandler,22.370576858520508,2.093045923149016,3218.859375,39.29271697998047,0.0,0.0,0.010874748229980469,2.2875003814697266,1000,3.920193672180176,False,8G,2
/* COUNT ALL */ SELECT COUNT(*) FROM data,"-- COUNT ALL
SELECT COUNT(*) FROM data",MySQLHandler,277.0426273345947,1.6595,3220.0625,39.307403564453125,0.0,0.0,0.0014886856079101562,0.0018167495727539062,1,0.000133514404296875,False,8G,2
"/* DISTINCT VALUES & COUNT OF 'genre' */ SELECT DISTINCT genre, COUNT(genre) AS genre_count FROM data GROUP BY genre ORDER BY CASE WHEN genre_count IS NULL THEN 1 ELSE 0 END DESC, genre_count DESC","-- DISTINCT VALUES & COUNT OF 'genre'
SELECT 
    DISTINCT genre,
    COUNT(genre) AS genre_count 
FROM data 
GROUP BY genre 
ORDER BY genre_count DESC",MySQLHandler,1032.0124626159668,0.8054482974070604,3236.5703125,39.508914947509766,0.0,0.0,0.0026035308837890625,0.09227561950683594,3097,0.23495960235595703,False,8G,2
"/* DISTINCT VALUES IN COLUMN 'album' */ SELECT DISTINCT album, COUNT(album) AS album_count FROM data GROUP BY album ORDER BY CASE WHEN album_count IS NULL THEN 1 ELSE 0 END DESC, album_count DESC","-- DISTINCT VALUES IN COLUMN 'album'
SELECT 
    DISTINCT album,
    COUNT(album) AS album_count 
FROM data 
GROUP BY album 
ORDER BY album_count DESC",MySQLHandler,1601.9141674041748,1.5057178526841448,3265.01953125,39.8561954498291,0.0,0.0,0.01827526092529297,4.039486885070801,151168,11.28181266784668,False,8G,2
"/* STATS (AVG, SUM, MIN, MAX) FOR COLUMN 'tempo' */ SELECT AVG(tempo) AS avg_tempo, SUM(tempo) AS sum_tempo, MIN(tempo) AS min_tempo, MAX(tempo) AS max_tempo FROM data","-- STATS (AVG, SUM, MIN, MAX) FOR COLUMN 'tempo'
SELECT 
    AVG(tempo) AS avg_tempo,
    SUM(tempo) AS sum_tempo, 
    MIN(tempo) AS min_tempo, 
    MAX(tempo) AS max_tempo 
FROM data",MySQLHandler,423.4881401062012,0.591415182755389,3265.0625,39.856719970703125,0.0,0.0,0.0016279220581054688,0.0019350051879882812,1,0.000156402587890625,False,8G,2
/* FILTER BY LIKE OPERATOR & 2 CONDITIONS */ SELECT * FROM data WHERE text LIKE '%%love%%' AND tempo < 120,"-- FILTER BY LIKE OPERATOR & 2 CONDITIONS
SELECT * 
FROM data 
WHERE text LIKE '%%love%%'
AND tempo < 120",MySQLHandler,3354.9556732177734,0.6654920337394564,3251.9609375,39.6967887878418,0.0,0.0,1.0223522186279297,255.69769287109375,119158,433.5639772415161,False,8G,2
"/* SELF-JOIN ON 'artist' TO FIND DUPLICATE ARTISTS */ SELECT DISTINCT a1.artist_s AS artists, COUNT(*) AS duplicate_count FROM data AS a1 JOIN data AS a2 ON a1.artist_s = a2.artist_s GROUP BY a1.artist_s","-- SELF-JOIN ON 'artist' TO FIND DUPLICATE ARTISTS
SELECT 
    DISTINCT a1.artist_s AS artists, 
    COUNT(*) AS duplicate_count 
FROM data AS a1 
JOIN data AS a2 
ON a1.artist_s = a2.artist_s
GROUP BY a1.artist_s",MySQLHandler,62214.29967880249,0.6452966895690194,3288.83203125,40.14687538146973,0.0,0.0,0.01735401153564453,3.478695869445801,127197,9.554627418518066,False,8G,2
/* TOP 1000 ROWS */ SELECT * FROM data LIMIT 1000,"-- TOP 1000 ROWS
SELECT * FROM data LIMIT 1000",PostgresHandler,20.978212356567383,0.15085285848172447,2076.828125,25.351905822753906,0.0,0.0,0.021413803100585938,2.4446020126342773,1000,3.9677934646606445,False,8G,2
/* COUNT ALL */ SELECT COUNT(*) FROM data,"-- COUNT ALL
SELECT COUNT(*) FROM data",PostgresHandler,43.37596893310547,0.14221111805121797,2079.52734375,25.384855270385742,0.0,0.0,0.001827239990234375,0.0023717880249023438,1,0.000133514404296875,False,8G,2
"/* DISTINCT VALUES & COUNT OF 'genre' */ SELECT DISTINCT genre, COUNT(genre) AS genre_count FROM data GROUP BY genre ORDER BY genre_count DESC","-- DISTINCT VALUES & COUNT OF 'genre'
SELECT 
    DISTINCT genre,
    COUNT(genre) AS genre_count 
FROM data 
GROUP BY genre 
ORDER BY genre_count DESC",PostgresHandler,68.41444969177246,2.2265084322298563,2081.44921875,25.408315658569336,0.0,0.0,0.0030727386474609375,0.1195974349975586,3097,0.23495960235595703,False,8G,2
"/* DISTINCT VALUES IN COLUMN 'album' */ SELECT DISTINCT album, COUNT(album) AS album_count FROM data GROUP BY album ORDER BY album_count DESC","-- DISTINCT VALUES IN COLUMN 'album'
SELECT 
    DISTINCT album,
    COUNT(album) AS album_count 
FROM data 
GROUP BY album 
ORDER BY album_count DESC",PostgresHandler,505.6595802307129,2.1560049937578025,2084.828125,25.449562072753906,0.0,0.0,0.04600334167480469,5.453763961791992,154682,11.50865650177002,False,8G,2
"/* STATS (AVG, SUM, MIN, MAX) FOR COLUMN 'tempo' */ SELECT AVG(tempo) AS avg_tempo, SUM(tempo) AS sum_tempo, MIN(tempo) AS min_tempo, MAX(tempo) AS max_tempo FROM data","-- STATS (AVG, SUM, MIN, MAX) FOR COLUMN 'tempo'
SELECT 
    AVG(tempo) AS avg_tempo,
    SUM(tempo) AS sum_tempo, 
    MIN(tempo) AS min_tempo, 
    MAX(tempo) AS max_tempo 
FROM data",PostgresHandler,76.22432708740234,1.9684848484848485,2095.37109375,25.57826042175293,0.0,0.0,0.0019664764404296875,0.0026187896728515625,1,0.000156402587890625,False,8G,2
/* FILTER BY LIKE OPERATOR & 2 CONDITIONS */ SELECT * FROM data WHERE text LIKE '%%love%%' AND tempo < 120,"-- FILTER BY LIKE OPERATOR & 2 CONDITIONS
SELECT * 
FROM data 
WHERE text LIKE '%%love%%'
AND tempo < 120",PostgresHandler,1842.8287506103516,2.0078353087960075,2103.3828125,25.67605972290039,0.0,0.0,2.098194122314453,264.6342830657959,115044,419.287654876709,False,8G,2
"/* SELF-JOIN ON 'artist' TO FIND DUPLICATE ARTISTS */ SELECT DISTINCT a1.artist_s AS artists, COUNT(*) AS duplicate_count FROM data AS a1 JOIN data AS a2 ON a1.artist_s = a2.artist_s GROUP BY a1.artist_s","-- SELF-JOIN ON 'artist' TO FIND DUPLICATE ARTISTS
SELECT 
    DISTINCT a1.artist_s AS artists, 
    COUNT(*) AS duplicate_count 
FROM data AS a1 
JOIN data AS a2 
ON a1.artist_s = a2.artist_s
GROUP BY a1.artist_s",PostgresHandler,1669.849157333374,1.992808988764045,2119.4609375,25.872325897216797,0.0,0.0,0.03920269012451172,4.5955963134765625,127334,9.563119888305664,False,8G,2
/* TOP 1000 ROWS */ SELECT * FROM data LIMIT 1000,"-- TOP 1000 ROWS
SELECT * FROM data LIMIT 1000",DuckDBHandler,18.673181533813477,0.004198687910028117,100.61328125,1.228189468383789,0.0,0.0,0.0,0.0,1000,3.920193672180176,False,8G,2
/* COUNT ALL */ SELECT COUNT(*) FROM data,"-- COUNT ALL
SELECT COUNT(*) FROM data",DuckDBHandler,2.167940139770508,0.006392009987515605,100.61328125,1.228189468383789,0.0,0.0,0.0,0.0,1,0.000133514404296875,False,8G,2
"/* DISTINCT VALUES & COUNT OF 'genre' */ SELECT DISTINCT genre, COUNT(genre) AS genre_count FROM data GROUP BY genre ORDER BY genre_count DESC NULLS FIRST","-- DISTINCT VALUES & COUNT OF 'genre'
SELECT 
    DISTINCT genre,
    COUNT(genre) AS genre_count 
FROM data 
GROUP BY genre 
ORDER BY genre_count DESC",DuckDBHandler,9.733438491821289,0.005096814490943161,100.61328125,1.228189468383789,0.0,0.0,0.0,0.0,3097,0.23495960235595703,False,8G,2
"/* DISTINCT VALUES IN COLUMN 'album' */ SELECT DISTINCT album, COUNT(album) AS album_count FROM data GROUP BY album ORDER BY album_count DESC NULLS FIRST","-- DISTINCT VALUES IN COLUMN 'album'
SELECT 
    DISTINCT album,
    COUNT(album) AS album_count 
FROM data 
GROUP BY album 
ORDER BY album_count DESC",DuckDBHandler,140.79523086547852,0.0036999999999999997,100.61328125,1.228189468383789,0.0,0.0,0.0,0.0,154682,11.50865650177002,False,8G,2
"/* STATS (AVG, SUM, MIN, MAX) FOR COLUMN 'tempo' */ SELECT AVG(tempo) AS avg_tempo, SUM(tempo) AS sum_tempo, MIN(tempo) AS min_tempo, MAX(tempo) AS max_tempo FROM data","-- STATS (AVG, SUM, MIN, MAX) FOR COLUMN 'tempo'
SELECT 
    AVG(tempo) AS avg_tempo,
    SUM(tempo) AS sum_tempo, 
    MIN(tempo) AS min_tempo, 
    MAX(tempo) AS max_tempo 
FROM data",DuckDBHandler,2.767324447631836,0.004898469228366136,100.61328125,1.228189468383789,0.0,0.0,0.0,0.0,1,0.000156402587890625,False,8G,2
/* FILTER BY LIKE OPERATOR & 2 CONDITIONS */ SELECT * FROM data WHERE text LIKE '%%love%%' AND tempo < 120,"-- FILTER BY LIKE OPERATOR & 2 CONDITIONS
SELECT * 
FROM data 
WHERE text LIKE '%%love%%'
AND tempo < 120",DuckDBHandler,1758.4969997406006,0.004898469228366136,100.61328125,1.228189468383789,0.0,0.0,0.0,0.0,115044,419.287654876709,False,8G,2
"/* SELF-JOIN ON 'artist' TO FIND DUPLICATE ARTISTS */ SELECT DISTINCT a1.artist_s AS artists, COUNT(*) AS duplicate_count FROM data AS a1 JOIN data AS a2 ON a1.artist_s = a2.artist_s GROUP BY a1.artist_s","-- SELF-JOIN ON 'artist' TO FIND DUPLICATE ARTISTS
SELECT 
    DISTINCT a1.artist_s AS artists, 
    COUNT(*) AS duplicate_count 
FROM data AS a1 
JOIN data AS a2 
ON a1.artist_s = a2.artist_s
GROUP BY a1.artist_s",DuckDBHandler,150.48503875732422,0.0045985629490784136,100.61328125,1.228189468383789,0.0,0.0,0.0,0.0,127334,9.563119888305664,False,8G,2
/* TOP 1000 ROWS */ SELECT * FROM data LIMIT 1000,"-- TOP 1000 ROWS
SELECT * FROM data LIMIT 1000",ClickHouseHandler,34.752607345581055,5.6282529743268634,1661.23046875,20.2786922454834,0.0,0.0,0.005288124084472656,2.33065128326416,1000,3.920193672180176,False,8G,2
/* COUNT ALL */ SELECT COUNT(*) FROM data,"-- COUNT ALL
SELECT COUNT(*) FROM data",ClickHouseHandler,13.707399368286133,4.04576430134417,1639.296875,20.010948181152344,0.0,0.0,0.0024480819702148438,0.00445556640625,1,0.000133514404296875,False,8G,2
"/* DISTINCT VALUES & COUNT OF 'genre' */ SELECT DISTINCT genre, COUNT(genre) AS genre_count FROM data GROUP BY genre ORDER BY genre_count DESC NULLS FIRST","-- DISTINCT VALUES & COUNT OF 'genre'
SELECT 
    DISTINCT genre,
    COUNT(genre) AS genre_count 
FROM data 
GROUP BY genre 
ORDER BY genre_count DESC",ClickHouseHandler,17.198801040649414,4.796196434157022,1655.8125,20.212554931640625,0.0,0.0,0.0033750534057617188,0.0826568603515625,3097,0.23495960235595703,False,8G,2
"/* DISTINCT VALUES IN COLUMN 'album' */ SELECT DISTINCT album, COUNT(album) AS album_count FROM data GROUP BY album ORDER BY album_count DESC NULLS FIRST","-- DISTINCT VALUES IN COLUMN 'album'
SELECT 
    DISTINCT album,
    COUNT(album) AS album_count 
FROM data 
GROUP BY album 
ORDER BY album_count DESC",ClickHouseHandler,376.83677673339844,9.26759224515322,1705.6953125,20.821475982666016,0.0,0.0,0.006595611572265625,3.509685516357422,154682,11.50868034362793,False,8G,2
"/* STATS (AVG, SUM, MIN, MAX) FOR COLUMN 'tempo' */ SELECT AVG(tempo) AS avg_tempo, SUM(tempo) AS sum_tempo, MIN(tempo) AS min_tempo, MAX(tempo) AS max_tempo FROM data","-- STATS (AVG, SUM, MIN, MAX) FOR COLUMN 'tempo'
SELECT 
    AVG(tempo) AS avg_tempo,
    SUM(tempo) AS sum_tempo, 
    MIN(tempo) AS min_tempo, 
    MAX(tempo) AS max_tempo 
FROM data",ClickHouseHandler,7.904291152954102,5.53849233656553,1665.92578125,20.336008071899414,0.0,0.0,0.002777099609375,0.0045337677001953125,1,0.000156402587890625,False,8G,2
/* FILTER BY LIKE OPERATOR & 2 CONDITIONS */ SELECT * FROM data WHERE text LIKE '%%love%%' AND tempo < 120,"-- FILTER BY LIKE OPERATOR & 2 CONDITIONS
SELECT * 
FROM data 
WHERE text LIKE '%%love%%'
AND tempo < 120",ClickHouseHandler,3370.297431945801,9.269693558474046,1677.8515625,20.481586456298828,0.0,0.0,0.02358531951904297,251.75181579589844,115044,419.28827476501465,False,8G,2
"/* SELF-JOIN ON 'artist' TO FIND DUPLICATE ARTISTS */ SELECT DISTINCT a1.artist_s AS artists, COUNT(*) AS duplicate_count FROM data AS a1 JOIN data AS a2 ON a1.artist_s = a2.artist_s GROUP BY a1.artist_s","-- SELF-JOIN ON 'artist' TO FIND DUPLICATE ARTISTS
SELECT 
    DISTINCT a1.artist_s AS artists, 
    COUNT(*) AS duplicate_count 
FROM data AS a1 
JOIN data AS a2 
ON a1.artist_s = a2.artist_s
GROUP BY a1.artist_s",ClickHouseHandler,510.6081962585449,5.0084,1755.890625,21.43421173095703,0.0,0.0,0.03295421600341797,3.034012794494629,127334,9.563119888305664,False,8G,2
/* TOP 1000 ROWS */ SELECT * FROM data LIMIT 1000,"-- TOP 1000 ROWS
SELECT * FROM data LIMIT 1000",MySQLHandler,24.055957794189453,2.759712769278801,3218.71875,19.64550018310547,0.0,0.0,0.010874748229980469,2.2875003814697266,1000,3.920193672180176,False,16G,2
/* COUNT ALL */ SELECT COUNT(*) FROM data,"-- COUNT ALL
SELECT COUNT(*) FROM data",MySQLHandler,361.35363578796387,2.107682698313554,3219.63671875,19.651103019714355,0.0,0.0,0.0014886856079101562,0.0018167495727539062,1,0.000133514404296875,False,16G,2
"/* DISTINCT VALUES & COUNT OF 'genre' */ SELECT DISTINCT genre, COUNT(genre) AS genre_count FROM data GROUP BY genre ORDER BY CASE WHEN genre_count IS NULL THEN 1 ELSE 0 END DESC, genre_count DESC","-- DISTINCT VALUES & COUNT OF 'genre'
SELECT 
    DISTINCT genre,
    COUNT(genre) AS genre_count 
FROM data 
GROUP BY genre 
ORDER BY genre_count DESC",MySQLHandler,1036.4809036254883,0.6311055590256089,3236.20703125,19.75224018096924,0.0,0.0,0.0023517608642578125,0.09203433990478516,3097,0.23495960235595703,False,16G,2
"/* DISTINCT VALUES IN COLUMN 'album' */ SELECT DISTINCT album, COUNT(album) AS album_count FROM data GROUP BY album ORDER BY CASE WHEN album_count IS NULL THEN 1 ELSE 0 END DESC, album_count DESC","-- DISTINCT VALUES IN COLUMN 'album'
SELECT 
    DISTINCT album,
    COUNT(album) AS album_count 
FROM data 
GROUP BY album 
ORDER BY album_count DESC",MySQLHandler,1587.8114700317383,1.3695600624024962,3264.82421875,19.926905632019043,0.0,0.0,0.018464088439941406,4.039665222167969,151168,11.28181266784668,False,16G,2
"/* STATS (AVG, SUM, MIN, MAX) FOR COLUMN 'tempo' */ SELECT AVG(tempo) AS avg_tempo, SUM(tempo) AS sum_tempo, MIN(tempo) AS min_tempo, MAX(tempo) AS max_tempo FROM data","-- STATS (AVG, SUM, MIN, MAX) FOR COLUMN 'tempo'
SELECT 
    AVG(tempo) AS avg_tempo,
    SUM(tempo) AS sum_tempo, 
    MIN(tempo) AS min_tempo, 
    MAX(tempo) AS max_tempo 
FROM data",MySQLHandler,420.7148551940918,0.7084929797191888,3264.85546875,19.927096366882324,0.0,0.0,0.0016279220581054688,0.0019350051879882812,1,0.000156402587890625,False,16G,2
/* FILTER BY LIKE OPERATOR & 2 CONDITIONS */ SELECT * FROM data WHERE text LIKE '%%love%%' AND tempo < 120,"-- FILTER BY LIKE OPERATOR & 2 CONDITIONS
SELECT * 
FROM data 
WHERE text LIKE '%%love%%'
AND tempo < 120",MySQLHandler,3326.690673828125,0.6722697471120824,3251.70703125,19.84684467315674,0.0,0.0,1.0187129974365234,255.6952953338623,119158,433.5639772415161,False,16G,2
"/* SELF-JOIN ON 'artist' TO FIND DUPLICATE ARTISTS */ SELECT DISTINCT a1.artist_s AS artists, COUNT(*) AS duplicate_count FROM data AS a1 JOIN data AS a2 ON a1.artist_s = a2.artist_s GROUP BY a1.artist_s","-- SELF-JOIN ON 'artist' TO FIND DUPLICATE ARTISTS
SELECT 
    DISTINCT a1.artist_s AS artists, 
    COUNT(*) AS duplicate_count 
FROM data AS a1 
JOIN data AS a2 
ON a1.artist_s = a2.artist_s
GROUP BY a1.artist_s",MySQLHandler,62170.060873031616,0.5568519675202998,3288.625,20.072174072265625,0.0,0.0,0.01735401153564453,3.478695869445801,127197,9.554627418518066,False,16G,2
/* TOP 1000 ROWS */ SELECT * FROM data LIMIT 1000,"-- TOP 1000 ROWS
SELECT * FROM data LIMIT 1000",PostgresHandler,21.018505096435547,0.13467374336559476,2076.93359375,12.676596641540527,0.0,0.0,0.020780563354492188,2.4442873001098633,1000,3.9677934646606445,False,16G,2
/* COUNT ALL */ SELECT COUNT(*) FROM data,"-- COUNT ALL
SELECT COUNT(*) FROM data",PostgresHandler,46.166181564331055,0.1444194756554307,2079.2890625,12.690973281860352,0.0,0.0,0.001827239990234375,0.0023717880249023438,1,0.000133514404296875,False,16G,2
"/* DISTINCT VALUES & COUNT OF 'genre' */ SELECT DISTINCT genre, COUNT(genre) AS genre_count FROM data GROUP BY genre ORDER BY genre_count DESC","-- DISTINCT VALUES & COUNT OF 'genre'
SELECT 
    DISTINCT genre,
    COUNT(genre) AS genre_count 
FROM data 
GROUP BY genre 
ORDER BY genre_count DESC",PostgresHandler,64.70227241516113,2.0422236102435978,2081.1796875,12.702512741088867,0.0,0.0,0.003139495849609375,0.1195974349975586,3097,0.23495960235595703,False,16G,2
"/* DISTINCT VALUES IN COLUMN 'album' */ SELECT DISTINCT album, COUNT(album) AS album_count FROM data GROUP BY album ORDER BY album_count DESC","-- DISTINCT VALUES IN COLUMN 'album'
SELECT 
    DISTINCT album,
    COUNT(album) AS album_count 
FROM data 
GROUP BY album 
ORDER BY album_count DESC",PostgresHandler,503.0097961425781,1.9640000000000002,2084.42578125,12.722325325012207,0.0,0.0,0.045940399169921875,5.453763961791992,154682,11.50865650177002,False,16G,2
"/* STATS (AVG, SUM, MIN, MAX) FOR COLUMN 'tempo' */ SELECT AVG(tempo) AS avg_tempo, SUM(tempo) AS sum_tempo, MIN(tempo) AS min_tempo, MAX(tempo) AS max_tempo FROM data","-- STATS (AVG, SUM, MIN, MAX) FOR COLUMN 'tempo'
SELECT 
    AVG(tempo) AS avg_tempo,
    SUM(tempo) AS sum_tempo, 
    MIN(tempo) AS min_tempo, 
    MAX(tempo) AS max_tempo 
FROM data",PostgresHandler,74.03898239135742,1.974448954105526,2094.98828125,12.78679370880127,0.0,0.0,0.0019664764404296875,0.0026187896728515625,1,0.000156402587890625,False,16G,2
/* FILTER BY LIKE OPERATOR & 2 CONDITIONS */ SELECT * FROM data WHERE text LIKE '%%love%%' AND tempo < 120,"-- FILTER BY LIKE OPERATOR & 2 CONDITIONS
SELECT * 
FROM data 
WHERE text LIKE '%%love%%'
AND tempo < 120",PostgresHandler,1834.8453044891357,2.1189890795631823,2103.7734375,12.840414047241211,0.0,0.0,2.09417724609375,264.6338424682617,115044,419.287654876709,False,16G,2
"/* SELF-JOIN ON 'artist' TO FIND DUPLICATE ARTISTS */ SELECT DISTINCT a1.artist_s AS artists, COUNT(*) AS duplicate_count FROM data AS a1 JOIN data AS a2 ON a1.artist_s = a2.artist_s GROUP BY a1.artist_s","-- SELF-JOIN ON 'artist' TO FIND DUPLICATE ARTISTS
SELECT 
    DISTINCT a1.artist_s AS artists, 
    COUNT(*) AS duplicate_count 
FROM data AS a1 
JOIN data AS a2 
ON a1.artist_s = a2.artist_s
GROUP BY a1.artist_s",PostgresHandler,1645.345687866211,2.036754057428215,2120.0859375,12.939977645874023,0.0,0.0,0.039139747619628906,4.595521926879883,127334,9.563119888305664,False,16G,2
/* TOP 1000 ROWS */ SELECT * FROM data LIMIT 1000,"-- TOP 1000 ROWS
SELECT * FROM data LIMIT 1000",DuckDBHandler,18.887758255004883,0.004,100.58984375,0.6139516830444336,0.0,0.0,0.0,0.0,1000,3.920193672180176,False,16G,2
/* COUNT ALL */ SELECT COUNT(*) FROM data,"-- COUNT ALL
SELECT COUNT(*) FROM data",DuckDBHandler,2.2344589233398438,0.004996876951905059,100.58984375,0.6139516830444336,0.0,0.0,0.0,0.0,1,0.000133514404296875,False,16G,2
"/* DISTINCT VALUES & COUNT OF 'genre' */ SELECT DISTINCT genre, COUNT(genre) AS genre_count FROM data GROUP BY genre ORDER BY genre_count DESC NULLS FIRST","-- DISTINCT VALUES & COUNT OF 'genre'
SELECT 
    DISTINCT genre,
    COUNT(genre) AS genre_count 
FROM data 
GROUP BY genre 
ORDER BY genre_count DESC",DuckDBHandler,9.229183197021484,0.004993757802746567,100.58984375,0.6139516830444336,0.0,0.0,0.0,0.0,3097,0.23495960235595703,False,16G,2
"/* DISTINCT VALUES IN COLUMN 'album' */ SELECT DISTINCT album, COUNT(album) AS album_count FROM data GROUP BY album ORDER BY album_count DESC NULLS FIRST","-- DISTINCT VALUES IN COLUMN 'album'
SELECT 
    DISTINCT album,
    COUNT(album) AS album_count 
FROM data 
GROUP BY album 
ORDER BY album_count DESC",DuckDBHandler,147.1405029296875,0.0035977514053716427,100.58984375,0.6139516830444336,0.0,0.0,0.0,0.0,154682,11.50865650177002,False,16G,2
"/* STATS (AVG, SUM, MIN, MAX) FOR COLUMN 'tempo' */ SELECT AVG(tempo) AS avg_tempo, SUM(tempo) AS sum_tempo, MIN(tempo) AS min_tempo, MAX(tempo) AS max_tempo FROM data","-- STATS (AVG, SUM, MIN, MAX) FOR COLUMN 'tempo'
SELECT 
    AVG(tempo) AS avg_tempo,
    SUM(tempo) AS sum_tempo, 
    MIN(tempo) AS min_tempo, 
    MAX(tempo) AS max_tempo 
FROM data",DuckDBHandler,2.711057662963867,0.0027965043695380772,100.58984375,0.6139516830444336,0.0,0.0,0.0,0.0,1,0.000156402587890625,False,16G,2
/* FILTER BY LIKE OPERATOR & 2 CONDITIONS */ SELECT * FROM data WHERE text LIKE '%%love%%' AND tempo < 120,"-- FILTER BY LIKE OPERATOR & 2 CONDITIONS
SELECT * 
FROM data 
WHERE text LIKE '%%love%%'
AND tempo < 120",DuckDBHandler,1765.967607498169,0.004397251717676452,100.58984375,0.6139516830444336,0.0,0.0,0.0,0.0,115044,419.287654876709,False,16G,2
"/* SELF-JOIN ON 'artist' TO FIND DUPLICATE ARTISTS */ SELECT DISTINCT a1.artist_s AS artists, COUNT(*) AS duplicate_count FROM data AS a1 JOIN data AS a2 ON a1.artist_s = a2.artist_s GROUP BY a1.artist_s","-- SELF-JOIN ON 'artist' TO FIND DUPLICATE ARTISTS
SELECT 
    DISTINCT a1.artist_s AS artists, 
    COUNT(*) AS duplicate_count 
FROM data AS a1 
JOIN data AS a2 
ON a1.artist_s = a2.artist_s
GROUP BY a1.artist_s",DuckDBHandler,211.51280403137207,0.004898469228366136,100.58984375,0.6139516830444336,0.0,0.0,0.0,0.0,127334,9.563119888305664,False,16G,2
/* TOP 1000 ROWS */ SELECT * FROM data LIMIT 1000,"-- TOP 1000 ROWS
SELECT * FROM data LIMIT 1000",ClickHouseHandler,35.509347915649414,5.315644555694618,1668.7578125,10.18528938293457,0.0,0.0,0.005917549133300781,2.3307151794433594,1000,3.920193672180176,False,16G,2
/* COUNT ALL */ SELECT COUNT(*) FROM data,"-- COUNT ALL
SELECT COUNT(*) FROM data",ClickHouseHandler,12.024164199829102,5.1374672489082975,1633.3984375,9.969472885131836,0.0,0.0,0.0028886795043945312,0.0045185089111328125,1,0.000133514404296875,False,16G,2
"/* DISTINCT VALUES & COUNT OF 'genre' */ SELECT DISTINCT genre, COUNT(genre) AS genre_count FROM data GROUP BY genre ORDER BY genre_count DESC NULLS FIRST","-- DISTINCT VALUES & COUNT OF 'genre'
SELECT 
    DISTINCT genre,
    COUNT(genre) AS genre_count 
FROM data 
GROUP BY genre 
ORDER BY genre_count DESC",ClickHouseHandler,17.19522476196289,4.315254448954105,1658.06640625,10.120034217834473,0.0,0.0,0.0029973983764648438,0.08253097534179688,3097,0.23495960235595703,False,16G,2
"/* DISTINCT VALUES IN COLUMN 'album' */ SELECT DISTINCT album, COUNT(album) AS album_count FROM data GROUP BY album ORDER BY album_count DESC NULLS FIRST","-- DISTINCT VALUES IN COLUMN 'album'
SELECT 
    DISTINCT album,
    COUNT(album) AS album_count 
FROM data 
GROUP BY album 
ORDER BY album_count DESC",ClickHouseHandler,394.8996067047119,9.535559724828017,1701.84375,10.387229919433594,0.0,0.0,0.006847381591796875,3.509685516357422,154682,11.50868034362793,False,16G,2
"/* STATS (AVG, SUM, MIN, MAX) FOR COLUMN 'tempo' */ SELECT AVG(tempo) AS avg_tempo, SUM(tempo) AS sum_tempo, MIN(tempo) AS min_tempo, MAX(tempo) AS max_tempo FROM data","-- STATS (AVG, SUM, MIN, MAX) FOR COLUMN 'tempo'
SELECT 
    AVG(tempo) AS avg_tempo,
    SUM(tempo) AS sum_tempo, 
    MIN(tempo) AS min_tempo, 
    MAX(tempo) AS max_tempo 
FROM data",ClickHouseHandler,5.997180938720703,5.044294631710362,1677.47265625,10.238480567932129,0.0,0.0,0.00302886962890625,0.004658699035644531,1,0.000156402587890625,False,16G,2
/* FILTER BY LIKE OPERATOR & 2 CONDITIONS */ SELECT * FROM data WHERE text LIKE '%%love%%' AND tempo < 120,"-- FILTER BY LIKE OPERATOR & 2 CONDITIONS
SELECT * 
FROM data 
WHERE text LIKE '%%love%%'
AND tempo < 120",ClickHouseHandler,3306.347131729126,8.585514866979656,1675.96875,10.229301452636719,0.0,0.0,0.023980140686035156,251.74728393554688,115044,419.28827476501465,False,16G,2
"/* SELF-JOIN ON 'artist' TO FIND DUPLICATE ARTISTS */ SELECT DISTINCT a1.artist_s AS artists, COUNT(*) AS duplicate_count FROM data AS a1 JOIN data AS a2 ON a1.artist_s = a2.artist_s GROUP BY a1.artist_s","-- SELF-JOIN ON 'artist' TO FIND DUPLICATE ARTISTS
SELECT 
    DISTINCT a1.artist_s AS artists, 
    COUNT(*) AS duplicate_count 
FROM data AS a1 
JOIN data AS a2 
ON a1.artist_s = a2.artist_s
GROUP BY a1.artist_s",ClickHouseHandler,488.82031440734863,5.069431605246721,1713.88671875,10.460734367370605,0.0,0.0,0.033354759216308594,3.0349674224853516,127334,9.563119888305664,False,16G,2
/* TOP 1000 ROWS */ SELECT * FROM data LIMIT 1000,"-- TOP 1000 ROWS
SELECT * FROM data LIMIT 1000",MySQLHandler,22.52793312072754,2.342703715266937,3218.4609375,9.8219633102417,0.0,0.0,0.010937690734863281,2.2875633239746094,1000,3.920193672180176,False,32G,2
/* COUNT ALL */ SELECT COUNT(*) FROM data,"-- COUNT ALL
SELECT COUNT(*) FROM data",MySQLHandler,308.4137439727783,1.205938864628821,3219.64453125,9.825575351715088,0.0,0.0,0.0014886856079101562,0.0018167495727539062,1,0.000133514404296875,False,32G,2
"/* DISTINCT VALUES & COUNT OF 'genre' */ SELECT DISTINCT genre, COUNT(genre) AS genre_count FROM data GROUP BY genre ORDER BY CASE WHEN genre_count IS NULL THEN 1 ELSE 0 END DESC, genre_count DESC","-- DISTINCT VALUES & COUNT OF 'genre'
SELECT 
    DISTINCT genre,
    COUNT(genre) AS genre_count 
FROM data 
GROUP BY genre 
ORDER BY genre_count DESC",MySQLHandler,1011.976957321167,0.7772571071540143,3236.546875,9.877157211303711,0.0,0.0,0.0023517608642578125,0.09203433990478516,3097,0.23495960235595703,False,32G,2
"/* DISTINCT VALUES IN COLUMN 'album' */ SELECT DISTINCT album, COUNT(album) AS album_count FROM data GROUP BY album ORDER BY CASE WHEN album_count IS NULL THEN 1 ELSE 0 END DESC, album_count DESC","-- DISTINCT VALUES IN COLUMN 'album'
SELECT 
    DISTINCT album,
    COUNT(album) AS album_count 
FROM data 
GROUP BY album 
ORDER BY album_count DESC",MySQLHandler,1584.2368602752686,1.387732667083073,3264.84375,9.963512420654297,0.0,0.0,0.018464088439941406,4.039665222167969,151168,11.28181266784668,False,32G,2
"/* STATS (AVG, SUM, MIN, MAX) FOR COLUMN 'tempo' */ SELECT AVG(tempo) AS avg_tempo, SUM(tempo) AS sum_tempo, MIN(tempo) AS min_tempo, MAX(tempo) AS max_tempo FROM data","-- STATS (AVG, SUM, MIN, MAX) FOR COLUMN 'tempo'
SELECT 
    AVG(tempo) AS avg_tempo,
    SUM(tempo) AS sum_tempo, 
    MIN(tempo) AS min_tempo, 
    MAX(tempo) AS max_tempo 
FROM data",MySQLHandler,416.61596298217773,0.7314570982839314,3264.875,9.963607788085938,0.0,0.0,0.0016908645629882812,0.0019979476928710938,1,0.000156402587890625,False,32G,2
/* FILTER BY LIKE OPERATOR & 2 CONDITIONS */ SELECT * FROM data WHERE text LIKE '%%love%%' AND tempo < 120,"-- FILTER BY LIKE OPERATOR & 2 CONDITIONS
SELECT * 
FROM data 
WHERE text LIKE '%%love%%'
AND tempo < 120",MySQLHandler,3392.625570297241,0.6811485642946317,3251.7265625,9.923481941223145,0.0,0.0,1.0200977325439453,255.6964282989502,119158,433.5639772415161,False,32G,2
"/* SELF-JOIN ON 'artist' TO FIND DUPLICATE ARTISTS */ SELECT DISTINCT a1.artist_s AS artists, COUNT(*) AS duplicate_count FROM data AS a1 JOIN data AS a2 ON a1.artist_s = a2.artist_s GROUP BY a1.artist_s","-- SELF-JOIN ON 'artist' TO FIND DUPLICATE ARTISTS
SELECT 
    DISTINCT a1.artist_s AS artists, 
    COUNT(*) AS duplicate_count 
FROM data AS a1 
JOIN data AS a2 
ON a1.artist_s = a2.artist_s
GROUP BY a1.artist_s",MySQLHandler,62133.2368850708,0.6989447393068998,3288.6953125,10.036301612854004,0.0,0.0,0.01735401153564453,3.478695869445801,127197,9.554627418518066,False,32G,2
/* TOP 1000 ROWS */ SELECT * FROM data LIMIT 1000,"-- TOP 1000 ROWS
SELECT * FROM data LIMIT 1000",PostgresHandler,20.769596099853516,0.13978159126365053,2076.69140625,6.337559223175049,0.0,0.0,0.021158218383789062,2.4445390701293945,1000,3.9677934646606445,False,32G,2
/* COUNT ALL */ SELECT COUNT(*) FROM data,"-- COUNT ALL
SELECT COUNT(*) FROM data",PostgresHandler,43.622732162475586,0.14955978769903214,2078.9453125,6.344437599182129,0.0,0.0,0.0018939971923828125,0.0023717880249023438,1,0.000133514404296875,False,32G,2
"/* DISTINCT VALUES & COUNT OF 'genre' */ SELECT DISTINCT genre, COUNT(genre) AS genre_count FROM data GROUP BY genre ORDER BY genre_count DESC","-- DISTINCT VALUES & COUNT OF 'genre'
SELECT 
    DISTINCT genre,
    COUNT(genre) AS genre_count 
FROM data 
GROUP BY genre 
ORDER BY genre_count DESC",PostgresHandler,65.29903411865234,2.1596004993757805,2080.9453125,6.350541114807129,0.0,0.0,0.0030727386474609375,0.1195974349975586,3097,0.23495960235595703,False,32G,2
"/* DISTINCT VALUES IN COLUMN 'album' */ SELECT DISTINCT album, COUNT(album) AS album_count FROM data GROUP BY album ORDER BY album_count DESC","-- DISTINCT VALUES IN COLUMN 'album'
SELECT 
    DISTINCT album,
    COUNT(album) AS album_count 
FROM data 
GROUP BY album 
ORDER BY album_count DESC",PostgresHandler,503.2951831817627,2.0669,2084.35546875,6.360948085784912,0.0,0.0,0.04587745666503906,5.453701019287109,154682,11.50865650177002,False,32G,2
"/* STATS (AVG, SUM, MIN, MAX) FOR COLUMN 'tempo' */ SELECT AVG(tempo) AS avg_tempo, SUM(tempo) AS sum_tempo, MIN(tempo) AS min_tempo, MAX(tempo) AS max_tempo FROM data","-- STATS (AVG, SUM, MIN, MAX) FOR COLUMN 'tempo'
SELECT 
    AVG(tempo) AS avg_tempo,
    SUM(tempo) AS sum_tempo, 
    MIN(tempo) AS min_tempo, 
    MAX(tempo) AS max_tempo 
FROM data",PostgresHandler,73.01211357116699,2.2847720174890696,2095.18359375,6.393992900848389,0.0,0.0,0.0019664764404296875,0.0026187896728515625,1,0.000156402587890625,False,32G,2
/* FILTER BY LIKE OPERATOR & 2 CONDITIONS */ SELECT * FROM data WHERE text LIKE '%%love%%' AND tempo < 120,"-- FILTER BY LIKE OPERATOR & 2 CONDITIONS
SELECT * 
FROM data 
WHERE text LIKE '%%love%%'
AND tempo < 120",PostgresHandler,1847.6536273956299,2.137296284733063,2103.21875,6.418514251708984,0.0,0.0,2.1000823974609375,264.6335277557373,115044,419.287654876709,False,32G,2
"/* SELF-JOIN ON 'artist' TO FIND DUPLICATE ARTISTS */ SELECT DISTINCT a1.artist_s AS artists, COUNT(*) AS duplicate_count FROM data AS a1 JOIN data AS a2 ON a1.artist_s = a2.artist_s GROUP BY a1.artist_s","-- SELF-JOIN ON 'artist' TO FIND DUPLICATE ARTISTS
SELECT 
    DISTINCT a1.artist_s AS artists, 
    COUNT(*) AS duplicate_count 
FROM data AS a1 
JOIN data AS a2 
ON a1.artist_s = a2.artist_s
GROUP BY a1.artist_s",PostgresHandler,1629.1835308074951,2.573395813808185,2121.0078125,6.47280216217041,0.0,0.0,0.03920269012451172,4.5955963134765625,127334,9.563119888305664,False,32G,2
/* TOP 1000 ROWS */ SELECT * FROM data LIMIT 1000,"-- TOP 1000 ROWS
SELECT * FROM data LIMIT 1000",DuckDBHandler,18.48316192626953,0.0026999999999999997,100.59765625,0.30699968338012695,0.0,0.0,0.0,0.0,1000,3.920193672180176,False,32G,2
/* COUNT ALL */ SELECT COUNT(*) FROM data,"-- COUNT ALL
SELECT COUNT(*) FROM data",DuckDBHandler,2.1550655364990234,0.007393068997814549,100.59765625,0.30699968338012695,0.0,0.0,0.0,0.0,1,0.000133514404296875,False,32G,2
"/* DISTINCT VALUES & COUNT OF 'genre' */ SELECT DISTINCT genre, COUNT(genre) AS genre_count FROM data GROUP BY genre ORDER BY genre_count DESC NULLS FIRST","-- DISTINCT VALUES & COUNT OF 'genre'
SELECT 
    DISTINCT genre,
    COUNT(genre) AS genre_count 
FROM data 
GROUP BY genre 
ORDER BY genre_count DESC",DuckDBHandler,9.90915298461914,0.005095223228223541,100.59765625,0.30699968338012695,0.0,0.0,0.0,0.0,3097,0.23495960235595703,False,32G,2
"/* DISTINCT VALUES IN COLUMN 'album' */ SELECT DISTINCT album, COUNT(album) AS album_count FROM data GROUP BY album ORDER BY album_count DESC NULLS FIRST","-- DISTINCT VALUES IN COLUMN 'album'
SELECT 
    DISTINCT album,
    COUNT(album) AS album_count 
FROM data 
GROUP BY album 
ORDER BY album_count DESC",DuckDBHandler,149.3704319000244,0.004394506866416979,100.59765625,0.30699968338012695,0.0,0.0,0.0,0.0,154682,11.50865650177002,False,32G,2
"/* STATS (AVG, SUM, MIN, MAX) FOR COLUMN 'tempo' */ SELECT AVG(tempo) AS avg_tempo, SUM(tempo) AS sum_tempo, MIN(tempo) AS min_tempo, MAX(tempo) AS max_tempo FROM data","-- STATS (AVG, SUM, MIN, MAX) FOR COLUMN 'tempo'
SELECT 
    AVG(tempo) AS avg_tempo,
    SUM(tempo) AS sum_tempo, 
    MIN(tempo) AS min_tempo, 
    MAX(tempo) AS max_tempo 
FROM data",DuckDBHandler,2.9311180114746094,0.004495785201373712,100.59765625,0.30699968338012695,0.0,0.0,0.0,0.0,1,0.000156402587890625,False,32G,2
/* FILTER BY LIKE OPERATOR & 2 CONDITIONS */ SELECT * FROM data WHERE text LIKE '%%love%%' AND tempo < 120,"-- FILTER BY LIKE OPERATOR & 2 CONDITIONS
SELECT * 
FROM data 
WHERE text LIKE '%%love%%'
AND tempo < 120",DuckDBHandler,1768.2898044586182,0.004795504214798627,100.59765625,0.30699968338012695,0.0,0.0,0.0,0.0,115044,419.287654876709,False,32G,2
"/* SELF-JOIN ON 'artist' TO FIND DUPLICATE ARTISTS */ SELECT DISTINCT a1.artist_s AS artists, COUNT(*) AS duplicate_count FROM data AS a1 JOIN data AS a2 ON a1.artist_s = a2.artist_s GROUP BY a1.artist_s","-- SELF-JOIN ON 'artist' TO FIND DUPLICATE ARTISTS
SELECT 
    DISTINCT a1.artist_s AS artists, 
    COUNT(*) AS duplicate_count 
FROM data AS a1 
JOIN data AS a2 
ON a1.artist_s = a2.artist_s
GROUP BY a1.artist_s",DuckDBHandler,220.2928066253662,0.003296909147674055,100.59765625,0.30699968338012695,0.0,0.0,0.0,0.0,127334,9.563119888305664,False,32G,2
/* TOP 1000 ROWS */ SELECT * FROM data LIMIT 1000,"-- TOP 1000 ROWS
SELECT * FROM data LIMIT 1000",ClickHouseHandler,76.90739631652832,5.748692933083177,1652.12890625,5.041897296905518,0.0,0.0,0.005917549133300781,2.3307151794433594,1000,3.920193672180176,False,32G,2
/* COUNT ALL */ SELECT COUNT(*) FROM data,"-- COUNT ALL
SELECT COUNT(*) FROM data",ClickHouseHandler,12.633085250854492,5.902789243277049,1629.60546875,4.973161220550537,0.0,0.0,0.0027627944946289062,0.004456520080566406,1,0.000133514404296875,False,32G,2
"/* DISTINCT VALUES & COUNT OF 'genre' */ SELECT DISTINCT genre, COUNT(genre) AS genre_count FROM data GROUP BY genre ORDER BY genre_count DESC NULLS FIRST","-- DISTINCT VALUES & COUNT OF 'genre'
SELECT 
    DISTINCT genre,
    COUNT(genre) AS genre_count 
FROM data 
GROUP BY genre 
ORDER BY genre_count DESC",ClickHouseHandler,16.832351684570312,5.696520650813517,1650.73046875,5.0376296043396,0.0,0.0,0.0031862258911132812,0.08259391784667969,3097,0.23495960235595703,False,32G,2
"/* DISTINCT VALUES IN COLUMN 'album' */ SELECT DISTINCT album, COUNT(album) AS album_count FROM data GROUP BY album ORDER BY album_count DESC NULLS FIRST","-- DISTINCT VALUES IN COLUMN 'album'
SELECT 
    DISTINCT album,
    COUNT(album) AS album_count 
FROM data 
GROUP BY album 
ORDER BY album_count DESC",ClickHouseHandler,344.82359886169434,10.68888192922017,1697.52734375,5.1804423332214355,0.0,0.0,0.00658416748046875,3.509554862976074,154682,11.50868034362793,False,32G,2
"/* STATS (AVG, SUM, MIN, MAX) FOR COLUMN 'tempo' */ SELECT AVG(tempo) AS avg_tempo, SUM(tempo) AS sum_tempo, MIN(tempo) AS min_tempo, MAX(tempo) AS max_tempo FROM data","-- STATS (AVG, SUM, MIN, MAX) FOR COLUMN 'tempo'
SELECT 
    AVG(tempo) AS avg_tempo,
    SUM(tempo) AS sum_tempo, 
    MIN(tempo) AS min_tempo, 
    MAX(tempo) AS max_tempo 
FROM data",ClickHouseHandler,6.989240646362305,6.0574647887323945,1677.15625,5.118274688720703,0.0,0.0,0.0028400421142578125,0.0046596527099609375,1,0.000156402587890625,False,32G,2
/* FILTER BY LIKE OPERATOR & 2 CONDITIONS */ SELECT * FROM data WHERE text LIKE '%%love%%' AND tempo < 120,"-- FILTER BY LIKE OPERATOR & 2 CONDITIONS
SELECT * 
FROM data 
WHERE text LIKE '%%love%%'
AND tempo < 120",ClickHouseHandler,3588.691473007202,7.071158422041328,1675.80859375,5.114161968231201,0.0,0.0,0.02827167510986328,251.87082958221436,115044,419.28827476501465,False,32G,2
"/* SELF-JOIN ON 'artist' TO FIND DUPLICATE ARTISTS */ SELECT DISTINCT a1.artist_s AS artists, COUNT(*) AS duplicate_count FROM data AS a1 JOIN data AS a2 ON a1.artist_s = a2.artist_s GROUP BY a1.artist_s","-- SELF-JOIN ON 'artist' TO FIND DUPLICATE ARTISTS
SELECT 
    DISTINCT a1.artist_s AS artists, 
    COUNT(*) AS duplicate_count 
FROM data AS a1 
JOIN data AS a2 
ON a1.artist_s = a2.artist_s
GROUP BY a1.artist_s",ClickHouseHandler,446.0732936859131,5.914748358862145,1717.6015625,5.241703987121582,0.0,0.0,0.032891273498535156,3.034830093383789,127334,9.563119888305664,False,32G,2
/* TOP 1000 ROWS */ SELECT * FROM data LIMIT 1000,"-- TOP 1000 ROWS
SELECT * FROM data LIMIT 1000",MySQLHandler,24.246692657470703,0.7350811485642946,3218.6796875,4.911315441131592,0.0,0.0,0.010874748229980469,2.2875003814697266,1000,3.920193672180176,False,64G,2
/* COUNT ALL */ SELECT COUNT(*) FROM data,"-- COUNT ALL
SELECT COUNT(*) FROM data",MySQLHandler,3073.4846591949463,1.0397753510140404,3219.6328125,4.912769794464111,0.0,0.0,0.0014886856079101562,0.0018167495727539062,1,0.000133514404296875,False,64G,2
"/* DISTINCT VALUES & COUNT OF 'genre' */ SELECT DISTINCT genre, COUNT(genre) AS genre_count FROM data GROUP BY genre ORDER BY CASE WHEN genre_count IS NULL THEN 1 ELSE 0 END DESC, genre_count DESC","-- DISTINCT VALUES & COUNT OF 'genre'
SELECT 
    DISTINCT genre,
    COUNT(genre) AS genre_count 
FROM data 
GROUP BY genre 
ORDER BY genre_count DESC",MySQLHandler,1048.2177734375,1.9744659587757654,3235.86328125,4.937535524368286,0.0,0.0,0.00241851806640625,0.09203433990478516,3097,0.23495960235595703,False,64G,2
"/* DISTINCT VALUES IN COLUMN 'album' */ SELECT DISTINCT album, COUNT(album) AS album_count FROM data GROUP BY album ORDER BY CASE WHEN album_count IS NULL THEN 1 ELSE 0 END DESC, album_count DESC","-- DISTINCT VALUES IN COLUMN 'album'
SELECT 
    DISTINCT album,
    COUNT(album) AS album_count 
FROM data 
GROUP BY album 
ORDER BY album_count DESC",MySQLHandler,1626.1992454528809,1.0781630740393626,3264.98046875,4.981964826583862,0.0,0.0,0.018464088439941406,4.039665222167969,151168,11.28181266784668,False,64G,2
"/* STATS (AVG, SUM, MIN, MAX) FOR COLUMN 'tempo' */ SELECT AVG(tempo) AS avg_tempo, SUM(tempo) AS sum_tempo, MIN(tempo) AS min_tempo, MAX(tempo) AS max_tempo FROM data","-- STATS (AVG, SUM, MIN, MAX) FOR COLUMN 'tempo'
SELECT 
    AVG(tempo) AS avg_tempo,
    SUM(tempo) AS sum_tempo, 
    MIN(tempo) AS min_tempo, 
    MAX(tempo) AS max_tempo 
FROM data",MySQLHandler,430.15527725219727,0.7281449094316053,3264.83203125,4.981738328933716,0.0,0.0,0.0016279220581054688,0.0019350051879882812,1,0.000156402587890625,False,64G,2
/* FILTER BY LIKE OPERATOR & 2 CONDITIONS */ SELECT * FROM data WHERE text LIKE '%%love%%' AND tempo < 120,"-- FILTER BY LIKE OPERATOR & 2 CONDITIONS
SELECT * 
FROM data 
WHERE text LIKE '%%love%%'
AND tempo < 120",MySQLHandler,3398.8397121429443,0.6674828232354778,3251.6875,4.961681365966797,0.0,0.0,1.0258769989013672,255.69964408874512,119158,433.5639772415161,False,64G,2
"/* SELF-JOIN ON 'artist' TO FIND DUPLICATE ARTISTS */ SELECT DISTINCT a1.artist_s AS artists, COUNT(*) AS duplicate_count FROM data AS a1 JOIN data AS a2 ON a1.artist_s = a2.artist_s GROUP BY a1.artist_s","-- SELF-JOIN ON 'artist' TO FIND DUPLICATE ARTISTS
SELECT 
    DISTINCT a1.artist_s AS artists, 
    COUNT(*) AS duplicate_count 
FROM data AS a1 
JOIN data AS a2 
ON a1.artist_s = a2.artist_s
GROUP BY a1.artist_s",MySQLHandler,62243.29352378845,0.6083198001249219,3288.69140625,5.018144845962524,0.0,0.0,0.01741313934326172,3.4788217544555664,127197,9.554627418518066,False,64G,2
/* TOP 1000 ROWS */ SELECT * FROM data LIMIT 1000,"-- TOP 1000 ROWS
SELECT * FROM data LIMIT 1000",PostgresHandler,21.13032341003418,0.14705404561074664,2076.78515625,3.1689226627349854,0.0,0.0,0.0213470458984375,2.4446020126342773,1000,3.9677934646606445,False,64G,2
/* COUNT ALL */ SELECT COUNT(*) FROM data,"-- COUNT ALL
SELECT COUNT(*) FROM data",PostgresHandler,43.378591537475586,0.1439650327817671,2079.4453125,3.1729817390441895,0.0,0.0,0.001827239990234375,0.0023717880249023438,1,0.000133514404296875,False,64G,2
"/* DISTINCT VALUES & COUNT OF 'genre' */ SELECT DISTINCT genre, COUNT(genre) AS genre_count FROM data GROUP BY genre ORDER BY genre_count DESC","-- DISTINCT VALUES & COUNT OF 'genre'
SELECT 
    DISTINCT genre,
    COUNT(genre) AS genre_count 
FROM data 
GROUP BY genre 
ORDER BY genre_count DESC",PostgresHandler,65.11950492858887,2.0163097096472056,2079.03125,3.1723499298095703,0.0,0.0,0.0030775070190429688,0.1195974349975586,3097,0.23495960235595703,False,64G,2
"/* DISTINCT VALUES IN COLUMN 'album' */ SELECT DISTINCT album, COUNT(album) AS album_count FROM data GROUP BY album ORDER BY album_count DESC","-- DISTINCT VALUES IN COLUMN 'album'
SELECT 
    DISTINCT album,
    COUNT(album) AS album_count 
FROM data 
GROUP BY album 
ORDER BY album_count DESC",PostgresHandler,518.6364650726318,2.1041273805807057,2079.24609375,3.172677755355835,0.0,0.0,0.045876502990722656,5.453701019287109,154682,11.50865650177002,False,64G,2
"/* STATS (AVG, SUM, MIN, MAX) FOR COLUMN 'tempo' */ SELECT AVG(tempo) AS avg_tempo, SUM(tempo) AS sum_tempo, MIN(tempo) AS min_tempo, MAX(tempo) AS max_tempo FROM data","-- STATS (AVG, SUM, MIN, MAX) FOR COLUMN 'tempo'
SELECT 
    AVG(tempo) AS avg_tempo,
    SUM(tempo) AS sum_tempo, 
    MIN(tempo) AS min_tempo, 
    MAX(tempo) AS max_tempo 
FROM data",PostgresHandler,78.02629470825195,2.0374531835205993,2089.8203125,3.188812732696533,0.0,0.0,0.0019664764404296875,0.0026187896728515625,1,0.000156402587890625,False,64G,2
/* FILTER BY LIKE OPERATOR & 2 CONDITIONS */ SELECT * FROM data WHERE text LIKE '%%love%%' AND tempo < 120,"-- FILTER BY LIKE OPERATOR & 2 CONDITIONS
SELECT * 
FROM data 
WHERE text LIKE '%%love%%'
AND tempo < 120",PostgresHandler,1833.9893817901611,1.8824882775867458,2097.953125,3.2012224197387695,0.0,0.0,2.101530075073242,264.6338424682617,115044,419.287654876709,False,64G,2
"/* SELF-JOIN ON 'artist' TO FIND DUPLICATE ARTISTS */ SELECT DISTINCT a1.artist_s AS artists, COUNT(*) AS duplicate_count FROM data AS a1 JOIN data AS a2 ON a1.artist_s = a2.artist_s GROUP BY a1.artist_s","-- SELF-JOIN ON 'artist' TO FIND DUPLICATE ARTISTS
SELECT 
    DISTINCT a1.artist_s AS artists, 
    COUNT(*) AS duplicate_count 
FROM data AS a1 
JOIN data AS a2 
ON a1.artist_s = a2.artist_s
GROUP BY a1.artist_s",PostgresHandler,1642.8990364074707,2.0167790262172285,2120.140625,3.2350778579711914,0.0,0.0,0.039139747619628906,4.595521926879883,127334,9.563119888305664,False,64G,2
/* TOP 1000 ROWS */ SELECT * FROM data LIMIT 1000,"-- TOP 1000 ROWS
SELECT * FROM data LIMIT 1000",DuckDBHandler,19.315242767333984,0.004501406689590497,100.58984375,0.1534879207611084,0.0,0.0,0.0,0.0,1000,3.920193672180176,False,64G,2
/* COUNT ALL */ SELECT COUNT(*) FROM data,"-- COUNT ALL
SELECT COUNT(*) FROM data",DuckDBHandler,2.157449722290039,0.006495940037476577,100.58984375,0.1534879207611084,0.0,0.0,0.0,0.0,1,0.000133514404296875,False,64G,2
"/* DISTINCT VALUES & COUNT OF 'genre' */ SELECT DISTINCT genre, COUNT(genre) AS genre_count FROM data GROUP BY genre ORDER BY genre_count DESC NULLS FIRST","-- DISTINCT VALUES & COUNT OF 'genre'
SELECT 
    DISTINCT genre,
    COUNT(genre) AS genre_count 
FROM data 
GROUP BY genre 
ORDER BY genre_count DESC",DuckDBHandler,9.785652160644531,0.006196127420362274,100.58984375,0.1534879207611084,0.0,0.0,0.0,0.0,3097,0.23495960235595703,False,64G,2
"/* DISTINCT VALUES IN COLUMN 'album' */ SELECT DISTINCT album, COUNT(album) AS album_count FROM data GROUP BY album ORDER BY album_count DESC NULLS FIRST","-- DISTINCT VALUES IN COLUMN 'album'
SELECT 
    DISTINCT album,
    COUNT(album) AS album_count 
FROM data 
GROUP BY album 
ORDER BY album_count DESC",DuckDBHandler,152.22930908203125,0.004597126795752655,100.58984375,0.1534879207611084,0.0,0.0,0.0,0.0,154682,11.50865650177002,False,64G,2
"/* STATS (AVG, SUM, MIN, MAX) FOR COLUMN 'tempo' */ SELECT AVG(tempo) AS avg_tempo, SUM(tempo) AS sum_tempo, MIN(tempo) AS min_tempo, MAX(tempo) AS max_tempo FROM data","-- STATS (AVG, SUM, MIN, MAX) FOR COLUMN 'tempo'
SELECT 
    AVG(tempo) AS avg_tempo,
    SUM(tempo) AS sum_tempo, 
    MIN(tempo) AS min_tempo, 
    MAX(tempo) AS max_tempo 
FROM data",DuckDBHandler,3.1023025512695312,0.006495940037476577,100.58984375,0.1534879207611084,0.0,0.0,0.0,0.0,1,0.000156402587890625,False,64G,2
/* FILTER BY LIKE OPERATOR & 2 CONDITIONS */ SELECT * FROM data WHERE text LIKE '%%love%%' AND tempo < 120,"-- FILTER BY LIKE OPERATOR & 2 CONDITIONS
SELECT * 
FROM data 
WHERE text LIKE '%%love%%'
AND tempo < 120",DuckDBHandler,1755.5601596832275,0.006404002501563478,100.58984375,0.1534879207611084,0.0,0.0,0.0,0.0,115044,419.287654876709,False,64G,2
"/* SELF-JOIN ON 'artist' TO FIND DUPLICATE ARTISTS */ SELECT DISTINCT a1.artist_s AS artists, COUNT(*) AS duplicate_count FROM data AS a1 JOIN data AS a2 ON a1.artist_s = a2.artist_s GROUP BY a1.artist_s","-- SELF-JOIN ON 'artist' TO FIND DUPLICATE ARTISTS
SELECT 
    DISTINCT a1.artist_s AS artists, 
    COUNT(*) AS duplicate_count 
FROM data AS a1 
JOIN data AS a2 
ON a1.artist_s = a2.artist_s
GROUP BY a1.artist_s",DuckDBHandler,152.09674835205078,0.005001562988433885,100.58984375,0.1534879207611084,0.0,0.0,0.0,0.0,127334,9.563119888305664,False,64G,2
/* TOP 1000 ROWS */ SELECT * FROM data LIMIT 1000,"-- TOP 1000 ROWS
SELECT * FROM data LIMIT 1000",ClickHouseHandler,36.370038986206055,5.256457357075914,1651.0546875,2.5193095207214355,0.0,0.0,0.005791664123535156,2.330841064453125,1000,3.920193672180176,False,64G,2
/* COUNT ALL */ SELECT COUNT(*) FROM data,"-- COUNT ALL
SELECT COUNT(*) FROM data",ClickHouseHandler,14.64390754699707,5.582955326460482,1636.65625,2.4973392486572266,0.0,0.0,0.0025739669799804688,0.004519462585449219,1,0.000133514404296875,False,64G,2
"/* DISTINCT VALUES & COUNT OF 'genre' */ SELECT DISTINCT genre, COUNT(genre) AS genre_count FROM data GROUP BY genre ORDER BY genre_count DESC NULLS FIRST","-- DISTINCT VALUES & COUNT OF 'genre'
SELECT 
    DISTINCT genre,
    COUNT(genre) AS genre_count 
FROM data 
GROUP BY genre 
ORDER BY genre_count DESC",ClickHouseHandler,16.34669303894043,4.617585991244528,1651.96484375,2.520698308944702,0.0,0.0,0.0035009384155273438,0.0826568603515625,3097,0.23495960235595703,False,64G,2
"/* DISTINCT VALUES IN COLUMN 'album' */ SELECT DISTINCT album, COUNT(album) AS album_count FROM data GROUP BY album ORDER BY album_count DESC NULLS FIRST","-- DISTINCT VALUES IN COLUMN 'album'
SELECT 
    DISTINCT album,
    COUNT(album) AS album_count 
FROM data 
GROUP BY album 
ORDER BY album_count DESC",ClickHouseHandler,414.6907329559326,10.014881398252184,1680.6015625,2.564394474029541,0.0,0.0,0.0066471099853515625,3.509554862976074,154682,11.50868034362793,False,64G,2
"/* STATS (AVG, SUM, MIN, MAX) FOR COLUMN 'tempo' */ SELECT AVG(tempo) AS avg_tempo, SUM(tempo) AS sum_tempo, MIN(tempo) AS min_tempo, MAX(tempo) AS max_tempo FROM data","-- STATS (AVG, SUM, MIN, MAX) FOR COLUMN 'tempo'
SELECT 
    AVG(tempo) AS avg_tempo,
    SUM(tempo) AS sum_tempo, 
    MIN(tempo) AS min_tempo, 
    MAX(tempo) AS max_tempo 
FROM data",ClickHouseHandler,5.699396133422852,5.3089409559512655,1654.375,2.5243759155273438,0.0,0.0,0.0031585693359375,0.004658699035644531,1,0.000156402587890625,False,64G,2
/* FILTER BY LIKE OPERATOR & 2 CONDITIONS */ SELECT * FROM data WHERE text LIKE '%%love%%' AND tempo < 120,"-- FILTER BY LIKE OPERATOR & 2 CONDITIONS
SELECT * 
FROM data 
WHERE text LIKE '%%love%%'
AND tempo < 120",ClickHouseHandler,3384.944200515747,7.554817358726194,1679.2578125,2.5623440742492676,0.0,0.0,0.02296733856201172,251.75368118286133,115044,419.28827476501465,False,64G,2
"/* SELF-JOIN ON 'artist' TO FIND DUPLICATE ARTISTS */ SELECT DISTINCT a1.artist_s AS artists, COUNT(*) AS duplicate_count FROM data AS a1 JOIN data AS a2 ON a1.artist_s = a2.artist_s GROUP BY a1.artist_s","-- SELF-JOIN ON 'artist' TO FIND DUPLICATE ARTISTS
SELECT 
    DISTINCT a1.artist_s AS artists, 
    COUNT(*) AS duplicate_count 
FROM data AS a1 
JOIN data AS a2 
ON a1.artist_s = a2.artist_s
GROUP BY a1.artist_s",ClickHouseHandler,509.5968246459961,5.618455767427321,1737.96875,2.6519298553466797,0.0,0.0,0.034338951110839844,3.0347681045532227,127334,9.563119888305664,False,64G,2
/* TOP 1000 ROWS */ SELECT * FROM data LIMIT 1000,"-- TOP 1000 ROWS
SELECT * FROM data LIMIT 1000",MySQLHandler,22.01676368713379,3.092366364488903,2047.234375,99.96261596679688,0.0,0.0,0.010874748229980469,2.2875003814697266,1000,3.920193672180176,False,2G,4
/* COUNT ALL */ SELECT COUNT(*) FROM data,"-- COUNT ALL
SELECT COUNT(*) FROM data",MySQLHandler,175.94504356384277,1.400986575085857,2046.1484375,99.90959167480469,0.0,0.0,0.0014886856079101562,0.0018167495727539062,1,0.000133514404296875,False,2G,4
"/* DISTINCT VALUES & COUNT OF 'genre' */ SELECT DISTINCT genre, COUNT(genre) AS genre_count FROM data GROUP BY genre ORDER BY CASE WHEN genre_count IS NULL THEN 1 ELSE 0 END DESC, genre_count DESC","-- DISTINCT VALUES & COUNT OF 'genre'
SELECT 
    DISTINCT genre,
    COUNT(genre) AS genre_count 
FROM data 
GROUP BY genre 
ORDER BY genre_count DESC",MySQLHandler,1063.3642673492432,0.7021417421167656,2047.72265625,99.98645782470703,0.0,0.0,0.00254058837890625,0.09221267700195312,3097,0.23495960235595703,False,2G,4
"/* DISTINCT VALUES IN COLUMN 'album' */ SELECT DISTINCT album, COUNT(album) AS album_count FROM data GROUP BY album ORDER BY CASE WHEN album_count IS NULL THEN 1 ELSE 0 END DESC, album_count DESC","-- DISTINCT VALUES IN COLUMN 'album'
SELECT 
    DISTINCT album,
    COUNT(album) AS album_count 
FROM data 
GROUP BY album 
ORDER BY album_count DESC",MySQLHandler,1658.1380367279053,0.6096189881324172,2047.13671875,99.95784759521484,0.0,0.0,0.01827526092529297,4.039486885070801,151168,11.28181266784668,False,2G,4
"/* STATS (AVG, SUM, MIN, MAX) FOR COLUMN 'tempo' */ SELECT AVG(tempo) AS avg_tempo, SUM(tempo) AS sum_tempo, MIN(tempo) AS min_tempo, MAX(tempo) AS max_tempo FROM data","-- STATS (AVG, SUM, MIN, MAX) FOR COLUMN 'tempo'
SELECT 
    AVG(tempo) AS avg_tempo,
    SUM(tempo) AS sum_tempo, 
    MIN(tempo) AS min_tempo, 
    MAX(tempo) AS max_tempo 
FROM data",MySQLHandler,458.0862522125244,0.7089138576779026,2047.14453125,99.9582290649414,0.0,0.0,0.0016279220581054688,0.0019350051879882812,1,0.000156402587890625,False,2G,4
/* FILTER BY LIKE OPERATOR & 2 CONDITIONS */ SELECT * FROM data WHERE text LIKE '%%love%%' AND tempo < 120,"-- FILTER BY LIKE OPERATOR & 2 CONDITIONS
SELECT * 
FROM data 
WHERE text LIKE '%%love%%'
AND tempo < 120",MySQLHandler,3474.6012687683105,0.6612734082397004,2034.7265625,99.35188293457031,0.0,0.0,1.0263175964355469,255.69970703125,119158,433.5639772415161,False,2G,4
"/* SELF-JOIN ON 'artist' TO FIND DUPLICATE ARTISTS */ SELECT DISTINCT a1.artist_s AS artists, COUNT(*) AS duplicate_count FROM data AS a1 JOIN data AS a2 ON a1.artist_s = a2.artist_s GROUP BY a1.artist_s","-- SELF-JOIN ON 'artist' TO FIND DUPLICATE ARTISTS
SELECT 
    DISTINCT a1.artist_s AS artists, 
    COUNT(*) AS duplicate_count 
FROM data AS a1 
JOIN data AS a2 
ON a1.artist_s = a2.artist_s
GROUP BY a1.artist_s",MySQLHandler,62197.14546203613,0.5759600374648767,2011.71484375,98.22826385498047,0.0,0.0,0.01731395721435547,3.4786558151245117,127197,9.554627418518066,False,2G,4
/* TOP 1000 ROWS */ SELECT * FROM data LIMIT 1000,"-- TOP 1000 ROWS
SELECT * FROM data LIMIT 1000",PostgresHandler,24.472713470458984,0.13133583021223472,2037.87109375,99.50542449951172,0.0,0.0,0.0213470458984375,2.4446020126342773,1000,3.9677934646606445,False,2G,4
/* COUNT ALL */ SELECT COUNT(*) FROM data,"-- COUNT ALL
SELECT COUNT(*) FROM data",PostgresHandler,46.753644943237305,0.14365510777881912,2040.13671875,99.61605072021484,0.0,0.0,0.001827239990234375,0.0023717880249023438,1,0.000133514404296875,False,2G,4
"/* DISTINCT VALUES & COUNT OF 'genre' */ SELECT DISTINCT genre, COUNT(genre) AS genre_count FROM data GROUP BY genre ORDER BY genre_count DESC","-- DISTINCT VALUES & COUNT OF 'genre'
SELECT 
    DISTINCT genre,
    COUNT(genre) AS genre_count 
FROM data 
GROUP BY genre 
ORDER BY genre_count DESC",PostgresHandler,65.6898021697998,2.2601,2040.03125,99.61090087890625,0.0,0.0,0.0030727386474609375,0.1195974349975586,3097,0.23495960235595703,False,2G,4
"/* DISTINCT VALUES IN COLUMN 'album' */ SELECT DISTINCT album, COUNT(album) AS album_count FROM data GROUP BY album ORDER BY album_count DESC","-- DISTINCT VALUES IN COLUMN 'album'
SELECT 
    DISTINCT album,
    COUNT(album) AS album_count 
FROM data 
GROUP BY album 
ORDER BY album_count DESC",PostgresHandler,437.6518726348877,2.2634779893849517,1992.8359375,97.30644226074219,0.0,0.0,0.04587745666503906,5.453701019287109,154682,11.50865650177002,False,2G,4
"/* STATS (AVG, SUM, MIN, MAX) FOR COLUMN 'tempo' */ SELECT AVG(tempo) AS avg_tempo, SUM(tempo) AS sum_tempo, MIN(tempo) AS min_tempo, MAX(tempo) AS max_tempo FROM data","-- STATS (AVG, SUM, MIN, MAX) FOR COLUMN 'tempo'
SELECT 
    AVG(tempo) AS avg_tempo,
    SUM(tempo) AS sum_tempo, 
    MIN(tempo) AS min_tempo, 
    MAX(tempo) AS max_tempo 
FROM data",PostgresHandler,81.67886734008789,2.270580886945659,2003.90625,97.84698486328125,0.0,0.0,0.0019664764404296875,0.0026187896728515625,1,0.000156402587890625,False,2G,4
/* FILTER BY LIKE OPERATOR & 2 CONDITIONS */ SELECT * FROM data WHERE text LIKE '%%love%%' AND tempo < 120,"-- FILTER BY LIKE OPERATOR & 2 CONDITIONS
SELECT * 
FROM data 
WHERE text LIKE '%%love%%'
AND tempo < 120",PostgresHandler,1589.4992351531982,2.0104,2020.3515625,98.64997863769531,0.0,0.0,2.1014041900634766,264.6334648132324,115044,419.287654876709,False,2G,4
"/* SELF-JOIN ON 'artist' TO FIND DUPLICATE ARTISTS */ SELECT DISTINCT a1.artist_s AS artists, COUNT(*) AS duplicate_count FROM data AS a1 JOIN data AS a2 ON a1.artist_s = a2.artist_s GROUP BY a1.artist_s","-- SELF-JOIN ON 'artist' TO FIND DUPLICATE ARTISTS
SELECT 
    DISTINCT a1.artist_s AS artists, 
    COUNT(*) AS duplicate_count 
FROM data AS a1 
JOIN data AS a2 
ON a1.artist_s = a2.artist_s
GROUP BY a1.artist_s",PostgresHandler,1214.902639389038,2.3913581017795815,1920.75,93.78662109375,0.0,0.0,0.039139747619628906,4.595521926879883,127334,9.563119888305664,False,2G,4
/* TOP 1000 ROWS */ SELECT * FROM data LIMIT 1000,"-- TOP 1000 ROWS
SELECT * FROM data LIMIT 1000",DuckDBHandler,18.596410751342773,0.0024968789013732834,100.57421875,4.910850524902344,0.0,0.0,0.0,0.0,1000,3.920193672180176,False,2G,4
/* COUNT ALL */ SELECT COUNT(*) FROM data,"-- COUNT ALL
SELECT COUNT(*) FROM data",DuckDBHandler,2.1829605102539062,0.0017,100.57421875,4.910850524902344,0.0,0.0,0.0,0.0,1,0.000133514404296875,False,2G,4
"/* DISTINCT VALUES & COUNT OF 'genre' */ SELECT DISTINCT genre, COUNT(genre) AS genre_count FROM data GROUP BY genre ORDER BY genre_count DESC NULLS FIRST","-- DISTINCT VALUES & COUNT OF 'genre'
SELECT 
    DISTINCT genre,
    COUNT(genre) AS genre_count 
FROM data 
GROUP BY genre 
ORDER BY genre_count DESC",DuckDBHandler,9.182214736938477,0.0025007814942169426,100.57421875,4.910850524902344,0.0,0.0,0.0,0.0,3097,0.23495960235595703,False,2G,4
"/* DISTINCT VALUES IN COLUMN 'album' */ SELECT DISTINCT album, COUNT(album) AS album_count FROM data GROUP BY album ORDER BY album_count DESC NULLS FIRST","-- DISTINCT VALUES IN COLUMN 'album'
SELECT 
    DISTINCT album,
    COUNT(album) AS album_count 
FROM data 
GROUP BY album 
ORDER BY album_count DESC",DuckDBHandler,164.3505096435547,0.0029971901342491416,100.57421875,4.910850524902344,0.0,0.0,0.0,0.0,154682,11.50865650177002,False,2G,4
"/* STATS (AVG, SUM, MIN, MAX) FOR COLUMN 'tempo' */ SELECT AVG(tempo) AS avg_tempo, SUM(tempo) AS sum_tempo, MIN(tempo) AS min_tempo, MAX(tempo) AS max_tempo FROM data","-- STATS (AVG, SUM, MIN, MAX) FOR COLUMN 'tempo'
SELECT 
    AVG(tempo) AS avg_tempo,
    SUM(tempo) AS sum_tempo, 
    MIN(tempo) AS min_tempo, 
    MAX(tempo) AS max_tempo 
FROM data",DuckDBHandler,3.0591487884521484,0.0014985950671245708,100.57421875,4.910850524902344,0.0,0.0,0.0,0.0,1,0.000156402587890625,False,2G,4
/* FILTER BY LIKE OPERATOR & 2 CONDITIONS */ SELECT * FROM data WHERE text LIKE '%%love%%' AND tempo < 120,"-- FILTER BY LIKE OPERATOR & 2 CONDITIONS
SELECT * 
FROM data 
WHERE text LIKE '%%love%%'
AND tempo < 120",DuckDBHandler,1763.594388961792,0.0017988757026858213,100.57421875,4.910850524902344,0.0,0.0,0.0,0.0,115044,419.287654876709,False,2G,4
"/* SELF-JOIN ON 'artist' TO FIND DUPLICATE ARTISTS */ SELECT DISTINCT a1.artist_s AS artists, COUNT(*) AS duplicate_count FROM data AS a1 JOIN data AS a2 ON a1.artist_s = a2.artist_s GROUP BY a1.artist_s","-- SELF-JOIN ON 'artist' TO FIND DUPLICATE ARTISTS
SELECT 
    DISTINCT a1.artist_s AS artists, 
    COUNT(*) AS duplicate_count 
FROM data AS a1 
JOIN data AS a2 
ON a1.artist_s = a2.artist_s
GROUP BY a1.artist_s",DuckDBHandler,236.14048957824707,0.0015980024968789011,100.57421875,4.910850524902344,0.0,0.0,0.0,0.0,127334,9.563119888305664,False,2G,4
/* TOP 1000 ROWS */ SELECT * FROM data LIMIT 1000,"-- TOP 1000 ROWS
SELECT * FROM data LIMIT 1000",MySQLHandler,23.740053176879883,2.7928816734311583,3218.859375,78.58543395996094,0.0,0.0,0.010874748229980469,2.2875003814697266,1000,3.920193672180176,False,4G,4
/* COUNT ALL */ SELECT COUNT(*) FROM data,"-- COUNT ALL
SELECT COUNT(*) FROM data",MySQLHandler,140.2297019958496,1.8654829634260708,3220.07421875,78.61509323120117,0.0,0.0,0.0014886856079101562,0.0018167495727539062,1,0.000133514404296875,False,4G,4
"/* DISTINCT VALUES & COUNT OF 'genre' */ SELECT DISTINCT genre, COUNT(genre) AS genre_count FROM data GROUP BY genre ORDER BY CASE WHEN genre_count IS NULL THEN 1 ELSE 0 END DESC, genre_count DESC","-- DISTINCT VALUES & COUNT OF 'genre'
SELECT 
    DISTINCT genre,
    COUNT(genre) AS genre_count 
FROM data 
GROUP BY genre 
ORDER BY genre_count DESC",MySQLHandler,1015.639066696167,0.7185263815173275,3236.390625,79.01344299316406,0.0,0.0,0.0023517608642578125,0.09203433990478516,3097,0.23495960235595703,False,4G,4
"/* DISTINCT VALUES IN COLUMN 'album' */ SELECT DISTINCT album, COUNT(album) AS album_count FROM data GROUP BY album ORDER BY CASE WHEN album_count IS NULL THEN 1 ELSE 0 END DESC, album_count DESC","-- DISTINCT VALUES IN COLUMN 'album'
SELECT 
    DISTINCT album,
    COUNT(album) AS album_count 
FROM data 
GROUP BY album 
ORDER BY album_count DESC",MySQLHandler,1602.1690368652344,1.362048719550281,3265.01171875,79.71220016479492,0.0,0.0,0.018464088439941406,4.039665222167969,151168,11.28181266784668,False,4G,4
"/* STATS (AVG, SUM, MIN, MAX) FOR COLUMN 'tempo' */ SELECT AVG(tempo) AS avg_tempo, SUM(tempo) AS sum_tempo, MIN(tempo) AS min_tempo, MAX(tempo) AS max_tempo FROM data","-- STATS (AVG, SUM, MIN, MAX) FOR COLUMN 'tempo'
SELECT 
    AVG(tempo) AS avg_tempo,
    SUM(tempo) AS sum_tempo, 
    MIN(tempo) AS min_tempo, 
    MAX(tempo) AS max_tempo 
FROM data",MySQLHandler,415.33398628234863,0.665875741492351,3265.0390625,79.7128677368164,0.0,0.0,0.0016279220581054688,0.0019350051879882812,1,0.000156402587890625,False,4G,4
/* FILTER BY LIKE OPERATOR & 2 CONDITIONS */ SELECT * FROM data WHERE text LIKE '%%love%%' AND tempo < 120,"-- FILTER BY LIKE OPERATOR & 2 CONDITIONS
SELECT * 
FROM data 
WHERE text LIKE '%%love%%'
AND tempo < 120",MySQLHandler,3347.4440574645996,0.6901,3251.88671875,79.39176559448242,0.0,0.0,1.0248699188232422,255.69964408874512,119158,433.5639772415161,False,4G,4
"/* SELF-JOIN ON 'artist' TO FIND DUPLICATE ARTISTS */ SELECT DISTINCT a1.artist_s AS artists, COUNT(*) AS duplicate_count FROM data AS a1 JOIN data AS a2 ON a1.artist_s = a2.artist_s GROUP BY a1.artist_s","-- SELF-JOIN ON 'artist' TO FIND DUPLICATE ARTISTS
SELECT 
    DISTINCT a1.artist_s AS artists, 
    COUNT(*) AS duplicate_count 
FROM data AS a1 
JOIN data AS a2 
ON a1.artist_s = a2.artist_s
GROUP BY a1.artist_s",MySQLHandler,62281.039237976074,0.6209238451935081,3288.81640625,80.29336929321289,0.0,0.0,0.01731395721435547,3.4786558151245117,127197,9.554627418518066,False,4G,4
/* TOP 1000 ROWS */ SELECT * FROM data LIMIT 1000,"-- TOP 1000 ROWS
SELECT * FROM data LIMIT 1000",PostgresHandler,3461.3797664642334,0.13574241950609567,2076.83984375,50.704097747802734,0.0,0.0,0.0213470458984375,2.444727897644043,1000,3.9677934646606445,False,4G,4
/* COUNT ALL */ SELECT COUNT(*) FROM data,"-- COUNT ALL
SELECT COUNT(*) FROM data",PostgresHandler,40.909767150878906,0.15560000000000002,2079.16796875,50.76093673706055,0.0,0.0,0.001827239990234375,0.0023717880249023438,1,0.000133514404296875,False,4G,4
"/* DISTINCT VALUES & COUNT OF 'genre' */ SELECT DISTINCT genre, COUNT(genre) AS genre_count FROM data GROUP BY genre ORDER BY genre_count DESC","-- DISTINCT VALUES & COUNT OF 'genre'
SELECT 
    DISTINCT genre,
    COUNT(genre) AS genre_count 
FROM data 
GROUP BY genre 
ORDER BY genre_count DESC",PostgresHandler,64.84222412109375,2.099144017494533,2079.46484375,50.768184661865234,0.0,0.0,0.0032663345336914062,0.1196603775024414,3097,0.23495960235595703,False,4G,4
"/* DISTINCT VALUES IN COLUMN 'album' */ SELECT DISTINCT album, COUNT(album) AS album_count FROM data GROUP BY album ORDER BY album_count DESC","-- DISTINCT VALUES IN COLUMN 'album'
SELECT 
    DISTINCT album,
    COUNT(album) AS album_count 
FROM data 
GROUP BY album 
ORDER BY album_count DESC",PostgresHandler,481.8682670593262,2.179737663960025,2079.21875,50.762176513671875,0.0,0.0,0.045746803283691406,5.453638076782227,154682,11.50865650177002,False,4G,4
"/* STATS (AVG, SUM, MIN, MAX) FOR COLUMN 'tempo' */ SELECT AVG(tempo) AS avg_tempo, SUM(tempo) AS sum_tempo, MIN(tempo) AS min_tempo, MAX(tempo) AS max_tempo FROM data","-- STATS (AVG, SUM, MIN, MAX) FOR COLUMN 'tempo'
SELECT 
    AVG(tempo) AS avg_tempo,
    SUM(tempo) AS sum_tempo, 
    MIN(tempo) AS min_tempo, 
    MAX(tempo) AS max_tempo 
FROM data",PostgresHandler,73.65584373474121,2.307836403371839,2090.00390625,51.02548599243164,0.0,0.0,0.0019664764404296875,0.0026187896728515625,1,0.000156402587890625,False,4G,4
/* FILTER BY LIKE OPERATOR & 2 CONDITIONS */ SELECT * FROM data WHERE text LIKE '%%love%%' AND tempo < 120,"-- FILTER BY LIKE OPERATOR & 2 CONDITIONS
SELECT * 
FROM data 
WHERE text LIKE '%%love%%'
AND tempo < 120",PostgresHandler,1574.251413345337,0.40274828232354776,2082.14453125,50.8336067199707,0.0,0.0,2.101655960083008,264.6338424682617,115044,419.287654876709,False,4G,4
"/* SELF-JOIN ON 'artist' TO FIND DUPLICATE ARTISTS */ SELECT DISTINCT a1.artist_s AS artists, COUNT(*) AS duplicate_count FROM data AS a1 JOIN data AS a2 ON a1.artist_s = a2.artist_s GROUP BY a1.artist_s","-- SELF-JOIN ON 'artist' TO FIND DUPLICATE ARTISTS
SELECT 
    DISTINCT a1.artist_s AS artists, 
    COUNT(*) AS duplicate_count 
FROM data AS a1 
JOIN data AS a2 
ON a1.artist_s = a2.artist_s
GROUP BY a1.artist_s",PostgresHandler,1179.4073581695557,2.1159,2120.046875,51.75895690917969,0.0,0.0,0.03926563262939453,4.595659255981445,127334,9.563119888305664,False,4G,4
/* TOP 1000 ROWS */ SELECT * FROM data LIMIT 1000,"-- TOP 1000 ROWS
SELECT * FROM data LIMIT 1000",DuckDBHandler,19.582271575927734,0.004697064334790756,100.53125,2.454376220703125,0.0,0.0,0.0,0.0,1000,3.920193672180176,False,4G,4
/* COUNT ALL */ SELECT COUNT(*) FROM data,"-- COUNT ALL
SELECT COUNT(*) FROM data",DuckDBHandler,2.25067138671875,0.006296064959400375,100.53125,2.454376220703125,0.0,0.0,0.0,0.0,1,0.000133514404296875,False,4G,4
"/* DISTINCT VALUES & COUNT OF 'genre' */ SELECT DISTINCT genre, COUNT(genre) AS genre_count FROM data GROUP BY genre ORDER BY genre_count DESC NULLS FIRST","-- DISTINCT VALUES & COUNT OF 'genre'
SELECT 
    DISTINCT genre,
    COUNT(genre) AS genre_count 
FROM data 
GROUP BY genre 
ORDER BY genre_count DESC",DuckDBHandler,9.465217590332031,0.00499843798812871,100.53125,2.454376220703125,0.0,0.0,0.0,0.0,3097,0.23495960235595703,False,4G,4
"/* DISTINCT VALUES IN COLUMN 'album' */ SELECT DISTINCT album, COUNT(album) AS album_count FROM data GROUP BY album ORDER BY album_count DESC NULLS FIRST","-- DISTINCT VALUES IN COLUMN 'album'
SELECT 
    DISTINCT album,
    COUNT(album) AS album_count 
FROM data 
GROUP BY album 
ORDER BY album_count DESC",DuckDBHandler,158.73169898986816,0.004295972525757102,100.53125,2.454376220703125,0.0,0.0,0.0,0.0,154682,11.50865650177002,False,4G,4
"/* STATS (AVG, SUM, MIN, MAX) FOR COLUMN 'tempo' */ SELECT AVG(tempo) AS avg_tempo, SUM(tempo) AS sum_tempo, MIN(tempo) AS min_tempo, MAX(tempo) AS max_tempo FROM data","-- STATS (AVG, SUM, MIN, MAX) FOR COLUMN 'tempo'
SELECT 
    AVG(tempo) AS avg_tempo,
    SUM(tempo) AS sum_tempo, 
    MIN(tempo) AS min_tempo, 
    MAX(tempo) AS max_tempo 
FROM data",DuckDBHandler,2.9172897338867188,0.005796377264209869,100.53125,2.454376220703125,0.0,0.0,0.0,0.0,1,0.000156402587890625,False,4G,4
/* FILTER BY LIKE OPERATOR & 2 CONDITIONS */ SELECT * FROM data WHERE text LIKE '%%love%%' AND tempo < 120,"-- FILTER BY LIKE OPERATOR & 2 CONDITIONS
SELECT * 
FROM data 
WHERE text LIKE '%%love%%'
AND tempo < 120",DuckDBHandler,1776.5064239501953,0.005694661255073369,100.53125,2.454376220703125,0.0,0.0,0.0,0.0,115044,419.287654876709,False,4G,4
"/* SELF-JOIN ON 'artist' TO FIND DUPLICATE ARTISTS */ SELECT DISTINCT a1.artist_s AS artists, COUNT(*) AS duplicate_count FROM data AS a1 JOIN data AS a2 ON a1.artist_s = a2.artist_s GROUP BY a1.artist_s","-- SELF-JOIN ON 'artist' TO FIND DUPLICATE ARTISTS
SELECT 
    DISTINCT a1.artist_s AS artists, 
    COUNT(*) AS duplicate_count 
FROM data AS a1 
JOIN data AS a2 
ON a1.artist_s = a2.artist_s
GROUP BY a1.artist_s",DuckDBHandler,222.5809097290039,0.0046,100.53125,2.454376220703125,0.0,0.0,0.0,0.0,127334,9.563119888305664,False,4G,4
/* TOP 1000 ROWS */ SELECT * FROM data LIMIT 1000,"-- TOP 1000 ROWS
SELECT * FROM data LIMIT 1000",ClickHouseHandler,34.76881980895996,5.338873591989988,1670.05859375,40.77291488647461,0.0,0.0,0.005665779113769531,2.330714225769043,1000,3.920193672180176,False,4G,4
/* COUNT ALL */ SELECT COUNT(*) FROM data,"-- COUNT ALL
SELECT COUNT(*) FROM data",ClickHouseHandler,14.640569686889648,6.821373283395755,1645.09375,40.163421630859375,0.0,0.0,0.0025110244750976562,0.0044574737548828125,1,0.000133514404296875,False,4G,4
"/* DISTINCT VALUES & COUNT OF 'genre' */ SELECT DISTINCT genre, COUNT(genre) AS genre_count FROM data GROUP BY genre ORDER BY genre_count DESC NULLS FIRST","-- DISTINCT VALUES & COUNT OF 'genre'
SELECT 
    DISTINCT genre,
    COUNT(genre) AS genre_count 
FROM data 
GROUP BY genre 
ORDER BY genre_count DESC",ClickHouseHandler,16.94798469543457,4.666016260162602,1659.359375,40.51170349121094,0.0,0.0,0.0029973983764648438,0.08253097534179688,3097,0.23495960235595703,False,4G,4
"/* DISTINCT VALUES IN COLUMN 'album' */ SELECT DISTINCT album, COUNT(album) AS album_count FROM data GROUP BY album ORDER BY album_count DESC NULLS FIRST","-- DISTINCT VALUES IN COLUMN 'album'
SELECT 
    DISTINCT album,
    COUNT(album) AS album_count 
FROM data 
GROUP BY album 
ORDER BY album_count DESC",ClickHouseHandler,418.00522804260254,9.593102155576382,1704.96484375,41.625118255615234,0.0,0.0,0.006726264953613281,3.509614944458008,154682,11.50868034362793,False,4G,4
"/* STATS (AVG, SUM, MIN, MAX) FOR COLUMN 'tempo' */ SELECT AVG(tempo) AS avg_tempo, SUM(tempo) AS sum_tempo, MIN(tempo) AS min_tempo, MAX(tempo) AS max_tempo FROM data","-- STATS (AVG, SUM, MIN, MAX) FOR COLUMN 'tempo'
SELECT 
    AVG(tempo) AS avg_tempo,
    SUM(tempo) AS sum_tempo, 
    MIN(tempo) AS min_tempo, 
    MAX(tempo) AS max_tempo 
FROM data",ClickHouseHandler,7.465600967407227,4.4212,1671.40625,40.805816650390625,0.0,0.0,0.0027141571044921875,0.004532814025878906,1,0.000156402587890625,False,4G,4
/* FILTER BY LIKE OPERATOR & 2 CONDITIONS */ SELECT * FROM data WHERE text LIKE '%%love%%' AND tempo < 120,"-- FILTER BY LIKE OPERATOR & 2 CONDITIONS
SELECT * 
FROM data 
WHERE text LIKE '%%love%%'
AND tempo < 120",ClickHouseHandler,3324.5186805725098,5.287509386733417,2508.23828125,61.23628616333008,0.0,0.0,0.02729320526123047,251.81118392944336,115044,419.28827476501465,False,4G,4
"/* SELF-JOIN ON 'artist' TO FIND DUPLICATE ARTISTS */ SELECT DISTINCT a1.artist_s AS artists, COUNT(*) AS duplicate_count FROM data AS a1 JOIN data AS a2 ON a1.artist_s = a2.artist_s GROUP BY a1.artist_s","-- SELF-JOIN ON 'artist' TO FIND DUPLICATE ARTISTS
SELECT 
    DISTINCT a1.artist_s AS artists, 
    COUNT(*) AS duplicate_count 
FROM data AS a1 
JOIN data AS a2 
ON a1.artist_s = a2.artist_s
GROUP BY a1.artist_s",ClickHouseHandler,497.8907108306885,7.352593055989991,1782.4609375,43.517112731933594,0.0,0.0,0.032135963439941406,3.034830093383789,127334,9.563119888305664,False,4G,4
/* TOP 1000 ROWS */ SELECT * FROM data LIMIT 1000,"-- TOP 1000 ROWS
SELECT * FROM data LIMIT 1000",MySQLHandler,22.089481353759766,3.1064707721162863,3218.4609375,39.2878532409668,0.0,0.0,0.010811805725097656,2.2875003814697266,1000,3.920193672180176,False,8G,4
/* COUNT ALL */ SELECT COUNT(*) FROM data,"-- COUNT ALL
SELECT COUNT(*) FROM data",MySQLHandler,176.3896942138672,1.5289444097439102,3219.63671875,39.30220603942871,0.0,0.0,0.0014886856079101562,0.0018167495727539062,1,0.000133514404296875,False,8G,4
"/* DISTINCT VALUES & COUNT OF 'genre' */ SELECT DISTINCT genre, COUNT(genre) AS genre_count FROM data GROUP BY genre ORDER BY CASE WHEN genre_count IS NULL THEN 1 ELSE 0 END DESC, genre_count DESC","-- DISTINCT VALUES & COUNT OF 'genre'
SELECT 
    DISTINCT genre,
    COUNT(genre) AS genre_count 
FROM data 
GROUP BY genre 
ORDER BY genre_count DESC",MySQLHandler,1036.473035812378,0.7335999999999999,3236.21875,39.50462341308594,0.0,0.0,0.002414703369140625,0.09209728240966797,3097,0.23495960235595703,False,8G,4
"/* DISTINCT VALUES IN COLUMN 'album' */ SELECT DISTINCT album, COUNT(album) AS album_count FROM data GROUP BY album ORDER BY CASE WHEN album_count IS NULL THEN 1 ELSE 0 END DESC, album_count DESC","-- DISTINCT VALUES IN COLUMN 'album'
SELECT 
    DISTINCT album,
    COUNT(album) AS album_count 
FROM data 
GROUP BY album 
ORDER BY album_count DESC",MySQLHandler,1619.795560836792,0.6693724633156416,3264.83984375,39.85400199890137,0.0,0.0,0.018464088439941406,4.039665222167969,151168,11.28181266784668,False,8G,4
"/* STATS (AVG, SUM, MIN, MAX) FOR COLUMN 'tempo' */ SELECT AVG(tempo) AS avg_tempo, SUM(tempo) AS sum_tempo, MIN(tempo) AS min_tempo, MAX(tempo) AS max_tempo FROM data","-- STATS (AVG, SUM, MIN, MAX) FOR COLUMN 'tempo'
SELECT 
    AVG(tempo) AS avg_tempo,
    SUM(tempo) AS sum_tempo, 
    MIN(tempo) AS min_tempo, 
    MAX(tempo) AS max_tempo 
FROM data",MySQLHandler,425.4109859466553,0.7512304809494066,3264.8671875,39.85433578491211,0.0,0.0,0.0016279220581054688,0.0019350051879882812,1,0.000156402587890625,False,8G,4
/* FILTER BY LIKE OPERATOR & 2 CONDITIONS */ SELECT * FROM data WHERE text LIKE '%%love%%' AND tempo < 120,"-- FILTER BY LIKE OPERATOR & 2 CONDITIONS
SELECT * 
FROM data 
WHERE text LIKE '%%love%%'
AND tempo < 120",MySQLHandler,3406.7485332489014,0.648697282099344,3251.7265625,39.69392776489258,0.0,0.0,1.0260028839111328,255.69970703125,119158,433.5639772415161,False,8G,4
"/* SELF-JOIN ON 'artist' TO FIND DUPLICATE ARTISTS */ SELECT DISTINCT a1.artist_s AS artists, COUNT(*) AS duplicate_count FROM data AS a1 JOIN data AS a2 ON a1.artist_s = a2.artist_s GROUP BY a1.artist_s","-- SELF-JOIN ON 'artist' TO FIND DUPLICATE ARTISTS
SELECT 
    DISTINCT a1.artist_s AS artists, 
    COUNT(*) AS duplicate_count 
FROM data AS a1 
JOIN data AS a2 
ON a1.artist_s = a2.artist_s
GROUP BY a1.artist_s",MySQLHandler,62159.74545478821,0.5091408934707904,3288.796875,40.146446228027344,0.0,0.0,0.017333984375,3.4786558151245117,127197,9.554627418518066,False,8G,4
/* TOP 1000 ROWS */ SELECT * FROM data LIMIT 1000,"-- TOP 1000 ROWS
SELECT * FROM data LIMIT 1000",PostgresHandler,23.118019104003906,0.1269809553543553,2076.82421875,25.351858139038086,0.0,0.0,0.021221160888671875,2.4446020126342773,1000,3.9677934646606445,False,8G,4
/* COUNT ALL */ SELECT COUNT(*) FROM data,"-- COUNT ALL
SELECT COUNT(*) FROM data",PostgresHandler,47.63174057006836,0.14195563886285537,2078.95703125,25.377893447875977,0.0,0.0,0.0018939971923828125,0.0023717880249023438,1,0.000133514404296875,False,8G,4
"/* DISTINCT VALUES & COUNT OF 'genre' */ SELECT DISTINCT genre, COUNT(genre) AS genre_count FROM data GROUP BY genre ORDER BY genre_count DESC","-- DISTINCT VALUES & COUNT OF 'genre'
SELECT 
    DISTINCT genre,
    COUNT(genre) AS genre_count 
FROM data 
GROUP BY genre 
ORDER BY genre_count DESC",PostgresHandler,67.46816635131836,2.2988,2078.9296875,25.377559661865234,0.0,0.0,0.0032663345336914062,0.1196603775024414,3097,0.23495960235595703,False,8G,4
"/* DISTINCT VALUES IN COLUMN 'album' */ SELECT DISTINCT album, COUNT(album) AS album_count FROM data GROUP BY album ORDER BY album_count DESC","-- DISTINCT VALUES IN COLUMN 'album'
SELECT 
    DISTINCT album,
    COUNT(album) AS album_count 
FROM data 
GROUP BY album 
ORDER BY album_count DESC",PostgresHandler,500.1263618469238,1.9913331251951296,2079.48046875,25.3842830657959,0.0,0.0,0.04580974578857422,5.453701019287109,154682,11.50865650177002,False,8G,4
"/* STATS (AVG, SUM, MIN, MAX) FOR COLUMN 'tempo' */ SELECT AVG(tempo) AS avg_tempo, SUM(tempo) AS sum_tempo, MIN(tempo) AS min_tempo, MAX(tempo) AS max_tempo FROM data","-- STATS (AVG, SUM, MIN, MAX) FOR COLUMN 'tempo'
SELECT 
    AVG(tempo) AS avg_tempo,
    SUM(tempo) AS sum_tempo, 
    MIN(tempo) AS min_tempo, 
    MAX(tempo) AS max_tempo 
FROM data",PostgresHandler,73.92454147338867,2.5334166146158648,2090.078125,25.513648986816406,0.0,0.0,0.0019664764404296875,0.0026187896728515625,1,0.000156402587890625,False,8G,4
/* FILTER BY LIKE OPERATOR & 2 CONDITIONS */ SELECT * FROM data WHERE text LIKE '%%love%%' AND tempo < 120,"-- FILTER BY LIKE OPERATOR & 2 CONDITIONS
SELECT * 
FROM data 
WHERE text LIKE '%%love%%'
AND tempo < 120",PostgresHandler,1597.0022678375244,2.1573258356763514,2098.0390625,25.610828399658203,0.0,0.0,2.0990123748779297,264.6327724456787,115044,419.287654876709,False,8G,4
"/* SELF-JOIN ON 'artist' TO FIND DUPLICATE ARTISTS */ SELECT DISTINCT a1.artist_s AS artists, COUNT(*) AS duplicate_count FROM data AS a1 JOIN data AS a2 ON a1.artist_s = a2.artist_s GROUP BY a1.artist_s","-- SELF-JOIN ON 'artist' TO FIND DUPLICATE ARTISTS
SELECT 
    DISTINCT a1.artist_s AS artists, 
    COUNT(*) AS duplicate_count 
FROM data AS a1 
JOIN data AS a2 
ON a1.artist_s = a2.artist_s
GROUP BY a1.artist_s",PostgresHandler,1178.9875030517578,2.1137788881948785,2120.0078125,25.87900161743164,0.0,0.0,0.03920269012451172,4.5955963134765625,127334,9.563119888305664,False,8G,4
/* TOP 1000 ROWS */ SELECT * FROM data LIMIT 1000,"-- TOP 1000 ROWS
SELECT * FROM data LIMIT 1000",DuckDBHandler,19.202470779418945,0.00549484857945676,100.54296875,1.2273311614990234,0.0,0.0,0.0,0.0,1000,3.920193672180176,False,8G,4
/* COUNT ALL */ SELECT COUNT(*) FROM data,"-- COUNT ALL
SELECT COUNT(*) FROM data",DuckDBHandler,2.2118091583251953,0.006094286606306587,100.54296875,1.2273311614990234,0.0,0.0,0.0,0.0,1,0.000133514404296875,False,8G,4
"/* DISTINCT VALUES & COUNT OF 'genre' */ SELECT DISTINCT genre, COUNT(genre) AS genre_count FROM data GROUP BY genre ORDER BY genre_count DESC NULLS FIRST","-- DISTINCT VALUES & COUNT OF 'genre'
SELECT 
    DISTINCT genre,
    COUNT(genre) AS genre_count 
FROM data 
GROUP BY genre 
ORDER BY genre_count DESC",DuckDBHandler,9.329795837402344,0.004895410552606931,100.54296875,1.2273311614990234,0.0,0.0,0.0,0.0,3097,0.23495960235595703,False,8G,4
"/* DISTINCT VALUES IN COLUMN 'album' */ SELECT DISTINCT album, COUNT(album) AS album_count FROM data GROUP BY album ORDER BY album_count DESC NULLS FIRST","-- DISTINCT VALUES IN COLUMN 'album'
SELECT 
    DISTINCT album,
    COUNT(album) AS album_count 
FROM data 
GROUP BY album 
ORDER BY album_count DESC",DuckDBHandler,160.32648086547852,0.005096814490943161,100.54296875,1.2273311614990234,0.0,0.0,0.0,0.0,154682,11.50865650177002,False,8G,4
"/* STATS (AVG, SUM, MIN, MAX) FOR COLUMN 'tempo' */ SELECT AVG(tempo) AS avg_tempo, SUM(tempo) AS sum_tempo, MIN(tempo) AS min_tempo, MAX(tempo) AS max_tempo FROM data","-- STATS (AVG, SUM, MIN, MAX) FOR COLUMN 'tempo'
SELECT 
    AVG(tempo) AS avg_tempo,
    SUM(tempo) AS sum_tempo, 
    MIN(tempo) AS min_tempo, 
    MAX(tempo) AS max_tempo 
FROM data",DuckDBHandler,2.780914306640625,0.006290171606864275,100.54296875,1.2273311614990234,0.0,0.0,0.0,0.0,1,0.000156402587890625,False,8G,4
/* FILTER BY LIKE OPERATOR & 2 CONDITIONS */ SELECT * FROM data WHERE text LIKE '%%love%%' AND tempo < 120,"-- FILTER BY LIKE OPERATOR & 2 CONDITIONS
SELECT * 
FROM data 
WHERE text LIKE '%%love%%'
AND tempo < 120",DuckDBHandler,1786.9982719421387,0.0046,100.54296875,1.2273311614990234,0.0,0.0,0.0,0.0,115044,419.287654876709,False,8G,4
"/* SELF-JOIN ON 'artist' TO FIND DUPLICATE ARTISTS */ SELECT DISTINCT a1.artist_s AS artists, COUNT(*) AS duplicate_count FROM data AS a1 JOIN data AS a2 ON a1.artist_s = a2.artist_s GROUP BY a1.artist_s","-- SELF-JOIN ON 'artist' TO FIND DUPLICATE ARTISTS
SELECT 
    DISTINCT a1.artist_s AS artists, 
    COUNT(*) AS duplicate_count 
FROM data AS a1 
JOIN data AS a2 
ON a1.artist_s = a2.artist_s
GROUP BY a1.artist_s",DuckDBHandler,227.44464874267578,0.0042973141786383515,100.54296875,1.2273311614990234,0.0,0.0,0.0,0.0,127334,9.563119888305664,False,8G,4
/* TOP 1000 ROWS */ SELECT * FROM data LIMIT 1000,"-- TOP 1000 ROWS
SELECT * FROM data LIMIT 1000",ClickHouseHandler,34.89112854003906,5.659694036840461,1655.8984375,20.213603973388672,0.0,0.0,0.005917549133300781,2.330714225769043,1000,3.920193672180176,False,8G,4
/* COUNT ALL */ SELECT COUNT(*) FROM data,"-- COUNT ALL
SELECT COUNT(*) FROM data",ClickHouseHandler,13.31186294555664,4.841138567406944,1630.08984375,19.898557662963867,0.0,0.0,0.0028257369995117188,0.004582405090332031,1,0.000133514404296875,False,8G,4
"/* DISTINCT VALUES & COUNT OF 'genre' */ SELECT DISTINCT genre, COUNT(genre) AS genre_count FROM data GROUP BY genre ORDER BY genre_count DESC NULLS FIRST","-- DISTINCT VALUES & COUNT OF 'genre'
SELECT 
    DISTINCT genre,
    COUNT(genre) AS genre_count 
FROM data 
GROUP BY genre 
ORDER BY genre_count DESC",ClickHouseHandler,16.361474990844727,4.337566468564279,1648.37890625,20.12181282043457,0.0,0.0,0.0033121109008789062,0.0826568603515625,3097,0.23495960235595703,False,8G,4
"/* DISTINCT VALUES IN COLUMN 'album' */ SELECT DISTINCT album, COUNT(album) AS album_count FROM data GROUP BY album ORDER BY album_count DESC NULLS FIRST","-- DISTINCT VALUES IN COLUMN 'album'
SELECT 
    DISTINCT album,
    COUNT(album) AS album_count 
FROM data 
GROUP BY album 
ORDER BY album_count DESC",ClickHouseHandler,429.83555793762207,9.056490459806069,1705.94921875,20.824575424194336,0.0,0.0,0.00621795654296875,3.5094261169433594,154682,11.50868034362793,False,8G,4
"/* STATS (AVG, SUM, MIN, MAX) FOR COLUMN 'tempo' */ SELECT AVG(tempo) AS avg_tempo, SUM(tempo) AS sum_tempo, MIN(tempo) AS min_tempo, MAX(tempo) AS max_tempo FROM data","-- STATS (AVG, SUM, MIN, MAX) FOR COLUMN 'tempo'
SELECT 
    AVG(tempo) AS avg_tempo,
    SUM(tempo) AS sum_tempo, 
    MIN(tempo) AS min_tempo, 
    MAX(tempo) AS max_tempo 
FROM data",ClickHouseHandler,6.048917770385742,6.132734082397004,1655.59765625,20.209932327270508,0.0,0.0,0.002651214599609375,0.004532814025878906,1,0.000156402587890625,False,8G,4
/* FILTER BY LIKE OPERATOR & 2 CONDITIONS */ SELECT * FROM data WHERE text LIKE '%%love%%' AND tempo < 120,"-- FILTER BY LIKE OPERATOR & 2 CONDITIONS
SELECT * 
FROM data 
WHERE text LIKE '%%love%%'
AND tempo < 120",ClickHouseHandler,3391.291379928589,6.579687695190506,2026.24609375,24.73444938659668,0.0,0.0,0.02353191375732422,251.74416255950928,115044,419.28827476501465,False,8G,4
"/* SELF-JOIN ON 'artist' TO FIND DUPLICATE ARTISTS */ SELECT DISTINCT a1.artist_s AS artists, COUNT(*) AS duplicate_count FROM data AS a1 JOIN data AS a2 ON a1.artist_s = a2.artist_s GROUP BY a1.artist_s","-- SELF-JOIN ON 'artist' TO FIND DUPLICATE ARTISTS
SELECT 
    DISTINCT a1.artist_s AS artists, 
    COUNT(*) AS duplicate_count 
FROM data AS a1 
JOIN data AS a2 
ON a1.artist_s = a2.artist_s
GROUP BY a1.artist_s",ClickHouseHandler,521.9018459320068,5.744495154735855,1746.53125,21.319961547851562,0.0,0.0,0.033394813537597656,3.034390449523926,127334,9.563119888305664,False,8G,4
/* TOP 1000 ROWS */ SELECT * FROM data LIMIT 1000,"-- TOP 1000 ROWS
SELECT * FROM data LIMIT 1000",MySQLHandler,24.099111557006836,2.6132166301969364,3218.6484375,19.645071029663086,0.0,0.0,0.010874748229980469,2.2875003814697266,1000,3.920193672180176,False,16G,4
/* COUNT ALL */ SELECT COUNT(*) FROM data,"-- COUNT ALL
SELECT COUNT(*) FROM data",MySQLHandler,163.3296012878418,1.08788011239463,3220.625,19.657135009765625,0.0,0.0,0.0014886856079101562,0.0018167495727539062,1,0.000133514404296875,False,16G,4
"/* DISTINCT VALUES & COUNT OF 'genre' */ SELECT DISTINCT genre, COUNT(genre) AS genre_count FROM data GROUP BY genre ORDER BY CASE WHEN genre_count IS NULL THEN 1 ELSE 0 END DESC, genre_count DESC","-- DISTINCT VALUES & COUNT OF 'genre'
SELECT 
    DISTINCT genre,
    COUNT(genre) AS genre_count 
FROM data 
GROUP BY genre 
ORDER BY genre_count DESC",MySQLHandler,1031.6588878631592,0.7100562148657089,3236.39453125,19.753384590148926,0.0,0.0,0.002414703369140625,0.09209728240966797,3097,0.23495960235595703,False,16G,4
"/* DISTINCT VALUES IN COLUMN 'album' */ SELECT DISTINCT album, COUNT(album) AS album_count FROM data GROUP BY album ORDER BY CASE WHEN album_count IS NULL THEN 1 ELSE 0 END DESC, album_count DESC","-- DISTINCT VALUES IN COLUMN 'album'
SELECT 
    DISTINCT album,
    COUNT(album) AS album_count 
FROM data 
GROUP BY album 
ORDER BY album_count DESC",MySQLHandler,1609.4346046447754,1.5455999999999999,3264.99609375,19.92795467376709,0.0,0.0,0.018464088439941406,4.039665222167969,151168,11.28181266784668,False,16G,4
"/* STATS (AVG, SUM, MIN, MAX) FOR COLUMN 'tempo' */ SELECT AVG(tempo) AS avg_tempo, SUM(tempo) AS sum_tempo, MIN(tempo) AS min_tempo, MAX(tempo) AS max_tempo FROM data","-- STATS (AVG, SUM, MIN, MAX) FOR COLUMN 'tempo'
SELECT 
    AVG(tempo) AS avg_tempo,
    SUM(tempo) AS sum_tempo, 
    MIN(tempo) AS min_tempo, 
    MAX(tempo) AS max_tempo 
FROM data",MySQLHandler,425.28772354125977,0.6679650436953808,3265.00390625,19.92800235748291,0.0,0.0,0.0016279220581054688,0.0019350051879882812,1,0.000156402587890625,False,16G,4
/* FILTER BY LIKE OPERATOR & 2 CONDITIONS */ SELECT * FROM data WHERE text LIKE '%%love%%' AND tempo < 120,"-- FILTER BY LIKE OPERATOR & 2 CONDITIONS
SELECT * 
FROM data 
WHERE text LIKE '%%love%%'
AND tempo < 120",MySQLHandler,3411.9582176208496,0.6627786450202935,3252.16796875,19.849658012390137,0.0,0.0,1.0254364013671875,255.69976997375488,119158,433.5639772415161,False,16G,4
"/* SELF-JOIN ON 'artist' TO FIND DUPLICATE ARTISTS */ SELECT DISTINCT a1.artist_s AS artists, COUNT(*) AS duplicate_count FROM data AS a1 JOIN data AS a2 ON a1.artist_s = a2.artist_s GROUP BY a1.artist_s","-- SELF-JOIN ON 'artist' TO FIND DUPLICATE ARTISTS
SELECT 
    DISTINCT a1.artist_s AS artists, 
    COUNT(*) AS duplicate_count 
FROM data AS a1 
JOIN data AS a2 
ON a1.artist_s = a2.artist_s
GROUP BY a1.artist_s",MySQLHandler,62211.07196807861,0.6380006248047485,3280.6015625,20.023202896118164,0.0,0.0,0.017053604125976562,3.4786558151245117,127197,9.554627418518066,False,16G,4
/* TOP 1000 ROWS */ SELECT * FROM data LIMIT 1000,"-- TOP 1000 ROWS
SELECT * FROM data LIMIT 1000",PostgresHandler,20.412683486938477,0.14775382692908465,2076.8125,12.675857543945312,0.0,0.0,0.02154064178466797,2.4446020126342773,1000,3.9677934646606445,False,16G,4
/* COUNT ALL */ SELECT COUNT(*) FROM data,"-- COUNT ALL
SELECT COUNT(*) FROM data",PostgresHandler,42.623281478881836,0.1503,2078.98046875,12.68908977508545,0.0,0.0,0.001827239990234375,0.0023717880249023438,1,0.000133514404296875,False,16G,4
"/* DISTINCT VALUES & COUNT OF 'genre' */ SELECT DISTINCT genre, COUNT(genre) AS genre_count FROM data GROUP BY genre ORDER BY genre_count DESC","-- DISTINCT VALUES & COUNT OF 'genre'
SELECT 
    DISTINCT genre,
    COUNT(genre) AS genre_count 
FROM data 
GROUP BY genre 
ORDER BY genre_count DESC",PostgresHandler,65.63735008239746,0.11173016864459713,2079.625,12.693023681640625,0.0,0.0,0.0028839111328125,0.11953449249267578,3097,0.23495960235595703,False,16G,4
"/* DISTINCT VALUES IN COLUMN 'album' */ SELECT DISTINCT album, COUNT(album) AS album_count FROM data GROUP BY album ORDER BY album_count DESC","-- DISTINCT VALUES IN COLUMN 'album'
SELECT 
    DISTINCT album,
    COUNT(album) AS album_count 
FROM data 
GROUP BY album 
ORDER BY album_count DESC",PostgresHandler,498.701810836792,0.019481735872619418,2082.12890625,12.708306312561035,0.0,0.0,0.045940399169921875,5.453701019287109,154682,11.50865650177002,False,16G,4
"/* STATS (AVG, SUM, MIN, MAX) FOR COLUMN 'tempo' */ SELECT AVG(tempo) AS avg_tempo, SUM(tempo) AS sum_tempo, MIN(tempo) AS min_tempo, MAX(tempo) AS max_tempo FROM data","-- STATS (AVG, SUM, MIN, MAX) FOR COLUMN 'tempo'
SELECT 
    AVG(tempo) AS avg_tempo,
    SUM(tempo) AS sum_tempo, 
    MIN(tempo) AS min_tempo, 
    MAX(tempo) AS max_tempo 
FROM data",PostgresHandler,74.97096061706543,2.0526342072409487,2094.4609375,12.783575057983398,0.0,0.0,0.0019664764404296875,0.0026187896728515625,1,0.000156402587890625,False,16G,4
/* FILTER BY LIKE OPERATOR & 2 CONDITIONS */ SELECT * FROM data WHERE text LIKE '%%love%%' AND tempo < 120,"-- FILTER BY LIKE OPERATOR & 2 CONDITIONS
SELECT * 
FROM data 
WHERE text LIKE '%%love%%'
AND tempo < 120",PostgresHandler,1598.1216430664062,2.1653699656571965,2086.03515625,12.732148170471191,0.0,0.0,2.099515914916992,264.63333892822266,115044,419.287654876709,False,16G,4
"/* SELF-JOIN ON 'artist' TO FIND DUPLICATE ARTISTS */ SELECT DISTINCT a1.artist_s AS artists, COUNT(*) AS duplicate_count FROM data AS a1 JOIN data AS a2 ON a1.artist_s = a2.artist_s GROUP BY a1.artist_s","-- SELF-JOIN ON 'artist' TO FIND DUPLICATE ARTISTS
SELECT 
    DISTINCT a1.artist_s AS artists, 
    COUNT(*) AS duplicate_count 
FROM data AS a1 
JOIN data AS a2 
ON a1.artist_s = a2.artist_s
GROUP BY a1.artist_s",PostgresHandler,1188.3447170257568,2.014681647940075,2104.51953125,12.84496784210205,0.0,0.0,0.03920269012451172,4.5955963134765625,127334,9.563119888305664,False,16G,4
/* TOP 1000 ROWS */ SELECT * FROM data LIMIT 1000,"-- TOP 1000 ROWS
SELECT * FROM data LIMIT 1000",DuckDBHandler,19.85907554626465,0.002199312714776632,100.53515625,0.6136178970336914,0.0,0.0,0.0,0.0,1000,3.920193672180176,False,16G,4
/* COUNT ALL */ SELECT COUNT(*) FROM data,"-- COUNT ALL
SELECT COUNT(*) FROM data",DuckDBHandler,2.2318363189697266,0.003195007800312013,100.53515625,0.6136178970336914,0.0,0.0,0.0,0.0,1,0.000133514404296875,False,16G,4
"/* DISTINCT VALUES & COUNT OF 'genre' */ SELECT DISTINCT genre, COUNT(genre) AS genre_count FROM data GROUP BY genre ORDER BY genre_count DESC NULLS FIRST","-- DISTINCT VALUES & COUNT OF 'genre'
SELECT 
    DISTINCT genre,
    COUNT(genre) AS genre_count 
FROM data 
GROUP BY genre 
ORDER BY genre_count DESC",DuckDBHandler,9.205102920532227,0.003296909147674055,100.53515625,0.6136178970336914,0.0,0.0,0.0,0.0,3097,0.23495960235595703,False,16G,4
"/* DISTINCT VALUES IN COLUMN 'album' */ SELECT DISTINCT album, COUNT(album) AS album_count FROM data GROUP BY album ORDER BY album_count DESC NULLS FIRST","-- DISTINCT VALUES IN COLUMN 'album'
SELECT 
    DISTINCT album,
    COUNT(album) AS album_count 
FROM data 
GROUP BY album 
ORDER BY album_count DESC",DuckDBHandler,164.534330368042,0.0030009377930603313,100.53515625,0.6136178970336914,0.0,0.0,0.0,0.0,154682,11.50865650177002,False,16G,4
"/* STATS (AVG, SUM, MIN, MAX) FOR COLUMN 'tempo' */ SELECT AVG(tempo) AS avg_tempo, SUM(tempo) AS sum_tempo, MIN(tempo) AS min_tempo, MAX(tempo) AS max_tempo FROM data","-- STATS (AVG, SUM, MIN, MAX) FOR COLUMN 'tempo'
SELECT 
    AVG(tempo) AS avg_tempo,
    SUM(tempo) AS sum_tempo, 
    MIN(tempo) AS min_tempo, 
    MAX(tempo) AS max_tempo 
FROM data",DuckDBHandler,2.808094024658203,0.003496721823290665,100.53515625,0.6136178970336914,0.0,0.0,0.0,0.0,1,0.000156402587890625,False,16G,4
/* FILTER BY LIKE OPERATOR & 2 CONDITIONS */ SELECT * FROM data WHERE text LIKE '%%love%%' AND tempo < 120,"-- FILTER BY LIKE OPERATOR & 2 CONDITIONS
SELECT * 
FROM data 
WHERE text LIKE '%%love%%'
AND tempo < 120",DuckDBHandler,1778.820276260376,0.005496564647095565,100.53515625,0.6136178970336914,0.0,0.0,0.0,0.0,115044,419.287654876709,False,16G,4
"/* SELF-JOIN ON 'artist' TO FIND DUPLICATE ARTISTS */ SELECT DISTINCT a1.artist_s AS artists, COUNT(*) AS duplicate_count FROM data AS a1 JOIN data AS a2 ON a1.artist_s = a2.artist_s GROUP BY a1.artist_s","-- SELF-JOIN ON 'artist' TO FIND DUPLICATE ARTISTS
SELECT 
    DISTINCT a1.artist_s AS artists, 
    COUNT(*) AS duplicate_count 
FROM data AS a1 
JOIN data AS a2 
ON a1.artist_s = a2.artist_s
GROUP BY a1.artist_s",DuckDBHandler,153.8541316986084,0.005,100.53515625,0.6136178970336914,0.0,0.0,0.0,0.0,127334,9.563119888305664,False,16G,4
/* TOP 1000 ROWS */ SELECT * FROM data LIMIT 1000,"-- TOP 1000 ROWS
SELECT * FROM data LIMIT 1000",ClickHouseHandler,35.27188301086426,5.615635341867,1661.88671875,10.143351554870605,0.0,0.0,0.005539894104003906,2.330714225769043,1000,3.920193672180176,False,16G,4
/* COUNT ALL */ SELECT COUNT(*) FROM data,"-- COUNT ALL
SELECT COUNT(*) FROM data",ClickHouseHandler,7.381677627563477,10.412061307475758,1665.51953125,10.16552448272705,0.0,0.0,0.0026369094848632812,0.0045185089111328125,1,0.000133514404296875,False,16G,4
"/* DISTINCT VALUES & COUNT OF 'genre' */ SELECT DISTINCT genre, COUNT(genre) AS genre_count FROM data GROUP BY genre ORDER BY genre_count DESC NULLS FIRST","-- DISTINCT VALUES & COUNT OF 'genre'
SELECT 
    DISTINCT genre,
    COUNT(genre) AS genre_count 
FROM data 
GROUP BY genre 
ORDER BY genre_count DESC",ClickHouseHandler,17.209291458129883,5.258973717146433,1664.1171875,10.156965255737305,0.0,0.0,0.0035009384155273438,0.08271980285644531,3097,0.23495960235595703,False,16G,4
"/* DISTINCT VALUES IN COLUMN 'album' */ SELECT DISTINCT album, COUNT(album) AS album_count FROM data GROUP BY album ORDER BY album_count DESC NULLS FIRST","-- DISTINCT VALUES IN COLUMN 'album'
SELECT 
    DISTINCT album,
    COUNT(album) AS album_count 
FROM data 
GROUP BY album 
ORDER BY album_count DESC",ClickHouseHandler,448.08459281921387,9.334016880275085,1712.21875,10.450553894042969,0.0,0.0,0.0065212249755859375,3.50948429107666,154682,11.50868034362793,False,16G,4
"/* STATS (AVG, SUM, MIN, MAX) FOR COLUMN 'tempo' */ SELECT AVG(tempo) AS avg_tempo, SUM(tempo) AS sum_tempo, MIN(tempo) AS min_tempo, MAX(tempo) AS max_tempo FROM data","-- STATS (AVG, SUM, MIN, MAX) FOR COLUMN 'tempo'
SELECT 
    AVG(tempo) AS avg_tempo,
    SUM(tempo) AS sum_tempo, 
    MIN(tempo) AS min_tempo, 
    MAX(tempo) AS max_tempo 
FROM data",ClickHouseHandler,6.684541702270508,4.640550171928727,1679.265625,10.24942398071289,0.0,0.0,0.0028438568115234375,0.004658699035644531,1,0.000156402587890625,False,16G,4
/* FILTER BY LIKE OPERATOR & 2 CONDITIONS */ SELECT * FROM data WHERE text LIKE '%%love%%' AND tempo < 120,"-- FILTER BY LIKE OPERATOR & 2 CONDITIONS
SELECT * 
FROM data 
WHERE text LIKE '%%love%%'
AND tempo < 120",ClickHouseHandler,3455.0254344940186,7.629884338855892,1691.49609375,10.32407283782959,0.0,0.0,0.024346351623535156,251.74679946899414,115044,419.28827476501465,False,16G,4
"/* SELF-JOIN ON 'artist' TO FIND DUPLICATE ARTISTS */ SELECT DISTINCT a1.artist_s AS artists, COUNT(*) AS duplicate_count FROM data AS a1 JOIN data AS a2 ON a1.artist_s = a2.artist_s GROUP BY a1.artist_s","-- SELF-JOIN ON 'artist' TO FIND DUPLICATE ARTISTS
SELECT 
    DISTINCT a1.artist_s AS artists, 
    COUNT(*) AS duplicate_count 
FROM data AS a1 
JOIN data AS a2 
ON a1.artist_s = a2.artist_s
GROUP BY a1.artist_s",ClickHouseHandler,503.5099983215332,8.947112082422729,1762.34375,10.756492614746094,0.0,0.0,0.03114032745361328,3.033445358276367,127334,9.563119888305664,False,16G,4
/* TOP 1000 ROWS */ SELECT * FROM data LIMIT 1000,"-- TOP 1000 ROWS
SELECT * FROM data LIMIT 1000",MySQLHandler,23.638010025024414,0.8473408239700374,3218.46875,9.82198715209961,0.0,0.0,0.010874748229980469,2.2875003814697266,1000,3.920193672180176,False,32G,4
/* COUNT ALL */ SELECT COUNT(*) FROM data,"-- COUNT ALL
SELECT COUNT(*) FROM data",MySQLHandler,169.5570945739746,2.095054704595186,3219.68359375,9.825694561004639,0.0,0.0,0.0014886856079101562,0.0018167495727539062,1,0.000133514404296875,False,32G,4
"/* DISTINCT VALUES & COUNT OF 'genre' */ SELECT DISTINCT genre, COUNT(genre) AS genre_count FROM data GROUP BY genre ORDER BY CASE WHEN genre_count IS NULL THEN 1 ELSE 0 END DESC, genre_count DESC","-- DISTINCT VALUES & COUNT OF 'genre'
SELECT 
    DISTINCT genre,
    COUNT(genre) AS genre_count 
FROM data 
GROUP BY genre 
ORDER BY genre_count DESC",MySQLHandler,1045.6504821777344,1.245143570536829,3235.92578125,9.875261783599854,0.0,0.0,0.0026035308837890625,0.09227561950683594,3097,0.23495960235595703,False,32G,4
"/* DISTINCT VALUES IN COLUMN 'album' */ SELECT DISTINCT album, COUNT(album) AS album_count FROM data GROUP BY album ORDER BY CASE WHEN album_count IS NULL THEN 1 ELSE 0 END DESC, album_count DESC","-- DISTINCT VALUES IN COLUMN 'album'
SELECT 
    DISTINCT album,
    COUNT(album) AS album_count 
FROM data 
GROUP BY album 
ORDER BY album_count DESC",MySQLHandler,1610.3808879852295,1.4695223228223542,3265.15234375,9.964454174041748,0.0,0.0,0.01827526092529297,4.039486885070801,151168,11.28181266784668,False,32G,4
"/* STATS (AVG, SUM, MIN, MAX) FOR COLUMN 'tempo' */ SELECT AVG(tempo) AS avg_tempo, SUM(tempo) AS sum_tempo, MIN(tempo) AS min_tempo, MAX(tempo) AS max_tempo FROM data","-- STATS (AVG, SUM, MIN, MAX) FOR COLUMN 'tempo'
SELECT 
    AVG(tempo) AS avg_tempo,
    SUM(tempo) AS sum_tempo, 
    MIN(tempo) AS min_tempo, 
    MAX(tempo) AS max_tempo 
FROM data",MySQLHandler,420.4375743865967,0.6889846922836613,3264.87890625,9.963619709014893,0.0,0.0,0.0016279220581054688,0.0019350051879882812,1,0.000156402587890625,False,32G,4
/* FILTER BY LIKE OPERATOR & 2 CONDITIONS */ SELECT * FROM data WHERE text LIKE '%%love%%' AND tempo < 120,"-- FILTER BY LIKE OPERATOR & 2 CONDITIONS
SELECT * 
FROM data 
WHERE text LIKE '%%love%%'
AND tempo < 120",MySQLHandler,3363.448143005371,0.7090784129959388,3251.73046875,9.9234938621521,0.0,0.0,1.0164470672607422,255.69668006896973,119158,433.5639772415161,False,32G,4
"/* SELF-JOIN ON 'artist' TO FIND DUPLICATE ARTISTS */ SELECT DISTINCT a1.artist_s AS artists, COUNT(*) AS duplicate_count FROM data AS a1 JOIN data AS a2 ON a1.artist_s = a2.artist_s GROUP BY a1.artist_s","-- SELF-JOIN ON 'artist' TO FIND DUPLICATE ARTISTS
SELECT 
    DISTINCT a1.artist_s AS artists, 
    COUNT(*) AS duplicate_count 
FROM data AS a1 
JOIN data AS a2 
ON a1.artist_s = a2.artist_s
GROUP BY a1.artist_s",MySQLHandler,62289.480447769165,0.7116776007497657,3289.1953125,10.037827491760254,0.0,0.0,0.01735401153564453,3.478695869445801,127197,9.554627418518066,False,32G,4
/* TOP 1000 ROWS */ SELECT * FROM data LIMIT 1000,"-- TOP 1000 ROWS
SELECT * FROM data LIMIT 1000",PostgresHandler,21.793127059936523,0.12921923797626483,2076.96484375,6.338393688201904,0.0,0.0,0.0213470458984375,2.4446020126342773,1000,3.9677934646606445,False,32G,4
/* COUNT ALL */ SELECT COUNT(*) FROM data,"-- COUNT ALL
SELECT COUNT(*) FROM data",PostgresHandler,42.6182746887207,0.1568509840674789,2079.0625,6.344795227050781,0.0,0.0,0.001827239990234375,0.0023717880249023438,1,0.000133514404296875,False,32G,4
"/* DISTINCT VALUES & COUNT OF 'genre' */ SELECT DISTINCT genre, COUNT(genre) AS genre_count FROM data GROUP BY genre ORDER BY genre_count DESC","-- DISTINCT VALUES & COUNT OF 'genre'
SELECT 
    DISTINCT genre,
    COUNT(genre) AS genre_count 
FROM data 
GROUP BY genre 
ORDER BY genre_count DESC",PostgresHandler,66.8950080871582,2.148357276702061,2081.15625,6.351184844970703,0.0,0.0,0.0030727386474609375,0.1195974349975586,3097,0.23495960235595703,False,32G,4
"/* DISTINCT VALUES IN COLUMN 'album' */ SELECT DISTINCT album, COUNT(album) AS album_count FROM data GROUP BY album ORDER BY album_count DESC","-- DISTINCT VALUES IN COLUMN 'album'
SELECT 
    DISTINCT album,
    COUNT(album) AS album_count 
FROM data 
GROUP BY album 
ORDER BY album_count DESC",PostgresHandler,500.5807876586914,1.9627,2084.09765625,6.360161304473877,0.0,0.0,0.046070098876953125,5.453763961791992,154682,11.50865650177002,False,32G,4
"/* STATS (AVG, SUM, MIN, MAX) FOR COLUMN 'tempo' */ SELECT AVG(tempo) AS avg_tempo, SUM(tempo) AS sum_tempo, MIN(tempo) AS min_tempo, MAX(tempo) AS max_tempo FROM data","-- STATS (AVG, SUM, MIN, MAX) FOR COLUMN 'tempo'
SELECT 
    AVG(tempo) AS avg_tempo,
    SUM(tempo) AS sum_tempo, 
    MIN(tempo) AS min_tempo, 
    MAX(tempo) AS max_tempo 
FROM data",PostgresHandler,75.32143592834473,1.9456759288167345,2095.3125,6.394386291503906,0.0,0.0,0.0019664764404296875,0.0026187896728515625,1,0.000156402587890625,False,32G,4
/* FILTER BY LIKE OPERATOR & 2 CONDITIONS */ SELECT * FROM data WHERE text LIKE '%%love%%' AND tempo < 120,"-- FILTER BY LIKE OPERATOR & 2 CONDITIONS
SELECT * 
FROM data 
WHERE text LIKE '%%love%%'
AND tempo < 120",PostgresHandler,1592.442274093628,2.5232344676865437,2103.3359375,6.418871879577637,0.0,0.0,2.1014671325683594,264.633150100708,115044,419.287654876709,False,32G,4
"/* SELF-JOIN ON 'artist' TO FIND DUPLICATE ARTISTS */ SELECT DISTINCT a1.artist_s AS artists, COUNT(*) AS duplicate_count FROM data AS a1 JOIN data AS a2 ON a1.artist_s = a2.artist_s GROUP BY a1.artist_s","-- SELF-JOIN ON 'artist' TO FIND DUPLICATE ARTISTS
SELECT 
    DISTINCT a1.artist_s AS artists, 
    COUNT(*) AS duplicate_count 
FROM data AS a1 
JOIN data AS a2 
ON a1.artist_s = a2.artist_s
GROUP BY a1.artist_s",PostgresHandler,1180.2752017974854,1.9893,2120.35546875,6.470811367034912,0.0,0.0,0.039139747619628906,4.595521926879883,127334,9.563119888305664,False,32G,4
/* TOP 1000 ROWS */ SELECT * FROM data LIMIT 1000,"-- TOP 1000 ROWS
SELECT * FROM data LIMIT 1000",DuckDBHandler,18.294811248779297,0.0046926677067082685,100.5390625,0.3068208694458008,0.0,0.0,0.0,0.0,1000,3.920193672180176,False,32G,4
/* COUNT ALL */ SELECT COUNT(*) FROM data,"-- COUNT ALL
SELECT COUNT(*) FROM data",DuckDBHandler,2.4569034576416016,0.004193447737909517,100.5390625,0.3068208694458008,0.0,0.0,0.0,0.0,1,0.000133514404296875,False,32G,4
"/* DISTINCT VALUES & COUNT OF 'genre' */ SELECT DISTINCT genre, COUNT(genre) AS genre_count FROM data GROUP BY genre ORDER BY genre_count DESC NULLS FIRST","-- DISTINCT VALUES & COUNT OF 'genre'
SELECT 
    DISTINCT genre,
    COUNT(genre) AS genre_count 
FROM data 
GROUP BY genre 
ORDER BY genre_count DESC",DuckDBHandler,9.707212448120117,0.004896939412866958,100.5390625,0.3068208694458008,0.0,0.0,0.0,0.0,3097,0.23495960235595703,False,32G,4
"/* DISTINCT VALUES IN COLUMN 'album' */ SELECT DISTINCT album, COUNT(album) AS album_count FROM data GROUP BY album ORDER BY album_count DESC NULLS FIRST","-- DISTINCT VALUES IN COLUMN 'album'
SELECT 
    DISTINCT album,
    COUNT(album) AS album_count 
FROM data 
GROUP BY album 
ORDER BY album_count DESC",DuckDBHandler,163.88678550720215,0.0028981886321049347,100.5390625,0.3068208694458008,0.0,0.0,0.0,0.0,154682,11.50865650177002,False,32G,4
"/* STATS (AVG, SUM, MIN, MAX) FOR COLUMN 'tempo' */ SELECT AVG(tempo) AS avg_tempo, SUM(tempo) AS sum_tempo, MIN(tempo) AS min_tempo, MAX(tempo) AS max_tempo FROM data","-- STATS (AVG, SUM, MIN, MAX) FOR COLUMN 'tempo'
SELECT 
    AVG(tempo) AS avg_tempo,
    SUM(tempo) AS sum_tempo, 
    MIN(tempo) AS min_tempo, 
    MAX(tempo) AS max_tempo 
FROM data",DuckDBHandler,2.6133060455322266,0.004993757802746567,100.5390625,0.3068208694458008,0.0,0.0,0.0,0.0,1,0.000156402587890625,False,32G,4
/* FILTER BY LIKE OPERATOR & 2 CONDITIONS */ SELECT * FROM data WHERE text LIKE '%%love%%' AND tempo < 120,"-- FILTER BY LIKE OPERATOR & 2 CONDITIONS
SELECT * 
FROM data 
WHERE text LIKE '%%love%%'
AND tempo < 120",DuckDBHandler,1792.3455238342285,0.0012987823915079613,100.5390625,0.3068208694458008,0.0,0.0,0.0,0.0,115044,419.287654876709,False,32G,4
"/* SELF-JOIN ON 'artist' TO FIND DUPLICATE ARTISTS */ SELECT DISTINCT a1.artist_s AS artists, COUNT(*) AS duplicate_count FROM data AS a1 JOIN data AS a2 ON a1.artist_s = a2.artist_s GROUP BY a1.artist_s","-- SELF-JOIN ON 'artist' TO FIND DUPLICATE ARTISTS
SELECT 
    DISTINCT a1.artist_s AS artists, 
    COUNT(*) AS duplicate_count 
FROM data AS a1 
JOIN data AS a2 
ON a1.artist_s = a2.artist_s
GROUP BY a1.artist_s",DuckDBHandler,151.1697769165039,0.005293383270911361,100.5390625,0.3068208694458008,0.0,0.0,0.0,0.0,127334,9.563119888305664,False,32G,4
/* TOP 1000 ROWS */ SELECT * FROM data LIMIT 1000,"-- TOP 1000 ROWS
SELECT * FROM data LIMIT 1000",ClickHouseHandler,34.45076942443848,4.538673341677097,1672.48828125,5.104029178619385,0.0,0.0,0.005728721618652344,2.330777168273926,1000,3.920193672180176,False,32G,4
/* COUNT ALL */ SELECT COUNT(*) FROM data,"-- COUNT ALL
SELECT COUNT(*) FROM data",ClickHouseHandler,6.394863128662109,8.977105345420444,1653.390625,5.045747756958008,0.0,0.0,0.0028886795043945312,0.0045185089111328125,1,0.000133514404296875,False,32G,4
"/* DISTINCT VALUES & COUNT OF 'genre' */ SELECT DISTINCT genre, COUNT(genre) AS genre_count FROM data GROUP BY genre ORDER BY genre_count DESC NULLS FIRST","-- DISTINCT VALUES & COUNT OF 'genre'
SELECT 
    DISTINCT genre,
    COUNT(genre) AS genre_count 
FROM data 
GROUP BY genre 
ORDER BY genre_count DESC",ClickHouseHandler,16.859054565429688,6.148042526579111,1652.08203125,5.041754245758057,0.0,0.0,0.0029344558715820312,0.0826568603515625,3097,0.23495960235595703,False,32G,4
"/* DISTINCT VALUES IN COLUMN 'album' */ SELECT DISTINCT album, COUNT(album) AS album_count FROM data GROUP BY album ORDER BY album_count DESC NULLS FIRST","-- DISTINCT VALUES IN COLUMN 'album'
SELECT 
    DISTINCT album,
    COUNT(album) AS album_count 
FROM data 
GROUP BY album 
ORDER BY album_count DESC",ClickHouseHandler,435.1956844329834,9.769117094552286,1706.18359375,5.206859111785889,0.0,0.0,0.0064067840576171875,3.509489059448242,154682,11.50868034362793,False,32G,4
"/* STATS (AVG, SUM, MIN, MAX) FOR COLUMN 'tempo' */ SELECT AVG(tempo) AS avg_tempo, SUM(tempo) AS sum_tempo, MIN(tempo) AS min_tempo, MAX(tempo) AS max_tempo FROM data","-- STATS (AVG, SUM, MIN, MAX) FOR COLUMN 'tempo'
SELECT 
    AVG(tempo) AS avg_tempo,
    SUM(tempo) AS sum_tempo, 
    MIN(tempo) AS min_tempo, 
    MAX(tempo) AS max_tempo 
FROM data",ClickHouseHandler,5.8994293212890625,4.8715,1664.453125,5.079507827758789,0.0,0.0,0.0029659271240234375,0.004595756530761719,1,0.000156402587890625,False,32G,4
/* FILTER BY LIKE OPERATOR & 2 CONDITIONS */ SELECT * FROM data WHERE text LIKE '%%love%%' AND tempo < 120,"-- FILTER BY LIKE OPERATOR & 2 CONDITIONS
SELECT * 
FROM data 
WHERE text LIKE '%%love%%'
AND tempo < 120",ClickHouseHandler,3418.9083576202393,6.048590184432635,1717.125,5.2402496337890625,0.0,0.0,0.023179054260253906,251.8091583251953,115044,419.28827476501465,False,32G,4
"/* SELF-JOIN ON 'artist' TO FIND DUPLICATE ARTISTS */ SELECT DISTINCT a1.artist_s AS artists, COUNT(*) AS duplicate_count FROM data AS a1 JOIN data AS a2 ON a1.artist_s = a2.artist_s GROUP BY a1.artist_s","-- SELF-JOIN ON 'artist' TO FIND DUPLICATE ARTISTS
SELECT 
    DISTINCT a1.artist_s AS artists, 
    COUNT(*) AS duplicate_count 
FROM data AS a1 
JOIN data AS a2 
ON a1.artist_s = a2.artist_s
GROUP BY a1.artist_s",ClickHouseHandler,510.9744071960449,9.142757111597374,1767.3515625,5.393528938293457,0.0,0.0,0.031884193420410156,3.0348939895629883,127334,9.563119888305664,False,32G,4
/* TOP 1000 ROWS */ SELECT * FROM data LIMIT 1000,"-- TOP 1000 ROWS
SELECT * FROM data LIMIT 1000",MySQLHandler,23.293256759643555,2.734,3218.671875,4.911303520202637,0.0,0.0,0.010874748229980469,2.2875003814697266,1000,3.920193672180176,False,64G,4
/* COUNT ALL */ SELECT COUNT(*) FROM data,"-- COUNT ALL
SELECT COUNT(*) FROM data",MySQLHandler,179.840087890625,1.3753,3219.859375,4.913115501403809,0.0,0.0,0.0014886856079101562,0.0018167495727539062,1,0.000133514404296875,False,64G,4
"/* DISTINCT VALUES & COUNT OF 'genre' */ SELECT DISTINCT genre, COUNT(genre) AS genre_count FROM data GROUP BY genre ORDER BY CASE WHEN genre_count IS NULL THEN 1 ELSE 0 END DESC, genre_count DESC","-- DISTINCT VALUES & COUNT OF 'genre'
SELECT 
    DISTINCT genre,
    COUNT(genre) AS genre_count 
FROM data 
GROUP BY genre 
ORDER BY genre_count DESC",MySQLHandler,1019.7672843933105,0.7121999999999999,3236.36328125,4.938298463821411,0.0,0.0,0.0023517608642578125,0.09203433990478516,3097,0.23495960235595703,False,64G,4
"/* DISTINCT VALUES IN COLUMN 'album' */ SELECT DISTINCT album, COUNT(album) AS album_count FROM data GROUP BY album ORDER BY CASE WHEN album_count IS NULL THEN 1 ELSE 0 END DESC, album_count DESC","-- DISTINCT VALUES IN COLUMN 'album'
SELECT 
    DISTINCT album,
    COUNT(album) AS album_count 
FROM data 
GROUP BY album 
ORDER BY album_count DESC",MySQLHandler,1616.5640354156494,0.7490340731478586,3255.0625,4.966831207275391,0.0,0.0,0.01852703094482422,4.039728164672852,151168,11.28181266784668,False,64G,4
"/* STATS (AVG, SUM, MIN, MAX) FOR COLUMN 'tempo' */ SELECT AVG(tempo) AS avg_tempo, SUM(tempo) AS sum_tempo, MIN(tempo) AS min_tempo, MAX(tempo) AS max_tempo FROM data","-- STATS (AVG, SUM, MIN, MAX) FOR COLUMN 'tempo'
SELECT 
    AVG(tempo) AS avg_tempo,
    SUM(tempo) AS sum_tempo, 
    MIN(tempo) AS min_tempo, 
    MAX(tempo) AS max_tempo 
FROM data",MySQLHandler,453.3703327178955,0.8601623985009368,3262.61328125,4.978352785110474,0.0,0.0,0.0016279220581054688,0.0019350051879882812,1,0.000156402587890625,False,64G,4
/* FILTER BY LIKE OPERATOR & 2 CONDITIONS */ SELECT * FROM data WHERE text LIKE '%%love%%' AND tempo < 120,"-- FILTER BY LIKE OPERATOR & 2 CONDITIONS
SELECT * 
FROM data 
WHERE text LIKE '%%love%%'
AND tempo < 120",MySQLHandler,3376.615524291992,0.6986450202934749,3251.9765625,4.962122440338135,0.0,0.0,1.025247573852539,255.69964408874512,119158,433.5639772415161,False,64G,4
"/* SELF-JOIN ON 'artist' TO FIND DUPLICATE ARTISTS */ SELECT DISTINCT a1.artist_s AS artists, COUNT(*) AS duplicate_count FROM data AS a1 JOIN data AS a2 ON a1.artist_s = a2.artist_s GROUP BY a1.artist_s","-- SELF-JOIN ON 'artist' TO FIND DUPLICATE ARTISTS
SELECT 
    DISTINCT a1.artist_s AS artists, 
    COUNT(*) AS duplicate_count 
FROM data AS a1 
JOIN data AS a2 
ON a1.artist_s = a2.artist_s
GROUP BY a1.artist_s",MySQLHandler,62232.66863822937,0.8661293345829428,3300.4453125,5.0360798835754395,0.0,0.0,0.017156600952148438,3.4787588119506836,127197,9.554627418518066,False,64G,4
/* TOP 1000 ROWS */ SELECT * FROM data LIMIT 1000,"-- TOP 1000 ROWS
SELECT * FROM data LIMIT 1000",PostgresHandler,20.915508270263672,0.13902621722846442,2076.8828125,3.169071674346924,0.0,0.0,0.02154064178466797,2.4446020126342773,1000,3.9677934646606445,False,64G,4
/* COUNT ALL */ SELECT COUNT(*) FROM data,"-- COUNT ALL
SELECT COUNT(*) FROM data",PostgresHandler,41.925668716430664,0.14316578207930064,2079.1953125,3.172600269317627,0.0,0.0,0.001827239990234375,0.0023717880249023438,1,0.000133514404296875,False,64G,4
"/* DISTINCT VALUES & COUNT OF 'genre' */ SELECT DISTINCT genre, COUNT(genre) AS genre_count FROM data GROUP BY genre ORDER BY genre_count DESC","-- DISTINCT VALUES & COUNT OF 'genre'
SELECT 
    DISTINCT genre,
    COUNT(genre) AS genre_count 
FROM data 
GROUP BY genre 
ORDER BY genre_count DESC",PostgresHandler,64.62693214416504,0.0749,2079.72265625,3.1734049320220947,0.0,0.0,0.0030727386474609375,0.1195974349975586,3097,0.23495960235595703,False,64G,4
"/* DISTINCT VALUES IN COLUMN 'album' */ SELECT DISTINCT album, COUNT(album) AS album_count FROM data GROUP BY album ORDER BY album_count DESC","-- DISTINCT VALUES IN COLUMN 'album'
SELECT 
    DISTINCT album,
    COUNT(album) AS album_count 
FROM data 
GROUP BY album 
ORDER BY album_count DESC",PostgresHandler,501.47342681884766,0.03771749298409729,2077.75,3.1703948974609375,0.0,0.0,0.04600334167480469,5.453763961791992,154682,11.50865650177002,False,64G,4
"/* STATS (AVG, SUM, MIN, MAX) FOR COLUMN 'tempo' */ SELECT AVG(tempo) AS avg_tempo, SUM(tempo) AS sum_tempo, MIN(tempo) AS min_tempo, MAX(tempo) AS max_tempo FROM data","-- STATS (AVG, SUM, MIN, MAX) FOR COLUMN 'tempo'
SELECT 
    AVG(tempo) AS avg_tempo,
    SUM(tempo) AS sum_tempo, 
    MIN(tempo) AS min_tempo, 
    MAX(tempo) AS max_tempo 
FROM data",PostgresHandler,73.29702377319336,2.106408736349454,2090.21484375,3.1894147396087646,0.0,0.0,0.0019664764404296875,0.0026187896728515625,1,0.000156402587890625,False,64G,4
/* FILTER BY LIKE OPERATOR & 2 CONDITIONS */ SELECT * FROM data WHERE text LIKE '%%love%%' AND tempo < 120,"-- FILTER BY LIKE OPERATOR & 2 CONDITIONS
SELECT * 
FROM data 
WHERE text LIKE '%%love%%'
AND tempo < 120",PostgresHandler,1573.4546184539795,2.241598501404933,2081.72265625,3.1764566898345947,0.0,0.0,2.097627639770508,264.63302421569824,115044,419.287654876709,False,64G,4
"/* SELF-JOIN ON 'artist' TO FIND DUPLICATE ARTISTS */ SELECT DISTINCT a1.artist_s AS artists, COUNT(*) AS duplicate_count FROM data AS a1 JOIN data AS a2 ON a1.artist_s = a2.artist_s GROUP BY a1.artist_s","-- SELF-JOIN ON 'artist' TO FIND DUPLICATE ARTISTS
SELECT 
    DISTINCT a1.artist_s AS artists, 
    COUNT(*) AS duplicate_count 
FROM data AS a1 
JOIN data AS a2 
ON a1.artist_s = a2.artist_s
GROUP BY a1.artist_s",PostgresHandler,1182.391881942749,2.231510611735331,2104.00390625,3.2104551792144775,0.0,0.0,0.039139747619628906,4.595521926879883,127334,9.563119888305664,False,64G,4
/* TOP 1000 ROWS */ SELECT * FROM data LIMIT 1000,"-- TOP 1000 ROWS
SELECT * FROM data LIMIT 1000",DuckDBHandler,18.692970275878906,0.0038987816307403935,100.5234375,0.15338659286499023,0.0,0.0,0.0,0.0,1000,3.920193672180176,False,64G,4
/* COUNT ALL */ SELECT COUNT(*) FROM data,"-- COUNT ALL
SELECT COUNT(*) FROM data",DuckDBHandler,2.2165775299072266,0.004695597876990322,100.5234375,0.15338659286499023,0.0,0.0,0.0,0.0,1,0.000133514404296875,False,64G,4
"/* DISTINCT VALUES & COUNT OF 'genre' */ SELECT DISTINCT genre, COUNT(genre) AS genre_count FROM data GROUP BY genre ORDER BY genre_count DESC NULLS FIRST","-- DISTINCT VALUES & COUNT OF 'genre'
SELECT 
    DISTINCT genre,
    COUNT(genre) AS genre_count 
FROM data 
GROUP BY genre 
ORDER BY genre_count DESC",DuckDBHandler,8.792638778686523,0.0046985317088409865,100.5234375,0.15338659286499023,0.0,0.0,0.0,0.0,3097,0.23495960235595703,False,64G,4
"/* DISTINCT VALUES IN COLUMN 'album' */ SELECT DISTINCT album, COUNT(album) AS album_count FROM data GROUP BY album ORDER BY album_count DESC NULLS FIRST","-- DISTINCT VALUES IN COLUMN 'album'
SELECT 
    DISTINCT album,
    COUNT(album) AS album_count 
FROM data 
GROUP BY album 
ORDER BY album_count DESC",DuckDBHandler,172.70326614379883,0.004892355694227769,100.5234375,0.15338659286499023,0.0,0.0,0.0,0.0,154682,11.50865650177002,False,64G,4
"/* STATS (AVG, SUM, MIN, MAX) FOR COLUMN 'tempo' */ SELECT AVG(tempo) AS avg_tempo, SUM(tempo) AS sum_tempo, MIN(tempo) AS min_tempo, MAX(tempo) AS max_tempo FROM data","-- STATS (AVG, SUM, MIN, MAX) FOR COLUMN 'tempo'
SELECT 
    AVG(tempo) AS avg_tempo,
    SUM(tempo) AS sum_tempo, 
    MIN(tempo) AS min_tempo, 
    MAX(tempo) AS max_tempo 
FROM data",DuckDBHandler,2.6302337646484375,0.004893882646691636,100.5234375,0.15338659286499023,0.0,0.0,0.0,0.0,1,0.000156402587890625,False,64G,4
/* FILTER BY LIKE OPERATOR & 2 CONDITIONS */ SELECT * FROM data WHERE text LIKE '%%love%%' AND tempo < 120,"-- FILTER BY LIKE OPERATOR & 2 CONDITIONS
SELECT * 
FROM data 
WHERE text LIKE '%%love%%'
AND tempo < 120",DuckDBHandler,1791.7063236236572,0.005198375507653858,100.5234375,0.15338659286499023,0.0,0.0,0.0,0.0,115044,419.287654876709,False,64G,4
"/* SELF-JOIN ON 'artist' TO FIND DUPLICATE ARTISTS */ SELECT DISTINCT a1.artist_s AS artists, COUNT(*) AS duplicate_count FROM data AS a1 JOIN data AS a2 ON a1.artist_s = a2.artist_s GROUP BY a1.artist_s","-- SELF-JOIN ON 'artist' TO FIND DUPLICATE ARTISTS
SELECT 
    DISTINCT a1.artist_s AS artists, 
    COUNT(*) AS duplicate_count 
FROM data AS a1 
JOIN data AS a2 
ON a1.artist_s = a2.artist_s
GROUP BY a1.artist_s",DuckDBHandler,152.4209976196289,0.004996876951905059,100.5234375,0.15338659286499023,0.0,0.0,0.0,0.0,127334,9.563119888305664,False,64G,4
/* TOP 1000 ROWS */ SELECT * FROM data LIMIT 1000,"-- TOP 1000 ROWS
SELECT * FROM data LIMIT 1000",ClickHouseHandler,37.37282752990723,5.222628285356696,1423.4375,2.1719932556152344,0.0,0.0,0.005351066589355469,2.3305883407592773,1000,3.920193672180176,False,64G,4
/* COUNT ALL */ SELECT COUNT(*) FROM data,"-- COUNT ALL
SELECT COUNT(*) FROM data",ClickHouseHandler,8.206605911254883,5.4493,1410.3203125,2.151978015899658,0.0,0.0,0.0023851394653320312,0.00445556640625,1,0.000133514404296875,False,64G,4
"/* DISTINCT VALUES & COUNT OF 'genre' */ SELECT DISTINCT genre, COUNT(genre) AS genre_count FROM data GROUP BY genre ORDER BY genre_count DESC NULLS FIRST","-- DISTINCT VALUES & COUNT OF 'genre'
SELECT 
    DISTINCT genre,
    COUNT(genre) AS genre_count 
FROM data 
GROUP BY genre 
ORDER BY genre_count DESC",ClickHouseHandler,17.35401153564453,5.6308789490147015,1422.86328125,2.171117067337036,0.0,0.0,0.0031862258911132812,0.08253097534179688,3097,0.23495960235595703,False,64G,4
"/* DISTINCT VALUES IN COLUMN 'album' */ SELECT DISTINCT album, COUNT(album) AS album_count FROM data GROUP BY album ORDER BY album_count DESC NULLS FIRST","-- DISTINCT VALUES IN COLUMN 'album'
SELECT 
    DISTINCT album,
    COUNT(album) AS album_count 
FROM data 
GROUP BY album 
ORDER BY album_count DESC",ClickHouseHandler,447.91126251220703,9.366134585289515,1488.73828125,2.271634340286255,0.0,0.0,0.0066471099853515625,3.509547233581543,154682,11.50868034362793,False,64G,4
"/* STATS (AVG, SUM, MIN, MAX) FOR COLUMN 'tempo' */ SELECT AVG(tempo) AS avg_tempo, SUM(tempo) AS sum_tempo, MIN(tempo) AS min_tempo, MAX(tempo) AS max_tempo FROM data","-- STATS (AVG, SUM, MIN, MAX) FOR COLUMN 'tempo'
SELECT 
    AVG(tempo) AS avg_tempo,
    SUM(tempo) AS sum_tempo, 
    MIN(tempo) AS min_tempo, 
    MAX(tempo) AS max_tempo 
FROM data",ClickHouseHandler,7.870912551879883,4.450056144728634,1447.6171875,2.208888530731201,0.0,0.0,0.0027179718017578125,0.004534721374511719,1,0.000156402587890625,False,64G,4
/* FILTER BY LIKE OPERATOR & 2 CONDITIONS */ SELECT * FROM data WHERE text LIKE '%%love%%' AND tempo < 120,"-- FILTER BY LIKE OPERATOR & 2 CONDITIONS
SELECT * 
FROM data 
WHERE text LIKE '%%love%%'
AND tempo < 120",ClickHouseHandler,3441.0510063171387,8.551144465290808,1448.39453125,2.2100746631622314,0.0,0.0,0.02676105499267578,251.74813270568848,115044,419.28827476501465,False,64G,4
"/* SELF-JOIN ON 'artist' TO FIND DUPLICATE ARTISTS */ SELECT DISTINCT a1.artist_s AS artists, COUNT(*) AS duplicate_count FROM data AS a1 JOIN data AS a2 ON a1.artist_s = a2.artist_s GROUP BY a1.artist_s","-- SELF-JOIN ON 'artist' TO FIND DUPLICATE ARTISTS
SELECT 
    DISTINCT a1.artist_s AS artists, 
    COUNT(*) AS duplicate_count 
FROM data AS a1 
JOIN data AS a2 
ON a1.artist_s = a2.artist_s
GROUP BY a1.artist_s",ClickHouseHandler,518.3608531951904,4.663572098842665,1516.8828125,2.314579486846924,0.0,0.0,0.03348064422607422,3.034778594970703,127334,9.563119888305664,False,64G,4
/* TOP 1000 ROWS */ SELECT * FROM data LIMIT 1000,"-- TOP 1000 ROWS
SELECT * FROM data LIMIT 1000",MySQLHandler,23.021697998046875,2.3104,2047.3671875,99.96910095214844,0.0,0.0,0.010874748229980469,2.2875003814697266,1000,3.920193672180176,False,2G,6
/* COUNT ALL */ SELECT COUNT(*) FROM data,"-- COUNT ALL
SELECT COUNT(*) FROM data",MySQLHandler,146.6219425201416,1.4129753356228536,2046.76171875,99.93953704833984,0.0,0.0,0.0014886856079101562,0.0018167495727539062,1,0.000133514404296875,False,2G,6
"/* DISTINCT VALUES & COUNT OF 'genre' */ SELECT DISTINCT genre, COUNT(genre) AS genre_count FROM data GROUP BY genre ORDER BY CASE WHEN genre_count IS NULL THEN 1 ELSE 0 END DESC, genre_count DESC","-- DISTINCT VALUES & COUNT OF 'genre'
SELECT 
    DISTINCT genre,
    COUNT(genre) AS genre_count 
FROM data 
GROUP BY genre 
ORDER BY genre_count DESC",MySQLHandler,1059.5219135284424,0.7327710090596689,2047.60546875,99.9807357788086,0.0,0.0,0.0023517608642578125,0.09203433990478516,3097,0.23495960235595703,False,2G,6
"/* DISTINCT VALUES IN COLUMN 'album' */ SELECT DISTINCT album, COUNT(album) AS album_count FROM data GROUP BY album ORDER BY CASE WHEN album_count IS NULL THEN 1 ELSE 0 END DESC, album_count DESC","-- DISTINCT VALUES IN COLUMN 'album'
SELECT 
    DISTINCT album,
    COUNT(album) AS album_count 
FROM data 
GROUP BY album 
ORDER BY album_count DESC",MySQLHandler,1642.7092552185059,0.6113268810490166,2044.28125,99.81842041015625,0.0,0.0,0.01852703094482422,4.039728164672852,151168,11.28181266784668,False,2G,6
"/* STATS (AVG, SUM, MIN, MAX) FOR COLUMN 'tempo' */ SELECT AVG(tempo) AS avg_tempo, SUM(tempo) AS sum_tempo, MIN(tempo) AS min_tempo, MAX(tempo) AS max_tempo FROM data","-- STATS (AVG, SUM, MIN, MAX) FOR COLUMN 'tempo'
SELECT 
    AVG(tempo) AS avg_tempo,
    SUM(tempo) AS sum_tempo, 
    MIN(tempo) AS min_tempo, 
    MAX(tempo) AS max_tempo 
FROM data",MySQLHandler,492.17867851257324,0.8286231657820793,2047.75390625,99.98798370361328,0.0,0.0,0.0018215179443359375,0.0019350051879882812,1,0.000156402587890625,False,2G,6
/* FILTER BY LIKE OPERATOR & 2 CONDITIONS */ SELECT * FROM data WHERE text LIKE '%%love%%' AND tempo < 120,"-- FILTER BY LIKE OPERATOR & 2 CONDITIONS
SELECT * 
FROM data 
WHERE text LIKE '%%love%%'
AND tempo < 120",MySQLHandler,3403.2819271087646,0.6440987191502655,2036.078125,99.41787719726562,0.0,0.0,1.0224781036376953,255.69832229614258,119158,433.5639772415161,False,2G,6
"/* SELF-JOIN ON 'artist' TO FIND DUPLICATE ARTISTS */ SELECT DISTINCT a1.artist_s AS artists, COUNT(*) AS duplicate_count FROM data AS a1 JOIN data AS a2 ON a1.artist_s = a2.artist_s GROUP BY a1.artist_s","-- SELF-JOIN ON 'artist' TO FIND DUPLICATE ARTISTS
SELECT 
    DISTINCT a1.artist_s AS artists, 
    COUNT(*) AS duplicate_count 
FROM data AS a1 
JOIN data AS a2 
ON a1.artist_s = a2.artist_s
GROUP BY a1.artist_s",MySQLHandler,62124.141454696655,0.6656,2011.88671875,98.23665618896484,0.0,0.0,0.017093658447265625,3.478695869445801,127197,9.554627418518066,False,2G,6
/* TOP 1000 ROWS */ SELECT * FROM data LIMIT 1000,"-- TOP 1000 ROWS
SELECT * FROM data LIMIT 1000",PostgresHandler,21.34084701538086,0.1498,2038.875,99.554443359375,0.0,0.0,0.0213470458984375,2.4446020126342773,1000,3.9677934646606445,False,2G,6
/* COUNT ALL */ SELECT COUNT(*) FROM data,"-- COUNT ALL
SELECT COUNT(*) FROM data",PostgresHandler,43.97845268249512,1.2339431782703716,2042.92578125,99.75223541259766,0.0,0.0,0.001827239990234375,0.0023717880249023438,1,0.000133514404296875,False,2G,6
"/* DISTINCT VALUES & COUNT OF 'genre' */ SELECT DISTINCT genre, COUNT(genre) AS genre_count FROM data GROUP BY genre ORDER BY genre_count DESC","-- DISTINCT VALUES & COUNT OF 'genre'
SELECT 
    DISTINCT genre,
    COUNT(genre) AS genre_count 
FROM data 
GROUP BY genre 
ORDER BY genre_count DESC",PostgresHandler,69.42915916442871,2.358962824117463,2039.74609375,99.59697723388672,0.0,0.0,0.0032663345336914062,0.1195974349975586,3097,0.23495960235595703,False,2G,6
"/* DISTINCT VALUES IN COLUMN 'album' */ SELECT DISTINCT album, COUNT(album) AS album_count FROM data GROUP BY album ORDER BY album_count DESC","-- DISTINCT VALUES IN COLUMN 'album'
SELECT 
    DISTINCT album,
    COUNT(album) AS album_count 
FROM data 
GROUP BY album 
ORDER BY album_count DESC",PostgresHandler,519.5329189300537,2.1877,1991.58984375,97.24559783935547,0.0,0.0,0.0459442138671875,5.453701019287109,154682,11.50865650177002,False,2G,6
"/* STATS (AVG, SUM, MIN, MAX) FOR COLUMN 'tempo' */ SELECT AVG(tempo) AS avg_tempo, SUM(tempo) AS sum_tempo, MIN(tempo) AS min_tempo, MAX(tempo) AS max_tempo FROM data","-- STATS (AVG, SUM, MIN, MAX) FOR COLUMN 'tempo'
SELECT 
    AVG(tempo) AS avg_tempo,
    SUM(tempo) AS sum_tempo, 
    MIN(tempo) AS min_tempo, 
    MAX(tempo) AS max_tempo 
FROM data",PostgresHandler,77.05020904541016,2.099431782703715,2002.390625,97.77297973632812,0.0,0.0,0.0019664764404296875,0.0026187896728515625,1,0.000156402587890625,False,2G,6
/* FILTER BY LIKE OPERATOR & 2 CONDITIONS */ SELECT * FROM data WHERE text LIKE '%%love%%' AND tempo < 120,"-- FILTER BY LIKE OPERATOR & 2 CONDITIONS
SELECT * 
FROM data 
WHERE text LIKE '%%love%%'
AND tempo < 120",PostgresHandler,1605.2300930023193,2.28837558685446,2018.71484375,98.57006072998047,0.0,0.0,2.0947952270507812,264.63258361816406,115044,419.287654876709,False,2G,6
"/* SELF-JOIN ON 'artist' TO FIND DUPLICATE ARTISTS */ SELECT DISTINCT a1.artist_s AS artists, COUNT(*) AS duplicate_count FROM data AS a1 JOIN data AS a2 ON a1.artist_s = a2.artist_s GROUP BY a1.artist_s","-- SELF-JOIN ON 'artist' TO FIND DUPLICATE ARTISTS
SELECT 
    DISTINCT a1.artist_s AS artists, 
    COUNT(*) AS duplicate_count 
FROM data AS a1 
JOIN data AS a2 
ON a1.artist_s = a2.artist_s
GROUP BY a1.artist_s",PostgresHandler,1213.6693000793457,3.171808809746954,1933.10546875,94.3899154663086,0.0,0.0,0.039139747619628906,4.595521926879883,127334,9.563119888305664,False,2G,6
/* TOP 1000 ROWS */ SELECT * FROM data LIMIT 1000,"-- TOP 1000 ROWS
SELECT * FROM data LIMIT 1000",DuckDBHandler,19.736528396606445,0.0051,100.51953125,4.908180236816406,0.0,0.0,0.0,0.0,1000,3.920193672180176,False,2G,6
/* COUNT ALL */ SELECT COUNT(*) FROM data,"-- COUNT ALL
SELECT COUNT(*) FROM data",DuckDBHandler,2.1581649780273438,0.009693941286695816,100.51953125,4.908180236816406,0.0,0.0,0.0,0.0,1,0.000133514404296875,False,2G,6
"/* DISTINCT VALUES & COUNT OF 'genre' */ SELECT DISTINCT genre, COUNT(genre) AS genre_count FROM data GROUP BY genre ORDER BY genre_count DESC NULLS FIRST","-- DISTINCT VALUES & COUNT OF 'genre'
SELECT 
    DISTINCT genre,
    COUNT(genre) AS genre_count 
FROM data 
GROUP BY genre 
ORDER BY genre_count DESC",DuckDBHandler,10.10274887084961,0.005001562988433885,100.51953125,4.908180236816406,0.0,0.0,0.0,0.0,3097,0.23495960235595703,False,2G,6
"/* DISTINCT VALUES IN COLUMN 'album' */ SELECT DISTINCT album, COUNT(album) AS album_count FROM data GROUP BY album ORDER BY album_count DESC NULLS FIRST","-- DISTINCT VALUES IN COLUMN 'album'
SELECT 
    DISTINCT album,
    COUNT(album) AS album_count 
FROM data 
GROUP BY album 
ORDER BY album_count DESC",DuckDBHandler,176.3479709625244,0.0044943820224719105,100.51953125,4.908180236816406,0.0,0.0,0.0,0.0,154682,11.50865650177002,False,2G,6
"/* STATS (AVG, SUM, MIN, MAX) FOR COLUMN 'tempo' */ SELECT AVG(tempo) AS avg_tempo, SUM(tempo) AS sum_tempo, MIN(tempo) AS min_tempo, MAX(tempo) AS max_tempo FROM data","-- STATS (AVG, SUM, MIN, MAX) FOR COLUMN 'tempo'
SELECT 
    AVG(tempo) AS avg_tempo,
    SUM(tempo) AS sum_tempo, 
    MIN(tempo) AS min_tempo, 
    MAX(tempo) AS max_tempo 
FROM data",DuckDBHandler,2.955198287963867,0.004896939412866958,100.51953125,4.908180236816406,0.0,0.0,0.0,0.0,1,0.000156402587890625,False,2G,6
/* FILTER BY LIKE OPERATOR & 2 CONDITIONS */ SELECT * FROM data WHERE text LIKE '%%love%%' AND tempo < 120,"-- FILTER BY LIKE OPERATOR & 2 CONDITIONS
SELECT * 
FROM data 
WHERE text LIKE '%%love%%'
AND tempo < 120",DuckDBHandler,1796.888828277588,0.007191011235955056,100.51953125,4.908180236816406,0.0,0.0,0.0,0.0,115044,419.287654876709,False,2G,6
"/* SELF-JOIN ON 'artist' TO FIND DUPLICATE ARTISTS */ SELECT DISTINCT a1.artist_s AS artists, COUNT(*) AS duplicate_count FROM data AS a1 JOIN data AS a2 ON a1.artist_s = a2.artist_s GROUP BY a1.artist_s","-- SELF-JOIN ON 'artist' TO FIND DUPLICATE ARTISTS
SELECT 
    DISTINCT a1.artist_s AS artists, 
    COUNT(*) AS duplicate_count 
FROM data AS a1 
JOIN data AS a2 
ON a1.artist_s = a2.artist_s
GROUP BY a1.artist_s",DuckDBHandler,152.9257297515869,0.005594754917265064,100.51953125,4.908180236816406,0.0,0.0,0.0,0.0,127334,9.563119888305664,False,2G,6
/* TOP 1000 ROWS */ SELECT * FROM data LIMIT 1000,"-- TOP 1000 ROWS
SELECT * FROM data LIMIT 1000",MySQLHandler,23.298978805541992,2.548203686348016,3218.4296875,78.57494354248047,0.0,0.0,0.010874748229980469,2.2875003814697266,1000,3.920193672180176,False,4G,6
/* COUNT ALL */ SELECT COUNT(*) FROM data,"-- COUNT ALL
SELECT COUNT(*) FROM data",MySQLHandler,136.7323398590088,1.5975023415547924,3219.640625,78.60450744628906,0.0,0.0,0.0014886856079101562,0.0018167495727539062,1,0.000133514404296875,False,4G,6
"/* DISTINCT VALUES & COUNT OF 'genre' */ SELECT DISTINCT genre, COUNT(genre) AS genre_count FROM data GROUP BY genre ORDER BY CASE WHEN genre_count IS NULL THEN 1 ELSE 0 END DESC, genre_count DESC","-- DISTINCT VALUES & COUNT OF 'genre'
SELECT 
    DISTINCT genre,
    COUNT(genre) AS genre_count 
FROM data 
GROUP BY genre 
ORDER BY genre_count DESC",MySQLHandler,1016.6566371917725,0.70953481111458,3236.484375,79.01573181152344,0.0,0.0,0.0023517608642578125,0.09203433990478516,3097,0.23495960235595703,False,4G,6
"/* DISTINCT VALUES IN COLUMN 'album' */ SELECT DISTINCT album, COUNT(album) AS album_count FROM data GROUP BY album ORDER BY CASE WHEN album_count IS NULL THEN 1 ELSE 0 END DESC, album_count DESC","-- DISTINCT VALUES IN COLUMN 'album'
SELECT 
    DISTINCT album,
    COUNT(album) AS album_count 
FROM data 
GROUP BY album 
ORDER BY album_count DESC",MySQLHandler,1595.607042312622,0.6414990630855716,3264.80859375,79.70724105834961,0.0,0.0,0.01852703094482422,4.039728164672852,151168,11.28181266784668,False,4G,6
"/* STATS (AVG, SUM, MIN, MAX) FOR COLUMN 'tempo' */ SELECT AVG(tempo) AS avg_tempo, SUM(tempo) AS sum_tempo, MIN(tempo) AS min_tempo, MAX(tempo) AS max_tempo FROM data","-- STATS (AVG, SUM, MIN, MAX) FOR COLUMN 'tempo'
SELECT 
    AVG(tempo) AS avg_tempo,
    SUM(tempo) AS sum_tempo, 
    MIN(tempo) AS min_tempo, 
    MAX(tempo) AS max_tempo 
FROM data",MySQLHandler,408.0474376678467,0.7471326053042121,3264.8359375,79.7079086303711,0.0,0.0,0.0016279220581054688,0.0019350051879882812,1,0.000156402587890625,False,4G,6
/* FILTER BY LIKE OPERATOR & 2 CONDITIONS */ SELECT * FROM data WHERE text LIKE '%%love%%' AND tempo < 120,"-- FILTER BY LIKE OPERATOR & 2 CONDITIONS
SELECT * 
FROM data 
WHERE text LIKE '%%love%%'
AND tempo < 120",MySQLHandler,3327.1360397338867,0.6069,3251.94921875,79.39329147338867,0.0,0.0,1.0236740112304688,255.6981964111328,119158,433.5639772415161,False,4G,6
"/* SELF-JOIN ON 'artist' TO FIND DUPLICATE ARTISTS */ SELECT DISTINCT a1.artist_s AS artists, COUNT(*) AS duplicate_count FROM data AS a1 JOIN data AS a2 ON a1.artist_s = a2.artist_s GROUP BY a1.artist_s","-- SELF-JOIN ON 'artist' TO FIND DUPLICATE ARTISTS
SELECT 
    DISTINCT a1.artist_s AS artists, 
    COUNT(*) AS duplicate_count 
FROM data AS a1 
JOIN data AS a2 
ON a1.artist_s = a2.artist_s
GROUP BY a1.artist_s",MySQLHandler,62109.5917224884,0.6128084973445799,3288.74609375,80.29165267944336,0.0,0.0,0.01735401153564453,3.478695869445801,127197,9.554627418518066,False,4G,6
/* TOP 1000 ROWS */ SELECT * FROM data LIMIT 1000,"-- TOP 1000 ROWS
SELECT * FROM data LIMIT 1000",PostgresHandler,20.767927169799805,0.14760774515927547,2076.63671875,50.69913864135742,0.0,0.0,0.0213470458984375,2.4446020126342773,1000,3.9677934646606445,False,4G,6
/* COUNT ALL */ SELECT COUNT(*) FROM data,"-- COUNT ALL
SELECT COUNT(*) FROM data",PostgresHandler,42.11592674255371,0.13677177645956914,2079.21484375,50.762081146240234,0.0,0.0,0.001827239990234375,0.0023717880249023438,1,0.000133514404296875,False,4G,6
"/* DISTINCT VALUES & COUNT OF 'genre' */ SELECT DISTINCT genre, COUNT(genre) AS genre_count FROM data GROUP BY genre ORDER BY genre_count DESC","-- DISTINCT VALUES & COUNT OF 'genre'
SELECT 
    DISTINCT genre,
    COUNT(genre) AS genre_count 
FROM data 
GROUP BY genre 
ORDER BY genre_count DESC",PostgresHandler,69.79918479919434,2.255095282724149,2081.1484375,50.809288024902344,0.0,0.0,0.0030727386474609375,0.1195974349975586,3097,0.23495960235595703,False,4G,6
"/* DISTINCT VALUES IN COLUMN 'album' */ SELECT DISTINCT album, COUNT(album) AS album_count FROM data GROUP BY album ORDER BY album_count DESC","-- DISTINCT VALUES IN COLUMN 'album'
SELECT 
    DISTINCT album,
    COUNT(album) AS album_count 
FROM data 
GROUP BY album 
ORDER BY album_count DESC",PostgresHandler,513.8266086578369,1.919100281162137,2084.0625,50.88043212890625,0.0,0.0,0.046133995056152344,5.453701019287109,154682,11.50865650177002,False,4G,6
"/* STATS (AVG, SUM, MIN, MAX) FOR COLUMN 'tempo' */ SELECT AVG(tempo) AS avg_tempo, SUM(tempo) AS sum_tempo, MIN(tempo) AS min_tempo, MAX(tempo) AS max_tempo FROM data","-- STATS (AVG, SUM, MIN, MAX) FOR COLUMN 'tempo'
SELECT 
    AVG(tempo) AS avg_tempo,
    SUM(tempo) AS sum_tempo, 
    MIN(tempo) AS min_tempo, 
    MAX(tempo) AS max_tempo 
FROM data",PostgresHandler,71.97952270507812,2.1156388628553575,2094.9140625,51.145362854003906,0.0,0.0,0.002033233642578125,0.0026187896728515625,1,0.000156402587890625,False,4G,6
/* FILTER BY LIKE OPERATOR & 2 CONDITIONS */ SELECT * FROM data WHERE text LIKE '%%love%%' AND tempo < 120,"-- FILTER BY LIKE OPERATOR & 2 CONDITIONS
SELECT * 
FROM data 
WHERE text LIKE '%%love%%'
AND tempo < 120",PostgresHandler,1586.3938331604004,2.159725085910653,2086.8203125,50.94776153564453,0.0,0.0,2.0997047424316406,264.63296127319336,115044,419.287654876709,False,4G,6
"/* SELF-JOIN ON 'artist' TO FIND DUPLICATE ARTISTS */ SELECT DISTINCT a1.artist_s AS artists, COUNT(*) AS duplicate_count FROM data AS a1 JOIN data AS a2 ON a1.artist_s = a2.artist_s GROUP BY a1.artist_s","-- SELF-JOIN ON 'artist' TO FIND DUPLICATE ARTISTS
SELECT 
    DISTINCT a1.artist_s AS artists, 
    COUNT(*) AS duplicate_count 
FROM data AS a1 
JOIN data AS a2 
ON a1.artist_s = a2.artist_s
GROUP BY a1.artist_s",PostgresHandler,1182.229995727539,2.183552919138308,2120.26171875,51.76420211791992,0.0,0.0,0.039076805114746094,4.595521926879883,127334,9.563119888305664,False,4G,6
/* TOP 1000 ROWS */ SELECT * FROM data LIMIT 1000,"-- TOP 1000 ROWS
SELECT * FROM data LIMIT 1000",DuckDBHandler,18.944978713989258,0.004798500468603561,100.5234375,2.4541854858398438,0.0,0.0,0.0,0.0,1000,3.920193672180176,False,4G,6
/* COUNT ALL */ SELECT COUNT(*) FROM data,"-- COUNT ALL
SELECT COUNT(*) FROM data",DuckDBHandler,2.2008419036865234,0.005098406747891283,100.5234375,2.4541854858398438,0.0,0.0,0.0,0.0,1,0.000133514404296875,False,4G,6
"/* DISTINCT VALUES & COUNT OF 'genre' */ SELECT DISTINCT genre, COUNT(genre) AS genre_count FROM data GROUP BY genre ORDER BY genre_count DESC NULLS FIRST","-- DISTINCT VALUES & COUNT OF 'genre'
SELECT 
    DISTINCT genre,
    COUNT(genre) AS genre_count 
FROM data 
GROUP BY genre 
ORDER BY genre_count DESC",DuckDBHandler,9.573936462402344,0.005296689569019363,100.5234375,2.4541854858398438,0.0,0.0,0.0,0.0,3097,0.23495960235595703,False,4G,6
"/* DISTINCT VALUES IN COLUMN 'album' */ SELECT DISTINCT album, COUNT(album) AS album_count FROM data GROUP BY album ORDER BY album_count DESC NULLS FIRST","-- DISTINCT VALUES IN COLUMN 'album'
SELECT 
    DISTINCT album,
    COUNT(album) AS album_count 
FROM data 
GROUP BY album 
ORDER BY album_count DESC",DuckDBHandler,168.5328483581543,0.0068978444236176195,100.5234375,2.4541854858398438,0.0,0.0,0.0,0.0,154682,11.50865650177002,False,4G,6
"/* STATS (AVG, SUM, MIN, MAX) FOR COLUMN 'tempo' */ SELECT AVG(tempo) AS avg_tempo, SUM(tempo) AS sum_tempo, MIN(tempo) AS min_tempo, MAX(tempo) AS max_tempo FROM data","-- STATS (AVG, SUM, MIN, MAX) FOR COLUMN 'tempo'
SELECT 
    AVG(tempo) AS avg_tempo,
    SUM(tempo) AS sum_tempo, 
    MIN(tempo) AS min_tempo, 
    MAX(tempo) AS max_tempo 
FROM data",DuckDBHandler,2.8352737426757812,0.005698219306466729,100.5234375,2.4541854858398438,0.0,0.0,0.0,0.0,1,0.000156402587890625,False,4G,6
/* FILTER BY LIKE OPERATOR & 2 CONDITIONS */ SELECT * FROM data WHERE text LIKE '%%love%%' AND tempo < 120,"-- FILTER BY LIKE OPERATOR & 2 CONDITIONS
SELECT * 
FROM data 
WHERE text LIKE '%%love%%'
AND tempo < 120",DuckDBHandler,1795.7870960235596,0.004795504214798627,100.5234375,2.4541854858398438,0.0,0.0,0.0,0.0,115044,419.287654876709,False,4G,6
"/* SELF-JOIN ON 'artist' TO FIND DUPLICATE ARTISTS */ SELECT DISTINCT a1.artist_s AS artists, COUNT(*) AS duplicate_count FROM data AS a1 JOIN data AS a2 ON a1.artist_s = a2.artist_s GROUP BY a1.artist_s","-- SELF-JOIN ON 'artist' TO FIND DUPLICATE ARTISTS
SELECT 
    DISTINCT a1.artist_s AS artists, 
    COUNT(*) AS duplicate_count 
FROM data AS a1 
JOIN data AS a2 
ON a1.artist_s = a2.artist_s
GROUP BY a1.artist_s",DuckDBHandler,189.7261142730713,0.0064979693845673234,100.5234375,2.4541854858398438,0.0,0.0,0.0,0.0,127334,9.563119888305664,False,4G,6
/* TOP 1000 ROWS */ SELECT * FROM data LIMIT 1000,"-- TOP 1000 ROWS
SELECT * FROM data LIMIT 1000",ClickHouseHandler,36.025285720825195,5.917701436602123,1678.421875,40.97709655761719,0.0,0.0,0.005099296569824219,2.3305883407592773,1000,3.920193672180176,False,4G,6
/* COUNT ALL */ SELECT COUNT(*) FROM data,"-- COUNT ALL
SELECT COUNT(*) FROM data",ClickHouseHandler,7.601022720336914,6.747643192488264,1646.44921875,40.19651412963867,0.0,0.0,0.0026998519897460938,0.004456520080566406,1,0.000133514404296875,False,4G,6
"/* DISTINCT VALUES & COUNT OF 'genre' */ SELECT DISTINCT genre, COUNT(genre) AS genre_count FROM data GROUP BY genre ORDER BY genre_count DESC NULLS FIRST","-- DISTINCT VALUES & COUNT OF 'genre'
SELECT 
    DISTINCT genre,
    COUNT(genre) AS genre_count 
FROM data 
GROUP BY genre 
ORDER BY genre_count DESC",ClickHouseHandler,17.093420028686523,4.834743429286608,1667.25,40.704345703125,0.0,0.0,0.0031232833862304688,0.08259391784667969,3097,0.23495960235595703,False,4G,6
"/* DISTINCT VALUES IN COLUMN 'album' */ SELECT DISTINCT album, COUNT(album) AS album_count FROM data GROUP BY album ORDER BY album_count DESC NULLS FIRST","-- DISTINCT VALUES IN COLUMN 'album'
SELECT 
    DISTINCT album,
    COUNT(album) AS album_count 
FROM data 
GROUP BY album 
ORDER BY album_count DESC",ClickHouseHandler,485.11433601379395,9.387432854465958,1707.59765625,41.689395904541016,0.0,0.0,0.0072765350341796875,3.50948429107666,154682,11.50868034362793,False,4G,6
"/* STATS (AVG, SUM, MIN, MAX) FOR COLUMN 'tempo' */ SELECT AVG(tempo) AS avg_tempo, SUM(tempo) AS sum_tempo, MIN(tempo) AS min_tempo, MAX(tempo) AS max_tempo FROM data","-- STATS (AVG, SUM, MIN, MAX) FOR COLUMN 'tempo'
SELECT 
    AVG(tempo) AS avg_tempo,
    SUM(tempo) AS sum_tempo, 
    MIN(tempo) AS min_tempo, 
    MAX(tempo) AS max_tempo 
FROM data",ClickHouseHandler,8.026123046875,5.521925601750547,1666.73828125,40.69185256958008,0.0,0.0,0.0029697418212890625,0.004596710205078125,1,0.000156402587890625,False,4G,6
/* FILTER BY LIKE OPERATOR & 2 CONDITIONS */ SELECT * FROM data WHERE text LIKE '%%love%%' AND tempo < 120,"-- FILTER BY LIKE OPERATOR & 2 CONDITIONS
SELECT * 
FROM data 
WHERE text LIKE '%%love%%'
AND tempo < 120",ClickHouseHandler,3359.94815826416,7.692503907471085,2007.2890625,49.006080627441406,0.0,0.0,0.023156166076660156,251.7705307006836,115044,419.28827476501465,False,4G,6
"/* SELF-JOIN ON 'artist' TO FIND DUPLICATE ARTISTS */ SELECT DISTINCT a1.artist_s AS artists, COUNT(*) AS duplicate_count FROM data AS a1 JOIN data AS a2 ON a1.artist_s = a2.artist_s GROUP BY a1.artist_s","-- SELF-JOIN ON 'artist' TO FIND DUPLICATE ARTISTS
SELECT 
    DISTINCT a1.artist_s AS artists, 
    COUNT(*) AS duplicate_count 
FROM data AS a1 
JOIN data AS a2 
ON a1.artist_s = a2.artist_s
GROUP BY a1.artist_s",ClickHouseHandler,536.5936756134033,5.428107432854466,1763.68359375,43.05868148803711,0.0,0.0,0.034173011779785156,3.034526824951172,127334,9.563119888305664,False,4G,6
/* TOP 1000 ROWS */ SELECT * FROM data LIMIT 1000,"-- TOP 1000 ROWS
SELECT * FROM data LIMIT 1000",MySQLHandler,22.675275802612305,2.3454329477961866,3218.73828125,39.29123878479004,0.0,0.0,0.010937690734863281,2.2875633239746094,1000,3.920193672180176,False,8G,6
/* COUNT ALL */ SELECT COUNT(*) FROM data,"-- COUNT ALL
SELECT COUNT(*) FROM data",MySQLHandler,138.52190971374512,1.2313152139956265,3220.14453125,39.30840492248535,0.0,0.0,0.0014886856079101562,0.0018167495727539062,1,0.000133514404296875,False,8G,6
"/* DISTINCT VALUES & COUNT OF 'genre' */ SELECT DISTINCT genre, COUNT(genre) AS genre_count FROM data GROUP BY genre ORDER BY CASE WHEN genre_count IS NULL THEN 1 ELSE 0 END DESC, genre_count DESC","-- DISTINCT VALUES & COUNT OF 'genre'
SELECT 
    DISTINCT genre,
    COUNT(genre) AS genre_count 
FROM data 
GROUP BY genre 
ORDER BY genre_count DESC",MySQLHandler,1031.0239791870117,0.702261086820737,3236.46875,39.50767517089844,0.0,0.0,0.0023517608642578125,0.09203433990478516,3097,0.23495960235595703,False,8G,6
"/* DISTINCT VALUES IN COLUMN 'album' */ SELECT DISTINCT album, COUNT(album) AS album_count FROM data GROUP BY album ORDER BY CASE WHEN album_count IS NULL THEN 1 ELSE 0 END DESC, album_count DESC","-- DISTINCT VALUES IN COLUMN 'album'
SELECT 
    DISTINCT album,
    COUNT(album) AS album_count 
FROM data 
GROUP BY album 
ORDER BY album_count DESC",MySQLHandler,1630.5365562438965,0.6898221528861154,3255.04296875,39.73441123962402,0.0,0.0,0.018464088439941406,4.039665222167969,151168,11.28181266784668,False,8G,6
"/* STATS (AVG, SUM, MIN, MAX) FOR COLUMN 'tempo' */ SELECT AVG(tempo) AS avg_tempo, SUM(tempo) AS sum_tempo, MIN(tempo) AS min_tempo, MAX(tempo) AS max_tempo FROM data","-- STATS (AVG, SUM, MIN, MAX) FOR COLUMN 'tempo'
SELECT 
    AVG(tempo) AS avg_tempo,
    SUM(tempo) AS sum_tempo, 
    MIN(tempo) AS min_tempo, 
    MAX(tempo) AS max_tempo 
FROM data",MySQLHandler,464.83731269836426,0.9144284821986259,3261.44921875,39.812612533569336,0.0,0.0,0.0016279220581054688,0.0019350051879882812,1,0.000156402587890625,False,8G,6
/* FILTER BY LIKE OPERATOR & 2 CONDITIONS */ SELECT * FROM data WHERE text LIKE '%%love%%' AND tempo < 120,"-- FILTER BY LIKE OPERATOR & 2 CONDITIONS
SELECT * 
FROM data 
WHERE text LIKE '%%love%%'
AND tempo < 120",MySQLHandler,3376.282215118408,0.5996378395254449,3251.76171875,39.69435691833496,0.0,0.0,1.0250587463378906,255.69958114624023,119158,433.5639772415161,False,8G,6
"/* SELF-JOIN ON 'artist' TO FIND DUPLICATE ARTISTS */ SELECT DISTINCT a1.artist_s AS artists, COUNT(*) AS duplicate_count FROM data AS a1 JOIN data AS a2 ON a1.artist_s = a2.artist_s GROUP BY a1.artist_s","-- SELF-JOIN ON 'artist' TO FIND DUPLICATE ARTISTS
SELECT 
    DISTINCT a1.artist_s AS artists, 
    COUNT(*) AS duplicate_count 
FROM data AS a1 
JOIN data AS a2 
ON a1.artist_s = a2.artist_s
GROUP BY a1.artist_s",MySQLHandler,62208.97722244263,0.5065251326881048,3288.66796875,40.14487266540527,0.0,0.0,0.01735401153564453,3.478695869445801,127197,9.554627418518066,False,8G,6
/* TOP 1000 ROWS */ SELECT * FROM data LIMIT 1000,"-- TOP 1000 ROWS
SELECT * FROM data LIMIT 1000",PostgresHandler,21.077632904052734,0.16189881324172392,2076.71484375,25.350522994995117,0.0,0.0,0.0213470458984375,2.4446020126342773,1000,3.9677934646606445,False,8G,6
/* COUNT ALL */ SELECT COUNT(*) FROM data,"-- COUNT ALL
SELECT COUNT(*) FROM data",PostgresHandler,49.06439781188965,0.14841448189762796,2079.3046875,25.382137298583984,0.0,0.0,0.001827239990234375,0.0024976730346679688,1,0.000133514404296875,False,8G,6
"/* DISTINCT VALUES & COUNT OF 'genre' */ SELECT DISTINCT genre, COUNT(genre) AS genre_count FROM data GROUP BY genre ORDER BY genre_count DESC","-- DISTINCT VALUES & COUNT OF 'genre'
SELECT 
    DISTINCT genre,
    COUNT(genre) AS genre_count 
FROM data 
GROUP BY genre 
ORDER BY genre_count DESC",PostgresHandler,69.92149353027344,2.271780137414116,2081.2578125,25.40597915649414,0.0,0.0,0.0030727386474609375,0.1195974349975586,3097,0.23495960235595703,False,8G,6
"/* DISTINCT VALUES IN COLUMN 'album' */ SELECT DISTINCT album, COUNT(album) AS album_count FROM data GROUP BY album ORDER BY album_count DESC","-- DISTINCT VALUES IN COLUMN 'album'
SELECT 
    DISTINCT album,
    COUNT(album) AS album_count 
FROM data 
GROUP BY album 
ORDER BY album_count DESC",PostgresHandler,525.0654220581055,2.0079,2084.2890625,25.442981719970703,0.0,0.0,0.046133995056152344,5.453701019287109,154682,11.50865650177002,False,8G,6
"/* STATS (AVG, SUM, MIN, MAX) FOR COLUMN 'tempo' */ SELECT AVG(tempo) AS avg_tempo, SUM(tempo) AS sum_tempo, MIN(tempo) AS min_tempo, MAX(tempo) AS max_tempo FROM data","-- STATS (AVG, SUM, MIN, MAX) FOR COLUMN 'tempo'
SELECT 
    AVG(tempo) AS avg_tempo,
    SUM(tempo) AS sum_tempo, 
    MIN(tempo) AS min_tempo, 
    MAX(tempo) AS max_tempo 
FROM data",PostgresHandler,78.21798324584961,2.0668541080912215,2095.33984375,25.577878952026367,0.0,0.0,0.0019664764404296875,0.0026187896728515625,1,0.000156402587890625,False,8G,6
/* FILTER BY LIKE OPERATOR & 2 CONDITIONS */ SELECT * FROM data WHERE text LIKE '%%love%%' AND tempo < 120,"-- FILTER BY LIKE OPERATOR & 2 CONDITIONS
SELECT * 
FROM data 
WHERE text LIKE '%%love%%'
AND tempo < 120",PostgresHandler,1597.5089073181152,2.398701622971286,2103.03515625,25.671815872192383,0.0,0.0,2.1008377075195312,264.63333892822266,115044,419.287654876709,False,8G,6
"/* SELF-JOIN ON 'artist' TO FIND DUPLICATE ARTISTS */ SELECT DISTINCT a1.artist_s AS artists, COUNT(*) AS duplicate_count FROM data AS a1 JOIN data AS a2 ON a1.artist_s = a2.artist_s GROUP BY a1.artist_s","-- SELF-JOIN ON 'artist' TO FIND DUPLICATE ARTISTS
SELECT 
    DISTINCT a1.artist_s AS artists, 
    COUNT(*) AS duplicate_count 
FROM data AS a1 
JOIN data AS a2 
ON a1.artist_s = a2.artist_s
GROUP BY a1.artist_s",PostgresHandler,1255.155324935913,2.2588,2120.74609375,25.88801383972168,0.0,0.0,0.039139747619628906,4.595521926879883,127334,9.563119888305664,False,8G,6
/* TOP 1000 ROWS */ SELECT * FROM data LIMIT 1000,"-- TOP 1000 ROWS
SELECT * FROM data LIMIT 1000",DuckDBHandler,18.484830856323242,0.0046985317088409865,100.52734375,1.2271404266357422,0.0,0.0,0.0,0.0,1000,3.920193672180176,False,8G,6
/* COUNT ALL */ SELECT COUNT(*) FROM data,"-- COUNT ALL
SELECT COUNT(*) FROM data",DuckDBHandler,2.240419387817383,0.005098406747891283,100.52734375,1.2271404266357422,0.0,0.0,0.0,0.0,1,0.000133514404296875,False,8G,6
"/* DISTINCT VALUES & COUNT OF 'genre' */ SELECT DISTINCT genre, COUNT(genre) AS genre_count FROM data GROUP BY genre ORDER BY genre_count DESC NULLS FIRST","-- DISTINCT VALUES & COUNT OF 'genre'
SELECT 
    DISTINCT genre,
    COUNT(genre) AS genre_count 
FROM data 
GROUP BY genre 
ORDER BY genre_count DESC",DuckDBHandler,9.390830993652344,0.004391765439800374,100.52734375,1.2271404266357422,0.0,0.0,0.0,0.0,3097,0.23495960235595703,False,8G,6
"/* DISTINCT VALUES IN COLUMN 'album' */ SELECT DISTINCT album, COUNT(album) AS album_count FROM data GROUP BY album ORDER BY album_count DESC NULLS FIRST","-- DISTINCT VALUES IN COLUMN 'album'
SELECT 
    DISTINCT album,
    COUNT(album) AS album_count 
FROM data 
GROUP BY album 
ORDER BY album_count DESC",DuckDBHandler,180.22990226745605,0.005,100.52734375,1.2271404266357422,0.0,0.0,0.0,0.0,154682,11.50865650177002,False,8G,6
"/* STATS (AVG, SUM, MIN, MAX) FOR COLUMN 'tempo' */ SELECT AVG(tempo) AS avg_tempo, SUM(tempo) AS sum_tempo, MIN(tempo) AS min_tempo, MAX(tempo) AS max_tempo FROM data","-- STATS (AVG, SUM, MIN, MAX) FOR COLUMN 'tempo'
SELECT 
    AVG(tempo) AS avg_tempo,
    SUM(tempo) AS sum_tempo, 
    MIN(tempo) AS min_tempo, 
    MAX(tempo) AS max_tempo 
FROM data",DuckDBHandler,2.679586410522461,0.00499843798812871,100.52734375,1.2271404266357422,0.0,0.0,0.0,0.0,1,0.000156402587890625,False,8G,6
/* FILTER BY LIKE OPERATOR & 2 CONDITIONS */ SELECT * FROM data WHERE text LIKE '%%love%%' AND tempo < 120,"-- FILTER BY LIKE OPERATOR & 2 CONDITIONS
SELECT * 
FROM data 
WHERE text LIKE '%%love%%'
AND tempo < 120",DuckDBHandler,1791.1100387573242,0.005994380268498283,100.52734375,1.2271404266357422,0.0,0.0,0.0,0.0,115044,419.287654876709,False,8G,6
"/* SELF-JOIN ON 'artist' TO FIND DUPLICATE ARTISTS */ SELECT DISTINCT a1.artist_s AS artists, COUNT(*) AS duplicate_count FROM data AS a1 JOIN data AS a2 ON a1.artist_s = a2.artist_s GROUP BY a1.artist_s","-- SELF-JOIN ON 'artist' TO FIND DUPLICATE ARTISTS
SELECT 
    DISTINCT a1.artist_s AS artists, 
    COUNT(*) AS duplicate_count 
FROM data AS a1 
JOIN data AS a2 
ON a1.artist_s = a2.artist_s
GROUP BY a1.artist_s",DuckDBHandler,153.1672477722168,0.004301344170053142,100.52734375,1.2271404266357422,0.0,0.0,0.0,0.0,127334,9.563119888305664,False,8G,6
/* TOP 1000 ROWS */ SELECT * FROM data LIMIT 1000,"-- TOP 1000 ROWS
SELECT * FROM data LIMIT 1000",ClickHouseHandler,35.30430793762207,2.0168605378361475,1558.6640625,19.026660919189453,0.0,0.0,0.005225181579589844,2.3305883407592773,1000,3.920193672180176,False,8G,6
/* COUNT ALL */ SELECT COUNT(*) FROM data,"-- COUNT ALL
SELECT COUNT(*) FROM data",ClickHouseHandler,6.52313232421875,3.6671620355916326,1527.93359375,18.651533126831055,0.0,0.0,0.0026998519897460938,0.00445556640625,1,0.000133514404296875,False,8G,6
"/* DISTINCT VALUES & COUNT OF 'genre' */ SELECT DISTINCT genre, COUNT(genre) AS genre_count FROM data GROUP BY genre ORDER BY genre_count DESC NULLS FIRST","-- DISTINCT VALUES & COUNT OF 'genre'
SELECT 
    DISTINCT genre,
    COUNT(genre) AS genre_count 
FROM data 
GROUP BY genre 
ORDER BY genre_count DESC",ClickHouseHandler,16.774892807006836,5.63801436153606,1544.96875,18.859481811523438,0.0,0.0,0.0029344558715820312,0.08253097534179688,3097,0.23495960235595703,False,8G,6
"/* DISTINCT VALUES IN COLUMN 'album' */ SELECT DISTINCT album, COUNT(album) AS album_count FROM data GROUP BY album ORDER BY album_count DESC NULLS FIRST","-- DISTINCT VALUES IN COLUMN 'album'
SELECT 
    DISTINCT album,
    COUNT(album) AS album_count 
FROM data 
GROUP BY album 
ORDER BY album_count DESC",ClickHouseHandler,469.53797340393066,8.9022,1589.13671875,19.39864158630371,0.0,0.0,0.006458282470703125,3.5093584060668945,154682,11.50868034362793,False,8G,6
"/* STATS (AVG, SUM, MIN, MAX) FOR COLUMN 'tempo' */ SELECT AVG(tempo) AS avg_tempo, SUM(tempo) AS sum_tempo, MIN(tempo) AS min_tempo, MAX(tempo) AS max_tempo FROM data","-- STATS (AVG, SUM, MIN, MAX) FOR COLUMN 'tempo'
SELECT 
    AVG(tempo) AS avg_tempo,
    SUM(tempo) AS sum_tempo, 
    MIN(tempo) AS min_tempo, 
    MAX(tempo) AS max_tempo 
FROM data",ClickHouseHandler,7.451057434082031,4.855934959349593,1554.8125,18.979644775390625,0.0,0.0,0.0027141571044921875,0.0045337677001953125,1,0.000156402587890625,False,8G,6
/* FILTER BY LIKE OPERATOR & 2 CONDITIONS */ SELECT * FROM data WHERE text LIKE '%%love%%' AND tempo < 120,"-- FILTER BY LIKE OPERATOR & 2 CONDITIONS
SELECT * 
FROM data 
WHERE text LIKE '%%love%%'
AND tempo < 120",ClickHouseHandler,3360.5899810791016,6.506433260393873,1609.98828125,19.65317726135254,0.0,0.0,0.024827003479003906,251.8096046447754,115044,419.28827476501465,False,8G,6
"/* SELF-JOIN ON 'artist' TO FIND DUPLICATE ARTISTS */ SELECT DISTINCT a1.artist_s AS artists, COUNT(*) AS duplicate_count FROM data AS a1 JOIN data AS a2 ON a1.artist_s = a2.artist_s GROUP BY a1.artist_s","-- SELF-JOIN ON 'artist' TO FIND DUPLICATE ARTISTS
SELECT 
    DISTINCT a1.artist_s AS artists, 
    COUNT(*) AS duplicate_count 
FROM data AS a1 
JOIN data AS a2 
ON a1.artist_s = a2.artist_s
GROUP BY a1.artist_s",ClickHouseHandler,540.8625602722168,5.00042526579112,1635.0625,19.959259033203125,0.0,0.0,0.032576560974121094,3.034893035888672,127334,9.563119888305664,False,8G,6
/* TOP 1000 ROWS */ SELECT * FROM data LIMIT 1000,"-- TOP 1000 ROWS
SELECT * FROM data LIMIT 1000",MySQLHandler,22.08566665649414,1.1295,3218.6484375,19.645071029663086,0.0,0.0,0.010937690734863281,2.2875633239746094,1000,3.920193672180176,False,16G,6
/* COUNT ALL */ SELECT COUNT(*) FROM data,"-- COUNT ALL
SELECT COUNT(*) FROM data",MySQLHandler,131.04724884033203,2.4041512972804,3219.82421875,19.652247428894043,0.0,0.0,0.0014886856079101562,0.0018167495727539062,1,0.000133514404296875,False,16G,6
"/* DISTINCT VALUES & COUNT OF 'genre' */ SELECT DISTINCT genre, COUNT(genre) AS genre_count FROM data GROUP BY genre ORDER BY CASE WHEN genre_count IS NULL THEN 1 ELSE 0 END DESC, genre_count DESC","-- DISTINCT VALUES & COUNT OF 'genre'
SELECT 
    DISTINCT genre,
    COUNT(genre) AS genre_count 
FROM data 
GROUP BY genre 
ORDER BY genre_count DESC",MySQLHandler,1025.0217914581299,1.697669478288035,3236.08984375,19.751524925231934,0.0,0.0,0.0023517608642578125,0.09203433990478516,3097,0.23495960235595703,False,16G,6
"/* DISTINCT VALUES IN COLUMN 'album' */ SELECT DISTINCT album, COUNT(album) AS album_count FROM data GROUP BY album ORDER BY CASE WHEN album_count IS NULL THEN 1 ELSE 0 END DESC, album_count DESC","-- DISTINCT VALUES IN COLUMN 'album'
SELECT 
    DISTINCT album,
    COUNT(album) AS album_count 
FROM data 
GROUP BY album 
ORDER BY album_count DESC",MySQLHandler,1640.0792598724365,0.789166926677067,3251.99609375,19.84860897064209,0.0,0.0,0.018464088439941406,4.039665222167969,151168,11.28181266784668,False,16G,6
"/* STATS (AVG, SUM, MIN, MAX) FOR COLUMN 'tempo' */ SELECT AVG(tempo) AS avg_tempo, SUM(tempo) AS sum_tempo, MIN(tempo) AS min_tempo, MAX(tempo) AS max_tempo FROM data","-- STATS (AVG, SUM, MIN, MAX) FOR COLUMN 'tempo'
SELECT 
    AVG(tempo) AS avg_tempo,
    SUM(tempo) AS sum_tempo, 
    MIN(tempo) AS min_tempo, 
    MAX(tempo) AS max_tempo 
FROM data",MySQLHandler,419.2683696746826,0.699644083671558,3258.26171875,19.88685131072998,0.0,0.0,0.0016908645629882812,0.0019979476928710938,1,0.000156402587890625,False,16G,6
/* FILTER BY LIKE OPERATOR & 2 CONDITIONS */ SELECT * FROM data WHERE text LIKE '%%love%%' AND tempo < 120,"-- FILTER BY LIKE OPERATOR & 2 CONDITIONS
SELECT * 
FROM data 
WHERE text LIKE '%%love%%'
AND tempo < 120",MySQLHandler,3401.245355606079,0.7433354153653966,3251.90625,19.848060607910156,0.0,0.0,1.0258769989013672,255.69976997375488,119158,433.5639772415161,False,16G,6
"/* SELF-JOIN ON 'artist' TO FIND DUPLICATE ARTISTS */ SELECT DISTINCT a1.artist_s AS artists, COUNT(*) AS duplicate_count FROM data AS a1 JOIN data AS a2 ON a1.artist_s = a2.artist_s GROUP BY a1.artist_s","-- SELF-JOIN ON 'artist' TO FIND DUPLICATE ARTISTS
SELECT 
    DISTINCT a1.artist_s AS artists, 
    COUNT(*) AS duplicate_count 
FROM data AS a1 
JOIN data AS a2 
ON a1.artist_s = a2.artist_s
GROUP BY a1.artist_s",MySQLHandler,62231.9872379303,1.0331,3291.0625,20.087051391601562,0.0,0.0,0.01735401153564453,3.478695869445801,127197,9.554627418518066,False,16G,6
/* TOP 1000 ROWS */ SELECT * FROM data LIMIT 1000,"-- TOP 1000 ROWS
SELECT * FROM data LIMIT 1000",PostgresHandler,22.011280059814453,0.14851435705368288,2076.6015625,12.674570083618164,0.0,0.0,0.0213470458984375,2.4446020126342773,1000,3.9677934646606445,False,16G,6
/* COUNT ALL */ SELECT COUNT(*) FROM data,"-- COUNT ALL
SELECT COUNT(*) FROM data",PostgresHandler,41.88370704650879,0.144154951577632,2078.8203125,12.688112258911133,0.0,0.0,0.001827239990234375,0.0023717880249023438,1,0.000133514404296875,False,16G,6
"/* DISTINCT VALUES & COUNT OF 'genre' */ SELECT DISTINCT genre, COUNT(genre) AS genre_count FROM data GROUP BY genre ORDER BY genre_count DESC","-- DISTINCT VALUES & COUNT OF 'genre'
SELECT 
    DISTINCT genre,
    COUNT(genre) AS genre_count 
FROM data 
GROUP BY genre 
ORDER BY genre_count DESC",PostgresHandler,68.32575798034668,2.243896347174524,2080.80859375,12.700247764587402,0.0,0.0,0.0030727386474609375,0.1195974349975586,3097,0.23495960235595703,False,16G,6
"/* DISTINCT VALUES IN COLUMN 'album' */ SELECT DISTINCT album, COUNT(album) AS album_count FROM data GROUP BY album ORDER BY album_count DESC","-- DISTINCT VALUES IN COLUMN 'album'
SELECT 
    DISTINCT album,
    COUNT(album) AS album_count 
FROM data 
GROUP BY album 
ORDER BY album_count DESC",PostgresHandler,528.4163951873779,2.1115,2079.75390625,12.69381046295166,0.0,0.0,0.045940399169921875,5.453701019287109,154682,11.50865650177002,False,16G,6
"/* STATS (AVG, SUM, MIN, MAX) FOR COLUMN 'tempo' */ SELECT AVG(tempo) AS avg_tempo, SUM(tempo) AS sum_tempo, MIN(tempo) AS min_tempo, MAX(tempo) AS max_tempo FROM data","-- STATS (AVG, SUM, MIN, MAX) FOR COLUMN 'tempo'
SELECT 
    AVG(tempo) AS avg_tempo,
    SUM(tempo) AS sum_tempo, 
    MIN(tempo) AS min_tempo, 
    MAX(tempo) AS max_tempo 
FROM data",PostgresHandler,74.13291931152344,2.2273158551810237,2089.921875,12.755870819091797,0.0,0.0,0.0019664764404296875,0.0026187896728515625,1,0.000156402587890625,False,16G,6
/* FILTER BY LIKE OPERATOR & 2 CONDITIONS */ SELECT * FROM data WHERE text LIKE '%%love%%' AND tempo < 120,"-- FILTER BY LIKE OPERATOR & 2 CONDITIONS
SELECT * 
FROM data 
WHERE text LIKE '%%love%%'
AND tempo < 120",PostgresHandler,1588.2205963134766,2.0279650436953807,2098.07421875,12.805628776550293,0.0,0.0,2.0970611572265625,264.63371658325195,115044,419.287654876709,False,16G,6
"/* SELF-JOIN ON 'artist' TO FIND DUPLICATE ARTISTS */ SELECT DISTINCT a1.artist_s AS artists, COUNT(*) AS duplicate_count FROM data AS a1 JOIN data AS a2 ON a1.artist_s = a2.artist_s GROUP BY a1.artist_s","-- SELF-JOIN ON 'artist' TO FIND DUPLICATE ARTISTS
SELECT 
    DISTINCT a1.artist_s AS artists, 
    COUNT(*) AS duplicate_count 
FROM data AS a1 
JOIN data AS a2 
ON a1.artist_s = a2.artist_s
GROUP BY a1.artist_s",PostgresHandler,1241.1069869995117,2.0506774898532627,2119.79296875,12.938189506530762,0.0,0.0,0.039139747619628906,4.595521926879883,127334,9.563119888305664,False,16G,6
/* TOP 1000 ROWS */ SELECT * FROM data LIMIT 1000,"-- TOP 1000 ROWS
SELECT * FROM data LIMIT 1000",DuckDBHandler,21.477460861206055,0.00499843798812871,100.64453125,0.6142854690551758,0.0,0.0,0.0,0.0,1000,3.920193672180176,False,16G,6
/* COUNT ALL */ SELECT COUNT(*) FROM data,"-- COUNT ALL
SELECT COUNT(*) FROM data",DuckDBHandler,2.2902488708496094,0.004497189256714554,100.64453125,0.6142854690551758,0.0,0.0,0.0,0.0,1,0.000133514404296875,False,16G,6
"/* DISTINCT VALUES & COUNT OF 'genre' */ SELECT DISTINCT genre, COUNT(genre) AS genre_count FROM data GROUP BY genre ORDER BY genre_count DESC NULLS FIRST","-- DISTINCT VALUES & COUNT OF 'genre'
SELECT 
    DISTINCT genre,
    COUNT(genre) AS genre_count 
FROM data 
GROUP BY genre 
ORDER BY genre_count DESC",DuckDBHandler,9.472846984863281,0.004697064334790756,100.64453125,0.6142854690551758,0.0,0.0,0.0,0.0,3097,0.23495960235595703,False,16G,6
"/* DISTINCT VALUES IN COLUMN 'album' */ SELECT DISTINCT album, COUNT(album) AS album_count FROM data GROUP BY album ORDER BY album_count DESC NULLS FIRST","-- DISTINCT VALUES IN COLUMN 'album'
SELECT 
    DISTINCT album,
    COUNT(album) AS album_count 
FROM data 
GROUP BY album 
ORDER BY album_count DESC",DuckDBHandler,183.1061840057373,0.004996876951905059,100.64453125,0.6142854690551758,0.0,0.0,0.0,0.0,154682,11.50865650177002,False,16G,6
"/* STATS (AVG, SUM, MIN, MAX) FOR COLUMN 'tempo' */ SELECT AVG(tempo) AS avg_tempo, SUM(tempo) AS sum_tempo, MIN(tempo) AS min_tempo, MAX(tempo) AS max_tempo FROM data","-- STATS (AVG, SUM, MIN, MAX) FOR COLUMN 'tempo'
SELECT 
    AVG(tempo) AS avg_tempo,
    SUM(tempo) AS sum_tempo, 
    MIN(tempo) AS min_tempo, 
    MAX(tempo) AS max_tempo 
FROM data",DuckDBHandler,2.8383731842041016,0.004887780548628429,100.64453125,0.6142854690551758,0.0,0.0,0.0,0.0,1,0.000156402587890625,False,16G,6
/* FILTER BY LIKE OPERATOR & 2 CONDITIONS */ SELECT * FROM data WHERE text LIKE '%%love%%' AND tempo < 120,"-- FILTER BY LIKE OPERATOR & 2 CONDITIONS
SELECT * 
FROM data 
WHERE text LIKE '%%love%%'
AND tempo < 120",DuckDBHandler,1787.914752960205,0.00480150046889653,100.64453125,0.6142854690551758,0.0,0.0,0.0,0.0,115044,419.287654876709,False,16G,6
"/* SELF-JOIN ON 'artist' TO FIND DUPLICATE ARTISTS */ SELECT DISTINCT a1.artist_s AS artists, COUNT(*) AS duplicate_count FROM data AS a1 JOIN data AS a2 ON a1.artist_s = a2.artist_s GROUP BY a1.artist_s","-- SELF-JOIN ON 'artist' TO FIND DUPLICATE ARTISTS
SELECT 
    DISTINCT a1.artist_s AS artists, 
    COUNT(*) AS duplicate_count 
FROM data AS a1 
JOIN data AS a2 
ON a1.artist_s = a2.artist_s
GROUP BY a1.artist_s",DuckDBHandler,234.9107265472412,0.004794007490636704,100.64453125,0.6142854690551758,0.0,0.0,0.0,0.0,127334,9.563119888305664,False,16G,6
/* TOP 1000 ROWS */ SELECT * FROM data LIMIT 1000,"-- TOP 1000 ROWS
SELECT * FROM data LIMIT 1000",ClickHouseHandler,36.026716232299805,5.175334584115072,1657.859375,10.118770599365234,0.0,0.0,0.005728721618652344,2.330777168273926,1000,3.920193672180176,False,16G,6
/* COUNT ALL */ SELECT COUNT(*) FROM data,"-- COUNT ALL
SELECT COUNT(*) FROM data",ClickHouseHandler,15.050172805786133,7.340224719101124,1637.25390625,9.99300479888916,0.0,0.0,0.0025110244750976562,0.004520416259765625,1,0.000133514404296875,False,16G,6
"/* DISTINCT VALUES & COUNT OF 'genre' */ SELECT DISTINCT genre, COUNT(genre) AS genre_count FROM data GROUP BY genre ORDER BY genre_count DESC NULLS FIRST","-- DISTINCT VALUES & COUNT OF 'genre'
SELECT 
    DISTINCT genre,
    COUNT(genre) AS genre_count 
FROM data 
GROUP BY genre 
ORDER BY genre_count DESC",ClickHouseHandler,17.184734344482422,5.563076923076923,1653.95703125,10.094952583312988,0.0,0.0,0.0032606124877929688,0.0826568603515625,3097,0.23495960235595703,False,16G,6
"/* DISTINCT VALUES IN COLUMN 'album' */ SELECT DISTINCT album, COUNT(album) AS album_count FROM data GROUP BY album ORDER BY album_count DESC NULLS FIRST","-- DISTINCT VALUES IN COLUMN 'album'
SELECT 
    DISTINCT album,
    COUNT(album) AS album_count 
FROM data 
GROUP BY album 
ORDER BY album_count DESC",ClickHouseHandler,475.3079414367676,10.324273664479849,1713.1171875,10.456037521362305,0.0,0.0,0.0066585540771484375,3.509552001953125,154682,11.50868034362793,False,16G,6
"/* STATS (AVG, SUM, MIN, MAX) FOR COLUMN 'tempo' */ SELECT AVG(tempo) AS avg_tempo, SUM(tempo) AS sum_tempo, MIN(tempo) AS min_tempo, MAX(tempo) AS max_tempo FROM data","-- STATS (AVG, SUM, MIN, MAX) FOR COLUMN 'tempo'
SELECT 
    AVG(tempo) AS avg_tempo,
    SUM(tempo) AS sum_tempo, 
    MIN(tempo) AS min_tempo, 
    MAX(tempo) AS max_tempo 
FROM data",ClickHouseHandler,8.057355880737305,5.392444583203247,1674.609375,10.221004486083984,0.0,0.0,0.0025882720947265625,0.004532814025878906,1,0.000156402587890625,False,16G,6
/* FILTER BY LIKE OPERATOR & 2 CONDITIONS */ SELECT * FROM data WHERE text LIKE '%%love%%' AND tempo < 120,"-- FILTER BY LIKE OPERATOR & 2 CONDITIONS
SELECT * 
FROM data 
WHERE text LIKE '%%love%%'
AND tempo < 120",ClickHouseHandler,3450.927972793579,6.916923076923077,1679.2578125,10.24937629699707,0.0,0.0,0.022337913513183594,251.74860095977783,115044,419.28827476501465,False,16G,6
"/* SELF-JOIN ON 'artist' TO FIND DUPLICATE ARTISTS */ SELECT DISTINCT a1.artist_s AS artists, COUNT(*) AS duplicate_count FROM data AS a1 JOIN data AS a2 ON a1.artist_s = a2.artist_s GROUP BY a1.artist_s","-- SELF-JOIN ON 'artist' TO FIND DUPLICATE ARTISTS
SELECT 
    DISTINCT a1.artist_s AS artists, 
    COUNT(*) AS duplicate_count 
FROM data AS a1 
JOIN data AS a2 
ON a1.artist_s = a2.artist_s
GROUP BY a1.artist_s",ClickHouseHandler,545.1288223266602,8.304495154735855,1752.28515625,10.695099830627441,0.0,0.0,0.03396129608154297,3.0348310470581055,127334,9.563119888305664,False,16G,6
/* TOP 1000 ROWS */ SELECT * FROM data LIMIT 1000,"-- TOP 1000 ROWS
SELECT * FROM data LIMIT 1000",MySQLHandler,23.42963218688965,2.35423569865583,3218.46875,9.82198715209961,0.0,0.0,0.010874748229980469,2.2875003814697266,1000,3.920193672180176,False,32G,6
/* COUNT ALL */ SELECT COUNT(*) FROM data,"-- COUNT ALL
SELECT COUNT(*) FROM data",MySQLHandler,136.40213012695312,1.2174804626445763,3219.65625,9.825611114501953,0.0,0.0,0.0014886856079101562,0.0018167495727539062,1,0.000133514404296875,False,32G,6
"/* DISTINCT VALUES & COUNT OF 'genre' */ SELECT DISTINCT genre, COUNT(genre) AS genre_count FROM data GROUP BY genre ORDER BY CASE WHEN genre_count IS NULL THEN 1 ELSE 0 END DESC, genre_count DESC","-- DISTINCT VALUES & COUNT OF 'genre'
SELECT 
    DISTINCT genre,
    COUNT(genre) AS genre_count 
FROM data 
GROUP BY genre 
ORDER BY genre_count DESC",MySQLHandler,1017.8141593933105,0.805245082734936,3236.2421875,9.876227378845215,0.0,0.0,0.0023517608642578125,0.09203433990478516,3097,0.23495960235595703,False,32G,6
"/* DISTINCT VALUES IN COLUMN 'album' */ SELECT DISTINCT album, COUNT(album) AS album_count FROM data GROUP BY album ORDER BY CASE WHEN album_count IS NULL THEN 1 ELSE 0 END DESC, album_count DESC","-- DISTINCT VALUES IN COLUMN 'album'
SELECT 
    DISTINCT album,
    COUNT(album) AS album_count 
FROM data 
GROUP BY album 
ORDER BY album_count DESC",MySQLHandler,1631.1719417572021,1.432352389878163,3265.03515625,9.964096546173096,0.0,0.0,0.01852703094482422,4.039728164672852,151168,11.28181266784668,False,32G,6
"/* STATS (AVG, SUM, MIN, MAX) FOR COLUMN 'tempo' */ SELECT AVG(tempo) AS avg_tempo, SUM(tempo) AS sum_tempo, MIN(tempo) AS min_tempo, MAX(tempo) AS max_tempo FROM data","-- STATS (AVG, SUM, MIN, MAX) FOR COLUMN 'tempo'
SELECT 
    AVG(tempo) AS avg_tempo,
    SUM(tempo) AS sum_tempo, 
    MIN(tempo) AS min_tempo, 
    MAX(tempo) AS max_tempo 
FROM data",MySQLHandler,435.11486053466797,0.6012726138490331,3265.125,9.964370727539062,0.0,0.0,0.0016279220581054688,0.0019350051879882812,1,0.000156402587890625,False,32G,6
/* FILTER BY LIKE OPERATOR & 2 CONDITIONS */ SELECT * FROM data WHERE text LIKE '%%love%%' AND tempo < 120,"-- FILTER BY LIKE OPERATOR & 2 CONDITIONS
SELECT * 
FROM data 
WHERE text LIKE '%%love%%'
AND tempo < 120",MySQLHandler,3421.4463233947754,0.7186770670826833,3251.7265625,9.923481941223145,0.0,0.0,1.0261287689208984,255.69964408874512,119158,433.5639772415161,False,32G,6
"/* SELF-JOIN ON 'artist' TO FIND DUPLICATE ARTISTS */ SELECT DISTINCT a1.artist_s AS artists, COUNT(*) AS duplicate_count FROM data AS a1 JOIN data AS a2 ON a1.artist_s = a2.artist_s GROUP BY a1.artist_s","-- SELF-JOIN ON 'artist' TO FIND DUPLICATE ARTISTS
SELECT 
    DISTINCT a1.artist_s AS artists, 
    COUNT(*) AS duplicate_count 
FROM data AS a1 
JOIN data AS a2 
ON a1.artist_s = a2.artist_s
GROUP BY a1.artist_s",MySQLHandler,62108.514070510864,0.7213745704467354,3288.63671875,10.036122798919678,0.0,0.0,0.017416954040527344,3.4787588119506836,127197,9.554627418518066,False,32G,6
/* TOP 1000 ROWS */ SELECT * FROM data LIMIT 1000,"-- TOP 1000 ROWS
SELECT * FROM data LIMIT 1000",PostgresHandler,21.025896072387695,0.15675101530771635,2077.10546875,6.338822841644287,0.0,0.0,0.021413803100585938,2.4446020126342773,1000,3.9677934646606445,False,32G,6
/* COUNT ALL */ SELECT COUNT(*) FROM data,"-- COUNT ALL
SELECT COUNT(*) FROM data",PostgresHandler,44.673919677734375,0.16504527005931938,2079.015625,6.34465217590332,0.0,0.0,0.001827239990234375,0.0023717880249023438,1,0.000133514404296875,False,32G,6
"/* DISTINCT VALUES & COUNT OF 'genre' */ SELECT DISTINCT genre, COUNT(genre) AS genre_count FROM data GROUP BY genre ORDER BY genre_count DESC","-- DISTINCT VALUES & COUNT OF 'genre'
SELECT 
    DISTINCT genre,
    COUNT(genre) AS genre_count 
FROM data 
GROUP BY genre 
ORDER BY genre_count DESC",PostgresHandler,67.23165512084961,2.505716963448922,2081.0078125,6.35073184967041,0.0,0.0,0.0030727386474609375,0.1195974349975586,3097,0.23495960235595703,False,32G,6
"/* DISTINCT VALUES IN COLUMN 'album' */ SELECT DISTINCT album, COUNT(album) AS album_count FROM data GROUP BY album ORDER BY album_count DESC","-- DISTINCT VALUES IN COLUMN 'album'
SELECT 
    DISTINCT album,
    COUNT(album) AS album_count 
FROM data 
GROUP BY album 
ORDER BY album_count DESC",PostgresHandler,460.2792263031006,2.0995633187772924,2084.68359375,6.361949443817139,0.0,0.0,0.045940399169921875,5.453701019287109,154682,11.50865650177002,False,32G,6
"/* STATS (AVG, SUM, MIN, MAX) FOR COLUMN 'tempo' */ SELECT AVG(tempo) AS avg_tempo, SUM(tempo) AS sum_tempo, MIN(tempo) AS min_tempo, MAX(tempo) AS max_tempo FROM data","-- STATS (AVG, SUM, MIN, MAX) FOR COLUMN 'tempo'
SELECT 
    AVG(tempo) AS avg_tempo,
    SUM(tempo) AS sum_tempo, 
    MIN(tempo) AS min_tempo, 
    MAX(tempo) AS max_tempo 
FROM data",PostgresHandler,75.11019706726074,2.173741411617739,2095.2109375,6.394076347351074,0.0,0.0,0.0019664764404296875,0.0026187896728515625,1,0.000156402587890625,False,32G,6
/* FILTER BY LIKE OPERATOR & 2 CONDITIONS */ SELECT * FROM data WHERE text LIKE '%%love%%' AND tempo < 120,"-- FILTER BY LIKE OPERATOR & 2 CONDITIONS
SELECT * 
FROM data 
WHERE text LIKE '%%love%%'
AND tempo < 120",PostgresHandler,1575.2131938934326,2.1492134831460676,2103.08984375,6.418120861053467,0.0,0.0,2.0977649688720703,264.6332759857178,115044,419.287654876709,False,32G,6
"/* SELF-JOIN ON 'artist' TO FIND DUPLICATE ARTISTS */ SELECT DISTINCT a1.artist_s AS artists, COUNT(*) AS duplicate_count FROM data AS a1 JOIN data AS a2 ON a1.artist_s = a2.artist_s GROUP BY a1.artist_s","-- SELF-JOIN ON 'artist' TO FIND DUPLICATE ARTISTS
SELECT 
    DISTINCT a1.artist_s AS artists, 
    COUNT(*) AS duplicate_count 
FROM data AS a1 
JOIN data AS a2 
ON a1.artist_s = a2.artist_s
GROUP BY a1.artist_s",PostgresHandler,1204.897403717041,2.6610736579275907,2121.08984375,6.473052501678467,0.0,0.0,0.03920269012451172,4.5955963134765625,127334,9.563119888305664,False,32G,6
/* TOP 1000 ROWS */ SELECT * FROM data LIMIT 1000,"-- TOP 1000 ROWS
SELECT * FROM data LIMIT 1000",DuckDBHandler,18.702268600463867,0.005096814490943161,100.66015625,0.3071904182434082,0.0,0.0,0.0,0.0,1000,3.920193672180176,False,32G,6
/* COUNT ALL */ SELECT COUNT(*) FROM data,"-- COUNT ALL
SELECT COUNT(*) FROM data",DuckDBHandler,2.231597900390625,0.0047910168434185905,100.66015625,0.3071904182434082,0.0,0.0,0.0,0.0,1,0.000133514404296875,False,32G,6
"/* DISTINCT VALUES & COUNT OF 'genre' */ SELECT DISTINCT genre, COUNT(genre) AS genre_count FROM data GROUP BY genre ORDER BY genre_count DESC NULLS FIRST","-- DISTINCT VALUES & COUNT OF 'genre'
SELECT 
    DISTINCT genre,
    COUNT(genre) AS genre_count 
FROM data 
GROUP BY genre 
ORDER BY genre_count DESC",DuckDBHandler,9.702920913696289,0.0029981261711430358,100.66015625,0.3071904182434082,0.0,0.0,0.0,0.0,3097,0.23495960235595703,False,32G,6
"/* DISTINCT VALUES IN COLUMN 'album' */ SELECT DISTINCT album, COUNT(album) AS album_count FROM data GROUP BY album ORDER BY album_count DESC NULLS FIRST","-- DISTINCT VALUES IN COLUMN 'album'
SELECT 
    DISTINCT album,
    COUNT(album) AS album_count 
FROM data 
GROUP BY album 
ORDER BY album_count DESC",DuckDBHandler,184.9968433380127,0.005096814490943161,100.66015625,0.3071904182434082,0.0,0.0,0.0,0.0,154682,11.50865650177002,False,32G,6
"/* STATS (AVG, SUM, MIN, MAX) FOR COLUMN 'tempo' */ SELECT AVG(tempo) AS avg_tempo, SUM(tempo) AS sum_tempo, MIN(tempo) AS min_tempo, MAX(tempo) AS max_tempo FROM data","-- STATS (AVG, SUM, MIN, MAX) FOR COLUMN 'tempo'
SELECT 
    AVG(tempo) AS avg_tempo,
    SUM(tempo) AS sum_tempo, 
    MIN(tempo) AS min_tempo, 
    MAX(tempo) AS max_tempo 
FROM data",DuckDBHandler,2.7289390563964844,0.005093632958801498,100.66015625,0.3071904182434082,0.0,0.0,0.0,0.0,1,0.000156402587890625,False,32G,6
/* FILTER BY LIKE OPERATOR & 2 CONDITIONS */ SELECT * FROM data WHERE text LIKE '%%love%%' AND tempo < 120,"-- FILTER BY LIKE OPERATOR & 2 CONDITIONS
SELECT * 
FROM data 
WHERE text LIKE '%%love%%'
AND tempo < 120",DuckDBHandler,1798.0539798736572,0.004895410552606931,100.66015625,0.3071904182434082,0.0,0.0,0.0,0.0,115044,419.287654876709,False,32G,6
"/* SELF-JOIN ON 'artist' TO FIND DUPLICATE ARTISTS */ SELECT DISTINCT a1.artist_s AS artists, COUNT(*) AS duplicate_count FROM data AS a1 JOIN data AS a2 ON a1.artist_s = a2.artist_s GROUP BY a1.artist_s","-- SELF-JOIN ON 'artist' TO FIND DUPLICATE ARTISTS
SELECT 
    DISTINCT a1.artist_s AS artists, 
    COUNT(*) AS duplicate_count 
FROM data AS a1 
JOIN data AS a2 
ON a1.artist_s = a2.artist_s
GROUP BY a1.artist_s",DuckDBHandler,185.74190139770508,0.005193508114856429,100.66015625,0.3071904182434082,0.0,0.0,0.0,0.0,127334,9.563119888305664,False,32G,6
/* TOP 1000 ROWS */ SELECT * FROM data LIMIT 1000,"-- TOP 1000 ROWS
SELECT * FROM data LIMIT 1000",ClickHouseHandler,34.92879867553711,5.859731165989372,1476.4296875,4.505705833435059,0.0,0.0,0.005602836608886719,2.3307151794433594,1000,3.920193672180176,False,32G,6
/* COUNT ALL */ SELECT COUNT(*) FROM data,"-- COUNT ALL
SELECT COUNT(*) FROM data",ClickHouseHandler,7.481098175048828,13.6864,1485.90234375,4.534614086151123,0.0,0.0,0.0028257369995117188,0.004582405090332031,1,0.000133514404296875,False,32G,6
"/* DISTINCT VALUES & COUNT OF 'genre' */ SELECT DISTINCT genre, COUNT(genre) AS genre_count FROM data GROUP BY genre ORDER BY genre_count DESC NULLS FIRST","-- DISTINCT VALUES & COUNT OF 'genre'
SELECT 
    DISTINCT genre,
    COUNT(genre) AS genre_count 
FROM data 
GROUP BY genre 
ORDER BY genre_count DESC",ClickHouseHandler,16.714096069335938,5.677725710715401,1462.98828125,4.464685916900635,0.0,0.0,0.0030603408813476562,0.08259391784667969,3097,0.23495960235595703,False,32G,6
"/* DISTINCT VALUES IN COLUMN 'album' */ SELECT DISTINCT album, COUNT(album) AS album_count FROM data GROUP BY album ORDER BY album_count DESC NULLS FIRST","-- DISTINCT VALUES IN COLUMN 'album'
SELECT 
    DISTINCT album,
    COUNT(album) AS album_count 
FROM data 
GROUP BY album 
ORDER BY album_count DESC",ClickHouseHandler,491.666316986084,8.952185347526614,1523.44921875,4.649198055267334,0.0,0.0,0.0071506500244140625,3.50948429107666,154682,11.50868034362793,False,32G,6
"/* STATS (AVG, SUM, MIN, MAX) FOR COLUMN 'tempo' */ SELECT AVG(tempo) AS avg_tempo, SUM(tempo) AS sum_tempo, MIN(tempo) AS min_tempo, MAX(tempo) AS max_tempo FROM data","-- STATS (AVG, SUM, MIN, MAX) FOR COLUMN 'tempo'
SELECT 
    AVG(tempo) AS avg_tempo,
    SUM(tempo) AS sum_tempo, 
    MIN(tempo) AS min_tempo, 
    MAX(tempo) AS max_tempo 
FROM data",ClickHouseHandler,7.398843765258789,4.785713393693412,1476.86328125,4.507029056549072,0.0,0.0,0.002902984619140625,0.0045337677001953125,1,0.000156402587890625,False,32G,6
/* FILTER BY LIKE OPERATOR & 2 CONDITIONS */ SELECT * FROM data WHERE text LIKE '%%love%%' AND tempo < 120,"-- FILTER BY LIKE OPERATOR & 2 CONDITIONS
SELECT * 
FROM data 
WHERE text LIKE '%%love%%'
AND tempo < 120",ClickHouseHandler,3262.5370025634766,5.154754303599374,1485.0,4.5318603515625,0.0,0.0,0.02290821075439453,251.74774360656738,115044,419.28827476501465,False,32G,6
"/* SELF-JOIN ON 'artist' TO FIND DUPLICATE ARTISTS */ SELECT DISTINCT a1.artist_s AS artists, COUNT(*) AS duplicate_count FROM data AS a1 JOIN data AS a2 ON a1.artist_s = a2.artist_s GROUP BY a1.artist_s","-- SELF-JOIN ON 'artist' TO FIND DUPLICATE ARTISTS
SELECT 
    DISTINCT a1.artist_s AS artists, 
    COUNT(*) AS duplicate_count 
FROM data AS a1 
JOIN data AS a2 
ON a1.artist_s = a2.artist_s
GROUP BY a1.artist_s",ClickHouseHandler,546.0734367370605,17.793158551810237,1615.953125,4.931497573852539,0.0,0.0,0.03427600860595703,3.034830093383789,127334,9.563119888305664,False,32G,6
/* TOP 1000 ROWS */ SELECT * FROM data LIMIT 1000,"-- TOP 1000 ROWS
SELECT * FROM data LIMIT 1000",MySQLHandler,23.400068283081055,2.4898561601000626,3218.9453125,4.9117207527160645,0.0,0.0,0.010811805725097656,2.2875003814697266,1000,3.920193672180176,False,64G,6
/* COUNT ALL */ SELECT COUNT(*) FROM data,"-- COUNT ALL
SELECT COUNT(*) FROM data",MySQLHandler,139.54663276672363,1.3226733291692692,3219.88671875,4.913157224655151,0.0,0.0,0.0014886856079101562,0.0018167495727539062,1,0.000133514404296875,False,64G,6
"/* DISTINCT VALUES & COUNT OF 'genre' */ SELECT DISTINCT genre, COUNT(genre) AS genre_count FROM data GROUP BY genre ORDER BY CASE WHEN genre_count IS NULL THEN 1 ELSE 0 END DESC, genre_count DESC","-- DISTINCT VALUES & COUNT OF 'genre'
SELECT 
    DISTINCT genre,
    COUNT(genre) AS genre_count 
FROM data 
GROUP BY genre 
ORDER BY genre_count DESC",MySQLHandler,1033.097267150879,0.6993814432989691,3236.21875,4.938077926635742,0.0,0.0,0.0023517608642578125,0.09203433990478516,3097,0.23495960235595703,False,64G,6
"/* DISTINCT VALUES IN COLUMN 'album' */ SELECT DISTINCT album, COUNT(album) AS album_count FROM data GROUP BY album ORDER BY CASE WHEN album_count IS NULL THEN 1 ELSE 0 END DESC, album_count DESC","-- DISTINCT VALUES IN COLUMN 'album'
SELECT 
    DISTINCT album,
    COUNT(album) AS album_count 
FROM data 
GROUP BY album 
ORDER BY album_count DESC",MySQLHandler,1645.2739238739014,1.3382635852592129,3264.83203125,4.981738328933716,0.0,0.0,0.01852703094482422,4.039728164672852,151168,11.28181266784668,False,64G,6
"/* STATS (AVG, SUM, MIN, MAX) FOR COLUMN 'tempo' */ SELECT AVG(tempo) AS avg_tempo, SUM(tempo) AS sum_tempo, MIN(tempo) AS min_tempo, MAX(tempo) AS max_tempo FROM data","-- STATS (AVG, SUM, MIN, MAX) FOR COLUMN 'tempo'
SELECT 
    AVG(tempo) AS avg_tempo,
    SUM(tempo) AS sum_tempo, 
    MIN(tempo) AS min_tempo, 
    MAX(tempo) AS max_tempo 
FROM data",MySQLHandler,427.26635932922363,0.7036800999687598,3264.859375,4.981780052185059,0.0,0.0,0.0016279220581054688,0.0019350051879882812,1,0.000156402587890625,False,64G,6
/* FILTER BY LIKE OPERATOR & 2 CONDITIONS */ SELECT * FROM data WHERE text LIKE '%%love%%' AND tempo < 120,"-- FILTER BY LIKE OPERATOR & 2 CONDITIONS
SELECT * 
FROM data 
WHERE text LIKE '%%love%%'
AND tempo < 120",MySQLHandler,3429.7449588775635,0.580274656679151,3251.7109375,4.961717128753662,0.0,0.0,1.0263175964355469,255.69964408874512,119158,433.5639772415161,False,64G,6
"/* SELF-JOIN ON 'artist' TO FIND DUPLICATE ARTISTS */ SELECT DISTINCT a1.artist_s AS artists, COUNT(*) AS duplicate_count FROM data AS a1 JOIN data AS a2 ON a1.artist_s = a2.artist_s GROUP BY a1.artist_s","-- SELF-JOIN ON 'artist' TO FIND DUPLICATE ARTISTS
SELECT 
    DISTINCT a1.artist_s AS artists, 
    COUNT(*) AS duplicate_count 
FROM data AS a1 
JOIN data AS a2 
ON a1.artist_s = a2.artist_s
GROUP BY a1.artist_s",MySQLHandler,62294.482469558716,0.6713803872579638,3288.640625,5.018067359924316,0.0,0.0,0.017273902893066406,3.4786157608032227,127197,9.554627418518066,False,64G,6
/* TOP 1000 ROWS */ SELECT * FROM data LIMIT 1000,"-- TOP 1000 ROWS
SELECT * FROM data LIMIT 1000",PostgresHandler,20.32327651977539,0.1528044971892567,2076.9921875,3.169238567352295,0.0,0.0,0.0213470458984375,2.4446020126342773,1000,3.9677934646606445,False,64G,6
/* COUNT ALL */ SELECT COUNT(*) FROM data,"-- COUNT ALL
SELECT COUNT(*) FROM data",PostgresHandler,45.619964599609375,0.15525148391127772,2079.30859375,3.1727731227874756,0.0,0.0,0.001827239990234375,0.0023717880249023438,1,0.000133514404296875,False,64G,6
"/* DISTINCT VALUES & COUNT OF 'genre' */ SELECT DISTINCT genre, COUNT(genre) AS genre_count FROM data GROUP BY genre ORDER BY genre_count DESC","-- DISTINCT VALUES & COUNT OF 'genre'
SELECT 
    DISTINCT genre,
    COUNT(genre) AS genre_count 
FROM data 
GROUP BY genre 
ORDER BY genre_count DESC",PostgresHandler,65.64927101135254,2.140693100218545,2080.9609375,3.1752943992614746,0.0,0.0,0.0029468536376953125,0.11953449249267578,3097,0.23495960235595703,False,64G,6
"/* DISTINCT VALUES IN COLUMN 'album' */ SELECT DISTINCT album, COUNT(album) AS album_count FROM data GROUP BY album ORDER BY album_count DESC","-- DISTINCT VALUES IN COLUMN 'album'
SELECT 
    DISTINCT album,
    COUNT(album) AS album_count 
FROM data 
GROUP BY album 
ORDER BY album_count DESC",PostgresHandler,459.1341018676758,1.9342955326460483,2079.078125,3.172421455383301,0.0,0.0,0.046196937561035156,5.453763961791992,154682,11.50865650177002,False,64G,6
"/* STATS (AVG, SUM, MIN, MAX) FOR COLUMN 'tempo' */ SELECT AVG(tempo) AS avg_tempo, SUM(tempo) AS sum_tempo, MIN(tempo) AS min_tempo, MAX(tempo) AS max_tempo FROM data","-- STATS (AVG, SUM, MIN, MAX) FOR COLUMN 'tempo'
SELECT 
    AVG(tempo) AS avg_tempo,
    SUM(tempo) AS sum_tempo, 
    MIN(tempo) AS min_tempo, 
    MAX(tempo) AS max_tempo 
FROM data",PostgresHandler,75.48761367797852,2.1083645443196004,2090.07421875,3.1892001628875732,0.0,0.0,0.0019664764404296875,0.0026187896728515625,1,0.000156402587890625,False,64G,6
/* FILTER BY LIKE OPERATOR & 2 CONDITIONS */ SELECT * FROM data WHERE text LIKE '%%love%%' AND tempo < 120,"-- FILTER BY LIKE OPERATOR & 2 CONDITIONS
SELECT * 
FROM data 
WHERE text LIKE '%%love%%'
AND tempo < 120",PostgresHandler,1587.817907333374,2.0649,2098.03515625,3.201347589492798,0.0,0.0,2.093221664428711,264.6323947906494,115044,419.287654876709,False,64G,6
"/* SELF-JOIN ON 'artist' TO FIND DUPLICATE ARTISTS */ SELECT DISTINCT a1.artist_s AS artists, COUNT(*) AS duplicate_count FROM data AS a1 JOIN data AS a2 ON a1.artist_s = a2.artist_s GROUP BY a1.artist_s","-- SELF-JOIN ON 'artist' TO FIND DUPLICATE ARTISTS
SELECT 
    DISTINCT a1.artist_s AS artists, 
    COUNT(*) AS duplicate_count 
FROM data AS a1 
JOIN data AS a2 
ON a1.artist_s = a2.artist_s
GROUP BY a1.artist_s",PostgresHandler,1247.2279071807861,1.95158026233604,2120.65625,3.2358646392822266,0.0,0.0,0.039139747619628906,4.595521926879883,127334,9.563119888305664,False,64G,6
/* TOP 1000 ROWS */ SELECT * FROM data LIMIT 1000,"-- TOP 1000 ROWS
SELECT * FROM data LIMIT 1000",DuckDBHandler,19.2563533782959,0.006192259675405743,100.515625,0.15337467193603516,0.0,0.0,0.0,0.0,1000,3.920193672180176,False,64G,6
/* COUNT ALL */ SELECT COUNT(*) FROM data,"-- COUNT ALL
SELECT COUNT(*) FROM data",DuckDBHandler,2.1331310272216797,0.004597126795752655,100.515625,0.15337467193603516,0.0,0.0,0.0,0.0,1,0.000133514404296875,False,64G,6
"/* DISTINCT VALUES & COUNT OF 'genre' */ SELECT DISTINCT genre, COUNT(genre) AS genre_count FROM data GROUP BY genre ORDER BY genre_count DESC NULLS FIRST","-- DISTINCT VALUES & COUNT OF 'genre'
SELECT 
    DISTINCT genre,
    COUNT(genre) AS genre_count 
FROM data 
GROUP BY genre 
ORDER BY genre_count DESC",DuckDBHandler,9.814739227294922,0.004893882646691636,100.515625,0.15337467193603516,0.0,0.0,0.0,0.0,3097,0.23495960235595703,False,64G,6
"/* DISTINCT VALUES IN COLUMN 'album' */ SELECT DISTINCT album, COUNT(album) AS album_count FROM data GROUP BY album ORDER BY album_count DESC NULLS FIRST","-- DISTINCT VALUES IN COLUMN 'album'
SELECT 
    DISTINCT album,
    COUNT(album) AS album_count 
FROM data 
GROUP BY album 
ORDER BY album_count DESC",DuckDBHandler,182.267427444458,0.0045985629490784136,100.515625,0.15337467193603516,0.0,0.0,0.0,0.0,154682,11.50865650177002,False,64G,6
"/* STATS (AVG, SUM, MIN, MAX) FOR COLUMN 'tempo' */ SELECT AVG(tempo) AS avg_tempo, SUM(tempo) AS sum_tempo, MIN(tempo) AS min_tempo, MAX(tempo) AS max_tempo FROM data","-- STATS (AVG, SUM, MIN, MAX) FOR COLUMN 'tempo'
SELECT 
    AVG(tempo) AS avg_tempo,
    SUM(tempo) AS sum_tempo, 
    MIN(tempo) AS min_tempo, 
    MAX(tempo) AS max_tempo 
FROM data",DuckDBHandler,3.1938552856445312,0.004895410552606931,100.515625,0.15337467193603516,0.0,0.0,0.0,0.0,1,0.000156402587890625,False,64G,6
/* FILTER BY LIKE OPERATOR & 2 CONDITIONS */ SELECT * FROM data WHERE text LIKE '%%love%%' AND tempo < 120,"-- FILTER BY LIKE OPERATOR & 2 CONDITIONS
SELECT * 
FROM data 
WHERE text LIKE '%%love%%'
AND tempo < 120",DuckDBHandler,1827.2342681884766,0.006290171606864275,100.515625,0.15337467193603516,0.0,0.0,0.0,0.0,115044,419.287654876709,False,64G,6
"/* SELF-JOIN ON 'artist' TO FIND DUPLICATE ARTISTS */ SELECT DISTINCT a1.artist_s AS artists, COUNT(*) AS duplicate_count FROM data AS a1 JOIN data AS a2 ON a1.artist_s = a2.artist_s GROUP BY a1.artist_s","-- SELF-JOIN ON 'artist' TO FIND DUPLICATE ARTISTS
SELECT 
    DISTINCT a1.artist_s AS artists, 
    COUNT(*) AS duplicate_count 
FROM data AS a1 
JOIN data AS a2 
ON a1.artist_s = a2.artist_s
GROUP BY a1.artist_s",DuckDBHandler,237.54310607910156,0.004996876951905059,100.515625,0.15337467193603516,0.0,0.0,0.0,0.0,127334,9.563119888305664,False,64G,6
/* TOP 1000 ROWS */ SELECT * FROM data LIMIT 1000,"-- TOP 1000 ROWS
SELECT * FROM data LIMIT 1000",ClickHouseHandler,34.45911407470703,6.024100000000001,1667.36328125,2.544194459915161,0.0,0.0,0.005414009094238281,2.33065128326416,1000,3.920193672180176,False,64G,6
/* COUNT ALL */ SELECT COUNT(*) FROM data,"-- COUNT ALL
SELECT COUNT(*) FROM data",ClickHouseHandler,13.24915885925293,4.996677076826983,1651.46875,2.5199413299560547,0.0,0.0,0.0025739669799804688,0.004456520080566406,1,0.000133514404296875,False,64G,6
"/* DISTINCT VALUES & COUNT OF 'genre' */ SELECT DISTINCT genre, COUNT(genre) AS genre_count FROM data GROUP BY genre ORDER BY genre_count DESC NULLS FIRST","-- DISTINCT VALUES & COUNT OF 'genre'
SELECT 
    DISTINCT genre,
    COUNT(genre) AS genre_count 
FROM data 
GROUP BY genre 
ORDER BY genre_count DESC",ClickHouseHandler,15.205860137939453,5.103884892086331,1657.30859375,2.5288522243499756,0.0,0.0,0.0033750534057617188,0.08271980285644531,3097,0.23495960235595703,False,64G,6
"/* DISTINCT VALUES IN COLUMN 'album' */ SELECT DISTINCT album, COUNT(album) AS album_count FROM data GROUP BY album ORDER BY album_count DESC NULLS FIRST","-- DISTINCT VALUES IN COLUMN 'album'
SELECT 
    DISTINCT album,
    COUNT(album) AS album_count 
FROM data 
GROUP BY album 
ORDER BY album_count DESC",ClickHouseHandler,501.71399116516113,5.112595372107568,1695.70703125,2.5874435901641846,0.0,0.0,0.0071659088134765625,3.5094261169433594,154682,11.50868034362793,False,64G,6
"/* STATS (AVG, SUM, MIN, MAX) FOR COLUMN 'tempo' */ SELECT AVG(tempo) AS avg_tempo, SUM(tempo) AS sum_tempo, MIN(tempo) AS min_tempo, MAX(tempo) AS max_tempo FROM data","-- STATS (AVG, SUM, MIN, MAX) FOR COLUMN 'tempo'
SELECT 
    AVG(tempo) AS avg_tempo,
    SUM(tempo) AS sum_tempo, 
    MIN(tempo) AS min_tempo, 
    MAX(tempo) AS max_tempo 
FROM data",ClickHouseHandler,6.449222564697266,4.465090681676047,1668.42578125,2.5458157062530518,0.0,0.0,0.002902984619140625,0.004660606384277344,1,0.000156402587890625,False,64G,6
/* FILTER BY LIKE OPERATOR & 2 CONDITIONS */ SELECT * FROM data WHERE text LIKE '%%love%%' AND tempo < 120,"-- FILTER BY LIKE OPERATOR & 2 CONDITIONS
SELECT * 
FROM data 
WHERE text LIKE '%%love%%'
AND tempo < 120",ClickHouseHandler,3449.443817138672,6.768469706433479,1697.54296875,2.590245008468628,0.0,0.0,0.025216102600097656,251.77041816711426,115044,419.28827476501465,False,64G,6
"/* SELF-JOIN ON 'artist' TO FIND DUPLICATE ARTISTS */ SELECT DISTINCT a1.artist_s AS artists, COUNT(*) AS duplicate_count FROM data AS a1 JOIN data AS a2 ON a1.artist_s = a2.artist_s GROUP BY a1.artist_s","-- SELF-JOIN ON 'artist' TO FIND DUPLICATE ARTISTS
SELECT 
    DISTINCT a1.artist_s AS artists, 
    COUNT(*) AS duplicate_count 
FROM data AS a1 
JOIN data AS a2 
ON a1.artist_s = a2.artist_s
GROUP BY a1.artist_s",ClickHouseHandler,552.7398586273193,4.790408991570403,1755.9375,2.6793479919433594,0.0,0.0,0.03352069854736328,3.0346412658691406,127334,9.563119888305664,False,64G,6
/* TOP 1000 ROWS */ SELECT * FROM data LIMIT 1000,"-- TOP 1000 ROWS
SELECT * FROM data LIMIT 1000",MySQLHandler,22.56011962890625,2.2981454886044332,2047.41015625,99.97119903564453,0.0,0.0,0.010874748229980469,2.2875003814697266,1000,3.920193672180176,False,2G,8
/* COUNT ALL */ SELECT COUNT(*) FROM data,"-- COUNT ALL
SELECT COUNT(*) FROM data",MySQLHandler,147.02701568603516,0.9590003124023743,2046.3359375,99.91874694824219,0.0,0.0,0.0014886856079101562,0.0018167495727539062,1,0.000133514404296875,False,2G,8
"/* DISTINCT VALUES & COUNT OF 'genre' */ SELECT DISTINCT genre, COUNT(genre) AS genre_count FROM data GROUP BY genre ORDER BY CASE WHEN genre_count IS NULL THEN 1 ELSE 0 END DESC, genre_count DESC","-- DISTINCT VALUES & COUNT OF 'genre'
SELECT 
    DISTINCT genre,
    COUNT(genre) AS genre_count 
FROM data 
GROUP BY genre 
ORDER BY genre_count DESC",MySQLHandler,1071.1853504180908,0.8116318252730108,2047.62109375,99.98149871826172,0.0,0.0,0.0023517608642578125,0.09203433990478516,3097,0.23495960235595703,False,2G,8
"/* DISTINCT VALUES IN COLUMN 'album' */ SELECT DISTINCT album, COUNT(album) AS album_count FROM data GROUP BY album ORDER BY CASE WHEN album_count IS NULL THEN 1 ELSE 0 END DESC, album_count DESC","-- DISTINCT VALUES IN COLUMN 'album'
SELECT 
    DISTINCT album,
    COUNT(album) AS album_count 
FROM data 
GROUP BY album 
ORDER BY album_count DESC",MySQLHandler,1672.1057891845703,0.6692,2044.4765625,99.82795715332031,0.0,0.0,0.018464088439941406,4.039665222167969,151168,11.28181266784668,False,2G,8
"/* STATS (AVG, SUM, MIN, MAX) FOR COLUMN 'tempo' */ SELECT AVG(tempo) AS avg_tempo, SUM(tempo) AS sum_tempo, MIN(tempo) AS min_tempo, MAX(tempo) AS max_tempo FROM data","-- STATS (AVG, SUM, MIN, MAX) FOR COLUMN 'tempo'
SELECT 
    AVG(tempo) AS avg_tempo,
    SUM(tempo) AS sum_tempo, 
    MIN(tempo) AS min_tempo, 
    MAX(tempo) AS max_tempo 
FROM data",MySQLHandler,467.9605960845947,0.6702432938240799,2047.81640625,99.99103546142578,0.0,0.0,0.0016279220581054688,0.0019350051879882812,1,0.000156402587890625,False,2G,8
/* FILTER BY LIKE OPERATOR & 2 CONDITIONS */ SELECT * FROM data WHERE text LIKE '%%love%%' AND tempo < 120,"-- FILTER BY LIKE OPERATOR & 2 CONDITIONS
SELECT * 
FROM data 
WHERE text LIKE '%%love%%'
AND tempo < 120",MySQLHandler,3468.4982299804688,0.7126772883473914,2034.37890625,99.33490753173828,0.0,0.0,1.0244293212890625,255.69970703125,119158,433.5639772415161,False,2G,8
"/* SELF-JOIN ON 'artist' TO FIND DUPLICATE ARTISTS */ SELECT DISTINCT a1.artist_s AS artists, COUNT(*) AS duplicate_count FROM data AS a1 JOIN data AS a2 ON a1.artist_s = a2.artist_s GROUP BY a1.artist_s","-- SELF-JOIN ON 'artist' TO FIND DUPLICATE ARTISTS
SELECT 
    DISTINCT a1.artist_s AS artists, 
    COUNT(*) AS duplicate_count 
FROM data AS a1 
JOIN data AS a2 
ON a1.artist_s = a2.artist_s
GROUP BY a1.artist_s",MySQLHandler,62262.27879524231,0.6354000000000001,2012.14453125,98.2492446899414,0.0,0.0,0.01735401153564453,3.478695869445801,127197,9.554627418518066,False,2G,8
/* TOP 1000 ROWS */ SELECT * FROM data LIMIT 1000,"-- TOP 1000 ROWS
SELECT * FROM data LIMIT 1000",PostgresHandler,21.696090698242188,0.1815163806552262,2037.96484375,99.51000213623047,0.0,0.0,0.0213470458984375,2.4446020126342773,1000,3.9677934646606445,False,2G,8
/* COUNT ALL */ SELECT COUNT(*) FROM data,"-- COUNT ALL
SELECT COUNT(*) FROM data",PostgresHandler,44.74163055419922,0.14056821729628471,2040.09765625,99.61414337158203,0.0,0.0,0.001827239990234375,0.0023717880249023438,1,0.000133514404296875,False,2G,8
"/* DISTINCT VALUES & COUNT OF 'genre' */ SELECT DISTINCT genre, COUNT(genre) AS genre_count FROM data GROUP BY genre ORDER BY genre_count DESC","-- DISTINCT VALUES & COUNT OF 'genre'
SELECT 
    DISTINCT genre,
    COUNT(genre) AS genre_count 
FROM data 
GROUP BY genre 
ORDER BY genre_count DESC",PostgresHandler,71.39468193054199,2.322548407245472,2038.93359375,99.55730438232422,0.0,0.0,0.0030727386474609375,0.1195974349975586,3097,0.23495960235595703,False,2G,8
"/* DISTINCT VALUES IN COLUMN 'album' */ SELECT DISTINCT album, COUNT(album) AS album_count FROM data GROUP BY album ORDER BY album_count DESC","-- DISTINCT VALUES IN COLUMN 'album'
SELECT 
    DISTINCT album,
    COUNT(album) AS album_count 
FROM data 
GROUP BY album 
ORDER BY album_count DESC",PostgresHandler,473.1321334838867,2.1114606741573034,1997.8671875,97.55210876464844,0.0,0.0,0.045688629150390625,5.453701019287109,154682,11.50865650177002,False,2G,8
"/* STATS (AVG, SUM, MIN, MAX) FOR COLUMN 'tempo' */ SELECT AVG(tempo) AS avg_tempo, SUM(tempo) AS sum_tempo, MIN(tempo) AS min_tempo, MAX(tempo) AS max_tempo FROM data","-- STATS (AVG, SUM, MIN, MAX) FOR COLUMN 'tempo'
SELECT 
    AVG(tempo) AS avg_tempo,
    SUM(tempo) AS sum_tempo, 
    MIN(tempo) AS min_tempo, 
    MAX(tempo) AS max_tempo 
FROM data",PostgresHandler,77.06546783447266,2.1313019044645642,2008.140625,98.05374145507812,0.0,0.0,0.0019664764404296875,0.0026187896728515625,1,0.000156402587890625,False,2G,8
/* FILTER BY LIKE OPERATOR & 2 CONDITIONS */ SELECT * FROM data WHERE text LIKE '%%love%%' AND tempo < 120,"-- FILTER BY LIKE OPERATOR & 2 CONDITIONS
SELECT * 
FROM data 
WHERE text LIKE '%%love%%'
AND tempo < 120",PostgresHandler,1658.9117050170898,1.9570652513268811,2024.59765625,98.85730743408203,0.0,0.0,2.098949432373047,264.6332759857178,115044,419.287654876709,False,2G,8
"/* SELF-JOIN ON 'artist' TO FIND DUPLICATE ARTISTS */ SELECT DISTINCT a1.artist_s AS artists, COUNT(*) AS duplicate_count FROM data AS a1 JOIN data AS a2 ON a1.artist_s = a2.artist_s GROUP BY a1.artist_s","-- SELF-JOIN ON 'artist' TO FIND DUPLICATE ARTISTS
SELECT 
    DISTINCT a1.artist_s AS artists, 
    COUNT(*) AS duplicate_count 
FROM data AS a1 
JOIN data AS a2 
ON a1.artist_s = a2.artist_s
GROUP BY a1.artist_s",PostgresHandler,1235.9931468963623,2.0165698219306467,1914.10546875,93.4621810913086,0.0,0.0,0.03920269012451172,4.5955963134765625,127334,9.563119888305664,False,2G,8
/* TOP 1000 ROWS */ SELECT * FROM data LIMIT 1000,"-- TOP 1000 ROWS
SELECT * FROM data LIMIT 1000",DuckDBHandler,18.663406372070312,0.004792511700468019,100.4921875,4.9068450927734375,0.0,0.0,0.0,0.0,1000,3.920193672180176,False,2G,8
/* COUNT ALL */ SELECT COUNT(*) FROM data,"-- COUNT ALL
SELECT COUNT(*) FROM data",DuckDBHandler,2.1948814392089844,0.004697064334790756,100.4921875,4.9068450927734375,0.0,0.0,0.0,0.0,1,0.000133514404296875,False,2G,8
"/* DISTINCT VALUES & COUNT OF 'genre' */ SELECT DISTINCT genre, COUNT(genre) AS genre_count FROM data GROUP BY genre ORDER BY genre_count DESC NULLS FIRST","-- DISTINCT VALUES & COUNT OF 'genre'
SELECT 
    DISTINCT genre,
    COUNT(genre) AS genre_count 
FROM data 
GROUP BY genre 
ORDER BY genre_count DESC",DuckDBHandler,10.109186172485352,0.0042986566697906905,100.4921875,4.9068450927734375,0.0,0.0,0.0,0.0,3097,0.23495960235595703,False,2G,8
"/* DISTINCT VALUES IN COLUMN 'album' */ SELECT DISTINCT album, COUNT(album) AS album_count FROM data GROUP BY album ORDER BY album_count DESC NULLS FIRST","-- DISTINCT VALUES IN COLUMN 'album'
SELECT 
    DISTINCT album,
    COUNT(album) AS album_count 
FROM data 
GROUP BY album 
ORDER BY album_count DESC",DuckDBHandler,192.108154296875,0.0033000000000000004,100.4921875,4.9068450927734375,0.0,0.0,0.0,0.0,154682,11.50865650177002,False,2G,8
"/* STATS (AVG, SUM, MIN, MAX) FOR COLUMN 'tempo' */ SELECT AVG(tempo) AS avg_tempo, SUM(tempo) AS sum_tempo, MIN(tempo) AS min_tempo, MAX(tempo) AS max_tempo FROM data","-- STATS (AVG, SUM, MIN, MAX) FOR COLUMN 'tempo'
SELECT 
    AVG(tempo) AS avg_tempo,
    SUM(tempo) AS sum_tempo, 
    MIN(tempo) AS min_tempo, 
    MAX(tempo) AS max_tempo 
FROM data",DuckDBHandler,2.9363632202148438,0.004890829694323144,100.4921875,4.9068450927734375,0.0,0.0,0.0,0.0,1,0.000156402587890625,False,2G,8
/* FILTER BY LIKE OPERATOR & 2 CONDITIONS */ SELECT * FROM data WHERE text LIKE '%%love%%' AND tempo < 120,"-- FILTER BY LIKE OPERATOR & 2 CONDITIONS
SELECT * 
FROM data 
WHERE text LIKE '%%love%%'
AND tempo < 120",DuckDBHandler,1817.7623748779297,0.004995316890415236,100.4921875,4.9068450927734375,0.0,0.0,0.0,0.0,115044,419.287654876709,False,2G,8
"/* SELF-JOIN ON 'artist' TO FIND DUPLICATE ARTISTS */ SELECT DISTINCT a1.artist_s AS artists, COUNT(*) AS duplicate_count FROM data AS a1 JOIN data AS a2 ON a1.artist_s = a2.artist_s GROUP BY a1.artist_s","-- SELF-JOIN ON 'artist' TO FIND DUPLICATE ARTISTS
SELECT 
    DISTINCT a1.artist_s AS artists, 
    COUNT(*) AS duplicate_count 
FROM data AS a1 
JOIN data AS a2 
ON a1.artist_s = a2.artist_s
GROUP BY a1.artist_s",DuckDBHandler,154.62923049926758,0.004995316890415236,100.4921875,4.9068450927734375,0.0,0.0,0.0,0.0,127334,9.563119888305664,False,2G,8
/* TOP 1000 ROWS */ SELECT * FROM data LIMIT 1000,"-- TOP 1000 ROWS
SELECT * FROM data LIMIT 1000",MySQLHandler,22.589921951293945,2.328827758674586,3218.47265625,78.57599258422852,0.0,0.0,0.010748863220214844,2.2874374389648438,1000,3.920193672180176,False,4G,8
/* COUNT ALL */ SELECT COUNT(*) FROM data,"-- COUNT ALL
SELECT COUNT(*) FROM data",MySQLHandler,137.5732421875,1.8548203686348015,3219.67578125,78.60536575317383,0.0,0.0,0.0014886856079101562,0.0018167495727539062,1,0.000133514404296875,False,4G,8
"/* DISTINCT VALUES & COUNT OF 'genre' */ SELECT DISTINCT genre, COUNT(genre) AS genre_count FROM data GROUP BY genre ORDER BY CASE WHEN genre_count IS NULL THEN 1 ELSE 0 END DESC, genre_count DESC","-- DISTINCT VALUES & COUNT OF 'genre'
SELECT 
    DISTINCT genre,
    COUNT(genre) AS genre_count 
FROM data 
GROUP BY genre 
ORDER BY genre_count DESC",MySQLHandler,1019.5481777191162,1.5783067791315213,3235.92578125,79.00209426879883,0.0,0.0,0.00254058837890625,0.09221267700195312,3097,0.23495960235595703,False,4G,8
"/* DISTINCT VALUES IN COLUMN 'album' */ SELECT DISTINCT album, COUNT(album) AS album_count FROM data GROUP BY album ORDER BY CASE WHEN album_count IS NULL THEN 1 ELSE 0 END DESC, album_count DESC","-- DISTINCT VALUES IN COLUMN 'album'
SELECT 
    DISTINCT album,
    COUNT(album) AS album_count 
FROM data 
GROUP BY album 
ORDER BY album_count DESC",MySQLHandler,1746.1986541748047,0.6652684144818977,3264.859375,79.70848083496094,0.0,0.0,0.01707935333251953,4.038857460021973,151168,11.28181266784668,False,4G,8
"/* STATS (AVG, SUM, MIN, MAX) FOR COLUMN 'tempo' */ SELECT AVG(tempo) AS avg_tempo, SUM(tempo) AS sum_tempo, MIN(tempo) AS min_tempo, MAX(tempo) AS max_tempo FROM data","-- STATS (AVG, SUM, MIN, MAX) FOR COLUMN 'tempo'
SELECT 
    AVG(tempo) AS avg_tempo,
    SUM(tempo) AS sum_tempo, 
    MIN(tempo) AS min_tempo, 
    MAX(tempo) AS max_tempo 
FROM data",MySQLHandler,415.48895835876465,0.698808112324493,3264.88671875,79.70914840698242,0.0,0.0,0.0016279220581054688,0.0019350051879882812,1,0.000156402587890625,False,4G,8
/* FILTER BY LIKE OPERATOR & 2 CONDITIONS */ SELECT * FROM data WHERE text LIKE '%%love%%' AND tempo < 120,"-- FILTER BY LIKE OPERATOR & 2 CONDITIONS
SELECT * 
FROM data 
WHERE text LIKE '%%love%%'
AND tempo < 120",MySQLHandler,3344.1596031188965,0.6118,3264.90625,79.70962524414062,0.0,0.0,1.0254993438720703,255.69952869415283,119158,433.5639772415161,False,4G,8
"/* SELF-JOIN ON 'artist' TO FIND DUPLICATE ARTISTS */ SELECT DISTINCT a1.artist_s AS artists, COUNT(*) AS duplicate_count FROM data AS a1 JOIN data AS a2 ON a1.artist_s = a2.artist_s GROUP BY a1.artist_s","-- SELF-JOIN ON 'artist' TO FIND DUPLICATE ARTISTS
SELECT 
    DISTINCT a1.artist_s AS artists, 
    COUNT(*) AS duplicate_count 
FROM data AS a1 
JOIN data AS a2 
ON a1.artist_s = a2.artist_s
GROUP BY a1.artist_s",MySQLHandler,62168.03431510925,0.5665,3289.8203125,80.31787872314453,0.0,0.0,0.017754554748535156,3.479085922241211,127197,9.554627418518066,False,4G,8
/* TOP 1000 ROWS */ SELECT * FROM data LIMIT 1000,"-- TOP 1000 ROWS
SELECT * FROM data LIMIT 1000",PostgresHandler,21.222591400146484,0.14451935081148565,2076.61328125,50.69856643676758,0.0,0.0,0.0213470458984375,2.4446020126342773,1000,3.9677934646606445,False,4G,8
/* COUNT ALL */ SELECT COUNT(*) FROM data,"-- COUNT ALL
SELECT COUNT(*) FROM data",PostgresHandler,42.39201545715332,0.1364,2079.3046875,50.76427459716797,0.0,0.0,0.001827239990234375,0.0023717880249023438,1,0.000133514404296875,False,4G,8
"/* DISTINCT VALUES & COUNT OF 'genre' */ SELECT DISTINCT genre, COUNT(genre) AS genre_count FROM data GROUP BY genre ORDER BY genre_count DESC","-- DISTINCT VALUES & COUNT OF 'genre'
SELECT 
    DISTINCT genre,
    COUNT(genre) AS genre_count 
FROM data 
GROUP BY genre 
ORDER BY genre_count DESC",PostgresHandler,63.608646392822266,2.200649188514357,2081.01953125,50.8061408996582,0.0,0.0,0.0030727386474609375,0.1195974349975586,3097,0.23495960235595703,False,4G,8
"/* DISTINCT VALUES IN COLUMN 'album' */ SELECT DISTINCT album, COUNT(album) AS album_count FROM data GROUP BY album ORDER BY album_count DESC","-- DISTINCT VALUES IN COLUMN 'album'
SELECT 
    DISTINCT album,
    COUNT(album) AS album_count 
FROM data 
GROUP BY album 
ORDER BY album_count DESC",PostgresHandler,530.8747291564941,2.2973283395755306,2079.5859375,50.771141052246094,0.0,0.0,0.046196937561035156,5.453763961791992,154682,11.50865650177002,False,4G,8
"/* STATS (AVG, SUM, MIN, MAX) FOR COLUMN 'tempo' */ SELECT AVG(tempo) AS avg_tempo, SUM(tempo) AS sum_tempo, MIN(tempo) AS min_tempo, MAX(tempo) AS max_tempo FROM data","-- STATS (AVG, SUM, MIN, MAX) FOR COLUMN 'tempo'
SELECT 
    AVG(tempo) AS avg_tempo,
    SUM(tempo) AS sum_tempo, 
    MIN(tempo) AS min_tempo, 
    MAX(tempo) AS max_tempo 
FROM data",PostgresHandler,73.88186454772949,2.195627732667083,2089.71875,51.018524169921875,0.0,0.0,0.0019664764404296875,0.0026187896728515625,1,0.000156402587890625,False,4G,8
/* FILTER BY LIKE OPERATOR & 2 CONDITIONS */ SELECT * FROM data WHERE text LIKE '%%love%%' AND tempo < 120,"-- FILTER BY LIKE OPERATOR & 2 CONDITIONS
SELECT * 
FROM data 
WHERE text LIKE '%%love%%'
AND tempo < 120",PostgresHandler,1644.5472240447998,1.9973758200562326,2097.83984375,51.216793060302734,0.0,0.0,2.0983200073242188,264.6339683532715,115044,419.287654876709,False,4G,8
"/* SELF-JOIN ON 'artist' TO FIND DUPLICATE ARTISTS */ SELECT DISTINCT a1.artist_s AS artists, COUNT(*) AS duplicate_count FROM data AS a1 JOIN data AS a2 ON a1.artist_s = a2.artist_s GROUP BY a1.artist_s","-- SELF-JOIN ON 'artist' TO FIND DUPLICATE ARTISTS
SELECT 
    DISTINCT a1.artist_s AS artists, 
    COUNT(*) AS duplicate_count 
FROM data AS a1 
JOIN data AS a2 
ON a1.artist_s = a2.artist_s
GROUP BY a1.artist_s",PostgresHandler,1200.899362564087,2.049637952559301,2119.6953125,51.75037384033203,0.0,0.0,0.039139747619628906,4.595521926879883,127334,9.563119888305664,False,4G,8
/* TOP 1000 ROWS */ SELECT * FROM data LIMIT 1000,"-- TOP 1000 ROWS
SELECT * FROM data LIMIT 1000",DuckDBHandler,18.5086727142334,0.003997501561524047,100.49609375,2.4535179138183594,0.0,0.0,0.0,0.0,1000,3.920193672180176,False,4G,8
/* COUNT ALL */ SELECT COUNT(*) FROM data,"-- COUNT ALL
SELECT COUNT(*) FROM data",DuckDBHandler,2.590656280517578,0.004898469228366136,100.49609375,2.4535179138183594,0.0,0.0,0.0,0.0,1,0.000133514404296875,False,4G,8
"/* DISTINCT VALUES & COUNT OF 'genre' */ SELECT DISTINCT genre, COUNT(genre) AS genre_count FROM data GROUP BY genre ORDER BY genre_count DESC NULLS FIRST","-- DISTINCT VALUES & COUNT OF 'genre'
SELECT 
    DISTINCT genre,
    COUNT(genre) AS genre_count 
FROM data 
GROUP BY genre 
ORDER BY genre_count DESC",DuckDBHandler,11.575937271118164,0.004792511700468019,100.49609375,2.4535179138183594,0.0,0.0,0.0,0.0,3097,0.23495960235595703,False,4G,8
"/* DISTINCT VALUES IN COLUMN 'album' */ SELECT DISTINCT album, COUNT(album) AS album_count FROM data GROUP BY album ORDER BY album_count DESC NULLS FIRST","-- DISTINCT VALUES IN COLUMN 'album'
SELECT 
    DISTINCT album,
    COUNT(album) AS album_count 
FROM data 
GROUP BY album 
ORDER BY album_count DESC",DuckDBHandler,182.45172500610352,0.0025975647830159226,100.49609375,2.4535179138183594,0.0,0.0,0.0,0.0,154682,11.50865650177002,False,4G,8
"/* STATS (AVG, SUM, MIN, MAX) FOR COLUMN 'tempo' */ SELECT AVG(tempo) AS avg_tempo, SUM(tempo) AS sum_tempo, MIN(tempo) AS min_tempo, MAX(tempo) AS max_tempo FROM data","-- STATS (AVG, SUM, MIN, MAX) FOR COLUMN 'tempo'
SELECT 
    AVG(tempo) AS avg_tempo,
    SUM(tempo) AS sum_tempo, 
    MIN(tempo) AS min_tempo, 
    MAX(tempo) AS max_tempo 
FROM data",DuckDBHandler,2.965211868286133,0.007997500781005935,100.49609375,2.4535179138183594,0.0,0.0,0.0,0.0,1,0.000156402587890625,False,4G,8
/* FILTER BY LIKE OPERATOR & 2 CONDITIONS */ SELECT * FROM data WHERE text LIKE '%%love%%' AND tempo < 120,"-- FILTER BY LIKE OPERATOR & 2 CONDITIONS
SELECT * 
FROM data 
WHERE text LIKE '%%love%%'
AND tempo < 120",DuckDBHandler,1812.3891353607178,0.004695597876990322,100.49609375,2.4535179138183594,0.0,0.0,0.0,0.0,115044,419.287654876709,False,4G,8
"/* SELF-JOIN ON 'artist' TO FIND DUPLICATE ARTISTS */ SELECT DISTINCT a1.artist_s AS artists, COUNT(*) AS duplicate_count FROM data AS a1 JOIN data AS a2 ON a1.artist_s = a2.artist_s GROUP BY a1.artist_s","-- SELF-JOIN ON 'artist' TO FIND DUPLICATE ARTISTS
SELECT 
    DISTINCT a1.artist_s AS artists, 
    COUNT(*) AS duplicate_count 
FROM data AS a1 
JOIN data AS a2 
ON a1.artist_s = a2.artist_s
GROUP BY a1.artist_s",DuckDBHandler,231.77623748779297,0.004996876951905059,100.49609375,2.4535179138183594,0.0,0.0,0.0,0.0,127334,9.563119888305664,False,4G,8
/* TOP 1000 ROWS */ SELECT * FROM data LIMIT 1000,"-- TOP 1000 ROWS
SELECT * FROM data LIMIT 1000",ClickHouseHandler,36.87119483947754,6.536070087609512,1662.32421875,40.58408737182617,0.0,0.0,0.005602836608886719,2.3307151794433594,1000,3.920193672180176,False,4G,8
/* COUNT ALL */ SELECT COUNT(*) FROM data,"-- COUNT ALL
SELECT COUNT(*) FROM data",ClickHouseHandler,8.170366287231445,8.566822867853796,1653.59375,40.370941162109375,0.0,0.0,0.0027627944946289062,0.004456520080566406,1,0.000133514404296875,False,4G,8
"/* DISTINCT VALUES & COUNT OF 'genre' */ SELECT DISTINCT genre, COUNT(genre) AS genre_count FROM data GROUP BY genre ORDER BY genre_count DESC NULLS FIRST","-- DISTINCT VALUES & COUNT OF 'genre'
SELECT 
    DISTINCT genre,
    COUNT(genre) AS genre_count 
FROM data 
GROUP BY genre 
ORDER BY genre_count DESC",ClickHouseHandler,15.766382217407227,5.4267083073079325,1661.60546875,40.5665397644043,0.0,0.0,0.0035009384155273438,0.08271980285644531,3097,0.23495960235595703,False,4G,8
"/* DISTINCT VALUES IN COLUMN 'album' */ SELECT DISTINCT album, COUNT(album) AS album_count FROM data GROUP BY album ORDER BY album_count DESC NULLS FIRST","-- DISTINCT VALUES IN COLUMN 'album'
SELECT 
    DISTINCT album,
    COUNT(album) AS album_count 
FROM data 
GROUP BY album 
ORDER BY album_count DESC",ClickHouseHandler,525.5043506622314,10.1333,1711.19140625,41.77713394165039,0.0,0.0,0.00658416748046875,3.5093584060668945,154682,11.50868034362793,False,4G,8
"/* STATS (AVG, SUM, MIN, MAX) FOR COLUMN 'tempo' */ SELECT AVG(tempo) AS avg_tempo, SUM(tempo) AS sum_tempo, MIN(tempo) AS min_tempo, MAX(tempo) AS max_tempo FROM data","-- STATS (AVG, SUM, MIN, MAX) FOR COLUMN 'tempo'
SELECT 
    AVG(tempo) AS avg_tempo,
    SUM(tempo) AS sum_tempo, 
    MIN(tempo) AS min_tempo, 
    MAX(tempo) AS max_tempo 
FROM data",ClickHouseHandler,7.530450820922852,5.278547730829421,1664.91796875,40.64741134643555,0.0,0.0,0.0027141571044921875,0.004596710205078125,1,0.000156402587890625,False,4G,8
/* FILTER BY LIKE OPERATOR & 2 CONDITIONS */ SELECT * FROM data WHERE text LIKE '%%love%%' AND tempo < 120,"-- FILTER BY LIKE OPERATOR & 2 CONDITIONS
SELECT * 
FROM data 
WHERE text LIKE '%%love%%'
AND tempo < 120",ClickHouseHandler,3442.654609680176,8.301711430356027,1996.5546875,48.74401092529297,0.0,0.0,0.02630329132080078,251.7597541809082,115044,419.28827476501465,False,4G,8
"/* SELF-JOIN ON 'artist' TO FIND DUPLICATE ARTISTS */ SELECT DISTINCT a1.artist_s AS artists, COUNT(*) AS duplicate_count FROM data AS a1 JOIN data AS a2 ON a1.artist_s = a2.artist_s GROUP BY a1.artist_s","-- SELF-JOIN ON 'artist' TO FIND DUPLICATE ARTISTS
SELECT 
    DISTINCT a1.artist_s AS artists, 
    COUNT(*) AS duplicate_count 
FROM data AS a1 
JOIN data AS a2 
ON a1.artist_s = a2.artist_s
GROUP BY a1.artist_s",ClickHouseHandler,566.0386085510254,9.783100000000001,1762.8984375,43.039512634277344,0.0,0.0,0.031065940856933594,3.033572196960449,127334,9.563119888305664,False,4G,8
/* TOP 1000 ROWS */ SELECT * FROM data LIMIT 1000,"-- TOP 1000 ROWS
SELECT * FROM data LIMIT 1000",MySQLHandler,22.649288177490234,3.1097282099343952,3218.39453125,39.28704261779785,0.0,0.0,0.010937690734863281,2.2875633239746094,1000,3.920193672180176,False,8G,8
/* COUNT ALL */ SELECT COUNT(*) FROM data,"-- COUNT ALL
SELECT COUNT(*) FROM data",MySQLHandler,137.32266426086426,1.5194503435352904,3219.58984375,39.30163383483887,0.0,0.0,0.0014886856079101562,0.0018167495727539062,1,0.000133514404296875,False,8G,8
"/* DISTINCT VALUES & COUNT OF 'genre' */ SELECT DISTINCT genre, COUNT(genre) AS genre_count FROM data GROUP BY genre ORDER BY CASE WHEN genre_count IS NULL THEN 1 ELSE 0 END DESC, genre_count DESC","-- DISTINCT VALUES & COUNT OF 'genre'
SELECT 
    DISTINCT genre,
    COUNT(genre) AS genre_count 
FROM data 
GROUP BY genre 
ORDER BY genre_count DESC",MySQLHandler,1029.1492938995361,0.6715098468271335,3236.16796875,39.50400352478027,0.0,0.0,0.0023517608642578125,0.09203433990478516,3097,0.23495960235595703,False,8G,8
"/* DISTINCT VALUES IN COLUMN 'album' */ SELECT DISTINCT album, COUNT(album) AS album_count FROM data GROUP BY album ORDER BY CASE WHEN album_count IS NULL THEN 1 ELSE 0 END DESC, album_count DESC","-- DISTINCT VALUES IN COLUMN 'album'
SELECT 
    DISTINCT album,
    COUNT(album) AS album_count 
FROM data 
GROUP BY album 
ORDER BY album_count DESC",MySQLHandler,1656.8126678466797,1.4143419818693341,3264.7734375,39.85319137573242,0.0,0.0,0.018464088439941406,4.039665222167969,151168,11.28181266784668,False,8G,8
"/* STATS (AVG, SUM, MIN, MAX) FOR COLUMN 'tempo' */ SELECT AVG(tempo) AS avg_tempo, SUM(tempo) AS sum_tempo, MIN(tempo) AS min_tempo, MAX(tempo) AS max_tempo FROM data","-- STATS (AVG, SUM, MIN, MAX) FOR COLUMN 'tempo'
SELECT 
    AVG(tempo) AS avg_tempo,
    SUM(tempo) AS sum_tempo, 
    MIN(tempo) AS min_tempo, 
    MAX(tempo) AS max_tempo 
FROM data",MySQLHandler,428.1134605407715,0.6698533541341654,3265.02734375,39.85629081726074,0.0,0.0,0.0016279220581054688,0.0019350051879882812,1,0.000156402587890625,False,8G,8
/* FILTER BY LIKE OPERATOR & 2 CONDITIONS */ SELECT * FROM data WHERE text LIKE '%%love%%' AND tempo < 120,"-- FILTER BY LIKE OPERATOR & 2 CONDITIONS
SELECT * 
FROM data 
WHERE text LIKE '%%love%%'
AND tempo < 120",MySQLHandler,3423.3036041259766,0.6310084295972526,3251.65625,39.69306945800781,0.0,0.0,1.0254364013671875,255.69976997375488,119158,433.5639772415161,False,8G,8
"/* SELF-JOIN ON 'artist' TO FIND DUPLICATE ARTISTS */ SELECT DISTINCT a1.artist_s AS artists, COUNT(*) AS duplicate_count FROM data AS a1 JOIN data AS a2 ON a1.artist_s = a2.artist_s GROUP BY a1.artist_s","-- SELF-JOIN ON 'artist' TO FIND DUPLICATE ARTISTS
SELECT 
    DISTINCT a1.artist_s AS artists, 
    COUNT(*) AS duplicate_count 
FROM data AS a1 
JOIN data AS a2 
ON a1.artist_s = a2.artist_s
GROUP BY a1.artist_s",MySQLHandler,62066.27702713013,1.1049094316052468,3290.81640625,40.171098709106445,0.0,0.0,0.01724720001220703,3.4786558151245117,127197,9.554627418518066,False,8G,8
/* TOP 1000 ROWS */ SELECT * FROM data LIMIT 1000,"-- TOP 1000 ROWS
SELECT * FROM data LIMIT 1000",PostgresHandler,21.584749221801758,0.1471,2077.19140625,25.356340408325195,0.0,0.0,0.0213470458984375,2.4446020126342773,1000,3.9677934646606445,False,8G,8
/* COUNT ALL */ SELECT COUNT(*) FROM data,"-- COUNT ALL
SELECT COUNT(*) FROM data",PostgresHandler,48.36392402648926,0.15875117077739617,2079.08203125,25.379419326782227,0.0,0.0,0.001827239990234375,0.0023717880249023438,1,0.000133514404296875,False,8G,8
"/* DISTINCT VALUES & COUNT OF 'genre' */ SELECT DISTINCT genre, COUNT(genre) AS genre_count FROM data GROUP BY genre ORDER BY genre_count DESC","-- DISTINCT VALUES & COUNT OF 'genre'
SELECT 
    DISTINCT genre,
    COUNT(genre) AS genre_count 
FROM data 
GROUP BY genre 
ORDER BY genre_count DESC",PostgresHandler,64.68796730041504,0.10207240948813982,2079.59375,25.385665893554688,0.0,0.0,0.0030727386474609375,0.1195974349975586,3097,0.23495960235595703,False,8G,8
"/* DISTINCT VALUES IN COLUMN 'album' */ SELECT DISTINCT album, COUNT(album) AS album_count FROM data GROUP BY album ORDER BY album_count DESC","-- DISTINCT VALUES IN COLUMN 'album'
SELECT 
    DISTINCT album,
    COUNT(album) AS album_count 
FROM data 
GROUP BY album 
ORDER BY album_count DESC",PostgresHandler,540.5960083007812,0.03986262878551358,2083.1171875,25.42867660522461,0.0,0.0,0.045940399169921875,5.453701019287109,154682,11.50865650177002,False,8G,8
"/* STATS (AVG, SUM, MIN, MAX) FOR COLUMN 'tempo' */ SELECT AVG(tempo) AS avg_tempo, SUM(tempo) AS sum_tempo, MIN(tempo) AS min_tempo, MAX(tempo) AS max_tempo FROM data","-- STATS (AVG, SUM, MIN, MAX) FOR COLUMN 'tempo'
SELECT 
    AVG(tempo) AS avg_tempo,
    SUM(tempo) AS sum_tempo, 
    MIN(tempo) AS min_tempo, 
    MAX(tempo) AS max_tempo 
FROM data",PostgresHandler,74.56231117248535,0.01310409502969678,2093.62109375,25.55689811706543,0.0,0.0,0.0019664764404296875,0.0026187896728515625,1,0.000156402587890625,False,8G,8
/* FILTER BY LIKE OPERATOR & 2 CONDITIONS */ SELECT * FROM data WHERE text LIKE '%%love%%' AND tempo < 120,"-- FILTER BY LIKE OPERATOR & 2 CONDITIONS
SELECT * 
FROM data 
WHERE text LIKE '%%love%%'
AND tempo < 120",PostgresHandler,1608.6540222167969,2.0690670826833073,2086.98046875,25.4758358001709,0.0,0.0,2.102222442626953,264.6338424682617,115044,419.287654876709,False,8G,8
"/* SELF-JOIN ON 'artist' TO FIND DUPLICATE ARTISTS */ SELECT DISTINCT a1.artist_s AS artists, COUNT(*) AS duplicate_count FROM data AS a1 JOIN data AS a2 ON a1.artist_s = a2.artist_s GROUP BY a1.artist_s","-- SELF-JOIN ON 'artist' TO FIND DUPLICATE ARTISTS
SELECT 
    DISTINCT a1.artist_s AS artists, 
    COUNT(*) AS duplicate_count 
FROM data AS a1 
JOIN data AS a2 
ON a1.artist_s = a2.artist_s
GROUP BY a1.artist_s",PostgresHandler,1322.620153427124,2.4077,2103.45703125,25.676965713500977,0.0,0.0,0.03920269012451172,4.5955963134765625,127334,9.563119888305664,False,8G,8
/* TOP 1000 ROWS */ SELECT * FROM data LIMIT 1000,"-- TOP 1000 ROWS
SELECT * FROM data LIMIT 1000",DuckDBHandler,19.315004348754883,0.0046926677067082685,100.3984375,1.2255668640136719,0.0,0.0,0.0,0.0,1000,3.920193672180176,False,8G,8
/* COUNT ALL */ SELECT COUNT(*) FROM data,"-- COUNT ALL
SELECT COUNT(*) FROM data",DuckDBHandler,2.198934555053711,0.00499843798812871,100.3984375,1.2255668640136719,0.0,0.0,0.0,0.0,1,0.000133514404296875,False,8G,8
"/* DISTINCT VALUES & COUNT OF 'genre' */ SELECT DISTINCT genre, COUNT(genre) AS genre_count FROM data GROUP BY genre ORDER BY genre_count DESC NULLS FIRST","-- DISTINCT VALUES & COUNT OF 'genre'
SELECT 
    DISTINCT genre,
    COUNT(genre) AS genre_count 
FROM data 
GROUP BY genre 
ORDER BY genre_count DESC",DuckDBHandler,9.482383728027344,0.002097378277153558,100.3984375,1.2255668640136719,0.0,0.0,0.0,0.0,3097,0.23495960235595703,False,8G,8
"/* DISTINCT VALUES IN COLUMN 'album' */ SELECT DISTINCT album, COUNT(album) AS album_count FROM data GROUP BY album ORDER BY album_count DESC NULLS FIRST","-- DISTINCT VALUES IN COLUMN 'album'
SELECT 
    DISTINCT album,
    COUNT(album) AS album_count 
FROM data 
GROUP BY album 
ORDER BY album_count DESC",DuckDBHandler,187.2110366821289,0.003495630461922597,100.3984375,1.2255668640136719,0.0,0.0,0.0,0.0,154682,11.50865650177002,False,8G,8
"/* STATS (AVG, SUM, MIN, MAX) FOR COLUMN 'tempo' */ SELECT AVG(tempo) AS avg_tempo, SUM(tempo) AS sum_tempo, MIN(tempo) AS min_tempo, MAX(tempo) AS max_tempo FROM data","-- STATS (AVG, SUM, MIN, MAX) FOR COLUMN 'tempo'
SELECT 
    AVG(tempo) AS avg_tempo,
    SUM(tempo) AS sum_tempo, 
    MIN(tempo) AS min_tempo, 
    MAX(tempo) AS max_tempo 
FROM data",DuckDBHandler,2.896547317504883,0.004794007490636704,100.3984375,1.2255668640136719,0.0,0.0,0.0,0.0,1,0.000156402587890625,False,8G,8
/* FILTER BY LIKE OPERATOR & 2 CONDITIONS */ SELECT * FROM data WHERE text LIKE '%%love%%' AND tempo < 120,"-- FILTER BY LIKE OPERATOR & 2 CONDITIONS
SELECT * 
FROM data 
WHERE text LIKE '%%love%%'
AND tempo < 120",DuckDBHandler,1839.350700378418,0.003998750390502967,100.3984375,1.2255668640136719,0.0,0.0,0.0,0.0,115044,419.287654876709,False,8G,8
"/* SELF-JOIN ON 'artist' TO FIND DUPLICATE ARTISTS */ SELECT DISTINCT a1.artist_s AS artists, COUNT(*) AS duplicate_count FROM data AS a1 JOIN data AS a2 ON a1.artist_s = a2.artist_s GROUP BY a1.artist_s","-- SELF-JOIN ON 'artist' TO FIND DUPLICATE ARTISTS
SELECT 
    DISTINCT a1.artist_s AS artists, 
    COUNT(*) AS duplicate_count 
FROM data AS a1 
JOIN data AS a2 
ON a1.artist_s = a2.artist_s
GROUP BY a1.artist_s",DuckDBHandler,157.088041305542,0.0046014379493591745,100.3984375,1.2255668640136719,0.0,0.0,0.0,0.0,127334,9.563119888305664,False,8G,8
/* TOP 1000 ROWS */ SELECT * FROM data LIMIT 1000,"-- TOP 1000 ROWS
SELECT * FROM data LIMIT 1000",ClickHouseHandler,36.88502311706543,5.902344482650829,1669.0859375,20.374584197998047,0.0,0.0,0.005288124084472656,2.3305892944335938,1000,3.920193672180176,False,8G,8
/* COUNT ALL */ SELECT COUNT(*) FROM data,"-- COUNT ALL
SELECT COUNT(*) FROM data",ClickHouseHandler,14.270544052124023,4.814186699968779,1641.3046875,20.035457611083984,0.0,0.0,0.0025739669799804688,0.004519462585449219,1,0.000133514404296875,False,8G,8
"/* DISTINCT VALUES & COUNT OF 'genre' */ SELECT DISTINCT genre, COUNT(genre) AS genre_count FROM data GROUP BY genre ORDER BY genre_count DESC NULLS FIRST","-- DISTINCT VALUES & COUNT OF 'genre'
SELECT 
    DISTINCT genre,
    COUNT(genre) AS genre_count 
FROM data 
GROUP BY genre 
ORDER BY genre_count DESC",ClickHouseHandler,16.270160675048828,5.2101,1658.140625,20.24097442626953,0.0,0.0,0.0031232833862304688,0.08259391784667969,3097,0.23495960235595703,False,8G,8
"/* DISTINCT VALUES IN COLUMN 'album' */ SELECT DISTINCT album, COUNT(album) AS album_count FROM data GROUP BY album ORDER BY album_count DESC NULLS FIRST","-- DISTINCT VALUES IN COLUMN 'album'
SELECT 
    DISTINCT album,
    COUNT(album) AS album_count 
FROM data 
GROUP BY album 
ORDER BY album_count DESC",ClickHouseHandler,530.0025939941406,6.953118548639349,1695.890625,20.70178985595703,0.0,0.0,0.0067844390869140625,3.509489059448242,154682,11.50868034362793,False,8G,8
"/* STATS (AVG, SUM, MIN, MAX) FOR COLUMN 'tempo' */ SELECT AVG(tempo) AS avg_tempo, SUM(tempo) AS sum_tempo, MIN(tempo) AS min_tempo, MAX(tempo) AS max_tempo FROM data","-- STATS (AVG, SUM, MIN, MAX) FOR COLUMN 'tempo'
SELECT 
    AVG(tempo) AS avg_tempo,
    SUM(tempo) AS sum_tempo, 
    MIN(tempo) AS min_tempo, 
    MAX(tempo) AS max_tempo 
FROM data",ClickHouseHandler,7.224559783935547,4.485493133583021,1663.0703125,20.301151275634766,0.0,0.0,0.002777099609375,0.004532814025878906,1,0.000156402587890625,False,8G,8
/* FILTER BY LIKE OPERATOR & 2 CONDITIONS */ SELECT * FROM data WHERE text LIKE '%%love%%' AND tempo < 120,"-- FILTER BY LIKE OPERATOR & 2 CONDITIONS
SELECT * 
FROM data 
WHERE text LIKE '%%love%%'
AND tempo < 120",ClickHouseHandler,3399.1923332214355,6.843693270735524,2024.71875,24.715805053710938,0.0,0.0,0.022492408752441406,251.74673461914062,115044,419.28827476501465,False,8G,8
"/* SELF-JOIN ON 'artist' TO FIND DUPLICATE ARTISTS */ SELECT DISTINCT a1.artist_s AS artists, COUNT(*) AS duplicate_count FROM data AS a1 JOIN data AS a2 ON a1.artist_s = a2.artist_s GROUP BY a1.artist_s","-- SELF-JOIN ON 'artist' TO FIND DUPLICATE ARTISTS
SELECT 
    DISTINCT a1.artist_s AS artists, 
    COUNT(*) AS duplicate_count 
FROM data AS a1 
JOIN data AS a2 
ON a1.artist_s = a2.artist_s
GROUP BY a1.artist_s",ClickHouseHandler,575.9599208831787,4.820612883051907,1767.03125,21.570205688476562,0.0,0.0,0.032891273498535156,3.0338869094848633,127334,9.563119888305664,False,8G,8
/* TOP 1000 ROWS */ SELECT * FROM data LIMIT 1000,"-- TOP 1000 ROWS
SELECT * FROM data LIMIT 1000",MySQLHandler,22.31621742248535,2.5449906191369607,3218.5,19.6441650390625,0.0,0.0,0.010874748229980469,2.2875003814697266,1000,3.920193672180176,False,16G,8
/* COUNT ALL */ SELECT COUNT(*) FROM data,"-- COUNT ALL
SELECT COUNT(*) FROM data",MySQLHandler,138.54527473449707,1.130540118638776,3219.6875,19.651412963867188,0.0,0.0,0.0014886856079101562,0.0018167495727539062,1,0.000133514404296875,False,16G,8
"/* DISTINCT VALUES & COUNT OF 'genre' */ SELECT DISTINCT genre, COUNT(genre) AS genre_count FROM data GROUP BY genre ORDER BY CASE WHEN genre_count IS NULL THEN 1 ELSE 0 END DESC, genre_count DESC","-- DISTINCT VALUES & COUNT OF 'genre'
SELECT 
    DISTINCT genre,
    COUNT(genre) AS genre_count 
FROM data 
GROUP BY genre 
ORDER BY genre_count DESC",MySQLHandler,1055.9768676757812,1.3230268918073795,3235.94140625,19.750618934631348,0.0,0.0,0.0023517608642578125,0.09203433990478516,3097,0.23495960235595703,False,16G,8
"/* DISTINCT VALUES IN COLUMN 'album' */ SELECT DISTINCT album, COUNT(album) AS album_count FROM data GROUP BY album ORDER BY CASE WHEN album_count IS NULL THEN 1 ELSE 0 END DESC, album_count DESC","-- DISTINCT VALUES IN COLUMN 'album'
SELECT 
    DISTINCT album,
    COUNT(album) AS album_count 
FROM data 
GROUP BY album 
ORDER BY album_count DESC",MySQLHandler,1681.7989349365234,1.4235103060587133,3265.3359375,19.930028915405273,0.0,0.0,0.018464088439941406,4.039665222167969,151168,11.28181266784668,False,16G,8
"/* STATS (AVG, SUM, MIN, MAX) FOR COLUMN 'tempo' */ SELECT AVG(tempo) AS avg_tempo, SUM(tempo) AS sum_tempo, MIN(tempo) AS min_tempo, MAX(tempo) AS max_tempo FROM data","-- STATS (AVG, SUM, MIN, MAX) FOR COLUMN 'tempo'
SELECT 
    AVG(tempo) AS avg_tempo,
    SUM(tempo) AS sum_tempo, 
    MIN(tempo) AS min_tempo, 
    MAX(tempo) AS max_tempo 
FROM data",MySQLHandler,424.17073249816895,0.7027215980024969,3264.9140625,19.927453994750977,0.0,0.0,0.0016279220581054688,0.0019350051879882812,1,0.000156402587890625,False,16G,8
/* FILTER BY LIKE OPERATOR & 2 CONDITIONS */ SELECT * FROM data WHERE text LIKE '%%love%%' AND tempo < 120,"-- FILTER BY LIKE OPERATOR & 2 CONDITIONS
SELECT * 
FROM data 
WHERE text LIKE '%%love%%'
AND tempo < 120",MySQLHandler,3445.7952976226807,0.6924163801187871,3251.76171875,19.84717845916748,0.0,0.0,1.0256881713867188,255.69964408874512,119158,433.5639772415161,False,16G,8
"/* SELF-JOIN ON 'artist' TO FIND DUPLICATE ARTISTS */ SELECT DISTINCT a1.artist_s AS artists, COUNT(*) AS duplicate_count FROM data AS a1 JOIN data AS a2 ON a1.artist_s = a2.artist_s GROUP BY a1.artist_s","-- SELF-JOIN ON 'artist' TO FIND DUPLICATE ARTISTS
SELECT 
    DISTINCT a1.artist_s AS artists, 
    COUNT(*) AS duplicate_count 
FROM data AS a1 
JOIN data AS a2 
ON a1.artist_s = a2.artist_s
GROUP BY a1.artist_s",MySQLHandler,62155.6293964386,0.5884,3300.2109375,20.14288902282715,0.0,0.0,0.017053604125976562,3.4786558151245117,127197,9.554627418518066,False,16G,8
/* TOP 1000 ROWS */ SELECT * FROM data LIMIT 1000,"-- TOP 1000 ROWS
SELECT * FROM data LIMIT 1000",PostgresHandler,20.816802978515625,0.14205560762261793,2076.734375,12.67538070678711,0.0,0.0,0.0213470458984375,2.4446020126342773,1000,3.9677934646606445,False,16G,8
/* COUNT ALL */ SELECT COUNT(*) FROM data,"-- COUNT ALL
SELECT COUNT(*) FROM data",PostgresHandler,43.02167892456055,0.16164948453608247,2079.03125,12.689399719238281,0.0,0.0,0.001827239990234375,0.0023717880249023438,1,0.000133514404296875,False,16G,8
"/* DISTINCT VALUES & COUNT OF 'genre' */ SELECT DISTINCT genre, COUNT(genre) AS genre_count FROM data GROUP BY genre ORDER BY genre_count DESC","-- DISTINCT VALUES & COUNT OF 'genre'
SELECT 
    DISTINCT genre,
    COUNT(genre) AS genre_count 
FROM data 
GROUP BY genre 
ORDER BY genre_count DESC",PostgresHandler,65.04344940185547,2.063965032781767,2080.77734375,12.700057029724121,0.0,0.0,0.0030727386474609375,0.1195974349975586,3097,0.23495960235595703,False,16G,8
"/* DISTINCT VALUES IN COLUMN 'album' */ SELECT DISTINCT album, COUNT(album) AS album_count FROM data GROUP BY album ORDER BY album_count DESC","-- DISTINCT VALUES IN COLUMN 'album'
SELECT 
    DISTINCT album,
    COUNT(album) AS album_count 
FROM data 
GROUP BY album 
ORDER BY album_count DESC",PostgresHandler,549.5057106018066,2.0017233843271933,2079.08203125,12.689709663391113,0.0,0.0,0.04600334167480469,5.453763961791992,154682,11.50865650177002,False,16G,8
"/* STATS (AVG, SUM, MIN, MAX) FOR COLUMN 'tempo' */ SELECT AVG(tempo) AS avg_tempo, SUM(tempo) AS sum_tempo, MIN(tempo) AS min_tempo, MAX(tempo) AS max_tempo FROM data","-- STATS (AVG, SUM, MIN, MAX) FOR COLUMN 'tempo'
SELECT 
    AVG(tempo) AS avg_tempo,
    SUM(tempo) AS sum_tempo, 
    MIN(tempo) AS min_tempo, 
    MAX(tempo) AS max_tempo 
FROM data",PostgresHandler,74.05233383178711,2.00833437305053,2089.84375,12.755393981933594,0.0,0.0,0.0019664764404296875,0.0026187896728515625,1,0.000156402587890625,False,16G,8
/* FILTER BY LIKE OPERATOR & 2 CONDITIONS */ SELECT * FROM data WHERE text LIKE '%%love%%' AND tempo < 120,"-- FILTER BY LIKE OPERATOR & 2 CONDITIONS
SELECT * 
FROM data 
WHERE text LIKE '%%love%%'
AND tempo < 120",PostgresHandler,1603.2514572143555,2.4066437714642523,2098.08203125,12.805676460266113,0.0,0.0,2.0997676849365234,264.63409423828125,115044,419.287654876709,False,16G,8
"/* SELF-JOIN ON 'artist' TO FIND DUPLICATE ARTISTS */ SELECT DISTINCT a1.artist_s AS artists, COUNT(*) AS duplicate_count FROM data AS a1 JOIN data AS a2 ON a1.artist_s = a2.artist_s GROUP BY a1.artist_s","-- SELF-JOIN ON 'artist' TO FIND DUPLICATE ARTISTS
SELECT 
    DISTINCT a1.artist_s AS artists, 
    COUNT(*) AS duplicate_count 
FROM data AS a1 
JOIN data AS a2 
ON a1.artist_s = a2.artist_s
GROUP BY a1.artist_s",PostgresHandler,1216.2950038909912,2.105526069310022,2119.54296875,12.936663627624512,0.0,0.0,0.039139747619628906,4.595521926879883,127334,9.563119888305664,False,16G,8
/* TOP 1000 ROWS */ SELECT * FROM data LIMIT 1000,"-- TOP 1000 ROWS
SELECT * FROM data LIMIT 1000",DuckDBHandler,20.52140235900879,0.004995316890415236,100.421875,0.6129264831542969,0.0,0.0,0.0,0.0,1000,3.920193672180176,False,16G,8
/* COUNT ALL */ SELECT COUNT(*) FROM data,"-- COUNT ALL
SELECT COUNT(*) FROM data",DuckDBHandler,2.179384231567383,0.0049,100.421875,0.6129264831542969,0.0,0.0,0.0,0.0,1,0.000133514404296875,False,16G,8
"/* DISTINCT VALUES & COUNT OF 'genre' */ SELECT DISTINCT genre, COUNT(genre) AS genre_count FROM data GROUP BY genre ORDER BY genre_count DESC NULLS FIRST","-- DISTINCT VALUES & COUNT OF 'genre'
SELECT 
    DISTINCT genre,
    COUNT(genre) AS genre_count 
FROM data 
GROUP BY genre 
ORDER BY genre_count DESC",DuckDBHandler,10.228633880615234,0.004795504214798627,100.421875,0.6129264831542969,0.0,0.0,0.0,0.0,3097,0.23495960235595703,False,16G,8
"/* DISTINCT VALUES IN COLUMN 'album' */ SELECT DISTINCT album, COUNT(album) AS album_count FROM data GROUP BY album ORDER BY album_count DESC NULLS FIRST","-- DISTINCT VALUES IN COLUMN 'album'
SELECT 
    DISTINCT album,
    COUNT(album) AS album_count 
FROM data 
GROUP BY album 
ORDER BY album_count DESC",DuckDBHandler,192.43097305297852,0.0019993751952514837,100.421875,0.6129264831542969,0.0,0.0,0.0,0.0,154682,11.50865650177002,False,16G,8
"/* STATS (AVG, SUM, MIN, MAX) FOR COLUMN 'tempo' */ SELECT AVG(tempo) AS avg_tempo, SUM(tempo) AS sum_tempo, MIN(tempo) AS min_tempo, MAX(tempo) AS max_tempo FROM data","-- STATS (AVG, SUM, MIN, MAX) FOR COLUMN 'tempo'
SELECT 
    AVG(tempo) AS avg_tempo,
    SUM(tempo) AS sum_tempo, 
    MIN(tempo) AS min_tempo, 
    MAX(tempo) AS max_tempo 
FROM data",DuckDBHandler,2.7501583099365234,0.0019987507807620237,100.421875,0.6129264831542969,0.0,0.0,0.0,0.0,1,0.000156402587890625,False,16G,8
/* FILTER BY LIKE OPERATOR & 2 CONDITIONS */ SELECT * FROM data WHERE text LIKE '%%love%%' AND tempo < 120,"-- FILTER BY LIKE OPERATOR & 2 CONDITIONS
SELECT * 
FROM data 
WHERE text LIKE '%%love%%'
AND tempo < 120",DuckDBHandler,1840.2063846588135,0.0035977514053716427,100.421875,0.6129264831542969,0.0,0.0,0.0,0.0,115044,419.287654876709,False,16G,8
"/* SELF-JOIN ON 'artist' TO FIND DUPLICATE ARTISTS */ SELECT DISTINCT a1.artist_s AS artists, COUNT(*) AS duplicate_count FROM data AS a1 JOIN data AS a2 ON a1.artist_s = a2.artist_s GROUP BY a1.artist_s","-- SELF-JOIN ON 'artist' TO FIND DUPLICATE ARTISTS
SELECT 
    DISTINCT a1.artist_s AS artists, 
    COUNT(*) AS duplicate_count 
FROM data AS a1 
JOIN data AS a2 
ON a1.artist_s = a2.artist_s
GROUP BY a1.artist_s",DuckDBHandler,156.0537815093994,0.005196752029981262,100.421875,0.6129264831542969,0.0,0.0,0.0,0.0,127334,9.563119888305664,False,16G,8
/* TOP 1000 ROWS */ SELECT * FROM data LIMIT 1000,"-- TOP 1000 ROWS
SELECT * FROM data LIMIT 1000",ClickHouseHandler,35.43496131896973,5.559562636676039,1661.375,10.140228271484375,0.0,0.0,0.005728721618652344,2.330714225769043,1000,3.920193672180176,False,16G,8
/* COUNT ALL */ SELECT COUNT(*) FROM data,"-- COUNT ALL
SELECT COUNT(*) FROM data",ClickHouseHandler,14.051437377929688,5.612361588989677,1648.046875,10.058879852294922,0.0,0.0,0.0026369094848632812,0.004456520080566406,1,0.000133514404296875,False,16G,8
"/* DISTINCT VALUES & COUNT OF 'genre' */ SELECT DISTINCT genre, COUNT(genre) AS genre_count FROM data GROUP BY genre ORDER BY genre_count DESC NULLS FIRST","-- DISTINCT VALUES & COUNT OF 'genre'
SELECT 
    DISTINCT genre,
    COUNT(genre) AS genre_count 
FROM data 
GROUP BY genre 
ORDER BY genre_count DESC",ClickHouseHandler,16.721248626708984,4.9712,1661.16796875,10.138964653015137,0.0,0.0,0.0034379959106445312,0.08259391784667969,3097,0.23495960235595703,False,16G,8
"/* DISTINCT VALUES IN COLUMN 'album' */ SELECT DISTINCT album, COUNT(album) AS album_count FROM data GROUP BY album ORDER BY album_count DESC NULLS FIRST","-- DISTINCT VALUES IN COLUMN 'album'
SELECT 
    DISTINCT album,
    COUNT(album) AS album_count 
FROM data 
GROUP BY album 
ORDER BY album_count DESC",ClickHouseHandler,526.714563369751,5.669940717628705,1710.7890625,10.441827774047852,0.0,0.0,0.0064067840576171875,3.5093631744384766,154682,11.50868034362793,False,16G,8
"/* STATS (AVG, SUM, MIN, MAX) FOR COLUMN 'tempo' */ SELECT AVG(tempo) AS avg_tempo, SUM(tempo) AS sum_tempo, MIN(tempo) AS min_tempo, MAX(tempo) AS max_tempo FROM data","-- STATS (AVG, SUM, MIN, MAX) FOR COLUMN 'tempo'
SELECT 
    AVG(tempo) AS avg_tempo,
    SUM(tempo) AS sum_tempo, 
    MIN(tempo) AS min_tempo, 
    MAX(tempo) AS max_tempo 
FROM data",ClickHouseHandler,13.592004776000977,4.87647610121837,1681.41796875,10.262560844421387,0.0,0.0,0.00252532958984375,0.004534721374511719,1,0.000156402587890625,False,16G,8
/* FILTER BY LIKE OPERATOR & 2 CONDITIONS */ SELECT * FROM data WHERE text LIKE '%%love%%' AND tempo < 120,"-- FILTER BY LIKE OPERATOR & 2 CONDITIONS
SELECT * 
FROM data 
WHERE text LIKE '%%love%%'
AND tempo < 120",ClickHouseHandler,3356.2440872192383,5.437499218505783,2013.2578125,12.28795051574707,0.0,0.0,0.02517414093017578,251.75109672546387,115044,419.28827476501465,False,16G,8
"/* SELF-JOIN ON 'artist' TO FIND DUPLICATE ARTISTS */ SELECT DISTINCT a1.artist_s AS artists, COUNT(*) AS duplicate_count FROM data AS a1 JOIN data AS a2 ON a1.artist_s = a2.artist_s GROUP BY a1.artist_s","-- SELF-JOIN ON 'artist' TO FIND DUPLICATE ARTISTS
SELECT 
    DISTINCT a1.artist_s AS artists, 
    COUNT(*) AS duplicate_count 
FROM data AS a1 
JOIN data AS a2 
ON a1.artist_s = a2.artist_s
GROUP BY a1.artist_s",ClickHouseHandler,564.2533302307129,5.543902591320637,1772.0,10.8154296875,0.0,0.0,0.033583641052246094,3.034579277038574,127334,9.563119888305664,False,16G,8
/* TOP 1000 ROWS */ SELECT * FROM data LIMIT 1000,"-- TOP 1000 ROWS
SELECT * FROM data LIMIT 1000",MySQLHandler,23.59914779663086,2.222188868042527,3218.70703125,9.82271432876587,0.0,0.0,0.010937690734863281,2.2875633239746094,1000,3.920193672180176,False,32G,8
/* COUNT ALL */ SELECT COUNT(*) FROM data,"-- COUNT ALL
SELECT COUNT(*) FROM data",MySQLHandler,139.79649543762207,1.3517448405253283,3220.28125,9.827518463134766,0.0,0.0,0.0014886856079101562,0.0018167495727539062,1,0.000133514404296875,False,32G,8
"/* DISTINCT VALUES & COUNT OF 'genre' */ SELECT DISTINCT genre, COUNT(genre) AS genre_count FROM data GROUP BY genre ORDER BY CASE WHEN genre_count IS NULL THEN 1 ELSE 0 END DESC, genre_count DESC","-- DISTINCT VALUES & COUNT OF 'genre'
SELECT 
    DISTINCT genre,
    COUNT(genre) AS genre_count 
FROM data 
GROUP BY genre 
ORDER BY genre_count DESC",MySQLHandler,1023.2381820678711,0.7413466334164589,3236.875,9.878158569335938,0.0,0.0,0.0023517608642578125,0.09203433990478516,3097,0.23495960235595703,False,32G,8
"/* DISTINCT VALUES IN COLUMN 'album' */ SELECT DISTINCT album, COUNT(album) AS album_count FROM data GROUP BY album ORDER BY CASE WHEN album_count IS NULL THEN 1 ELSE 0 END DESC, album_count DESC","-- DISTINCT VALUES IN COLUMN 'album'
SELECT 
    DISTINCT album,
    COUNT(album) AS album_count 
FROM data 
GROUP BY album 
ORDER BY album_count DESC",MySQLHandler,1630.7380199432373,1.5016614615865085,3265.07421875,9.964215755462646,0.0,0.0,0.018464088439941406,4.039665222167969,151168,11.28181266784668,False,32G,8
"/* STATS (AVG, SUM, MIN, MAX) FOR COLUMN 'tempo' */ SELECT AVG(tempo) AS avg_tempo, SUM(tempo) AS sum_tempo, MIN(tempo) AS min_tempo, MAX(tempo) AS max_tempo FROM data","-- STATS (AVG, SUM, MIN, MAX) FOR COLUMN 'tempo'
SELECT 
    AVG(tempo) AS avg_tempo,
    SUM(tempo) AS sum_tempo, 
    MIN(tempo) AS min_tempo, 
    MAX(tempo) AS max_tempo 
FROM data",MySQLHandler,422.2095012664795,0.7210746641674477,3265.09765625,9.964287281036377,0.0,0.0,0.0016279220581054688,0.0019350051879882812,1,0.000156402587890625,False,32G,8
/* FILTER BY LIKE OPERATOR & 2 CONDITIONS */ SELECT * FROM data WHERE text LIKE '%%love%%' AND tempo < 120,"-- FILTER BY LIKE OPERATOR & 2 CONDITIONS
SELECT * 
FROM data 
WHERE text LIKE '%%love%%'
AND tempo < 120",MySQLHandler,3375.983476638794,0.6605871330418489,3251.953125,9.924173355102539,0.0,0.0,1.0193424224853516,255.6960506439209,119158,433.5639772415161,False,32G,8
"/* SELF-JOIN ON 'artist' TO FIND DUPLICATE ARTISTS */ SELECT DISTINCT a1.artist_s AS artists, COUNT(*) AS duplicate_count FROM data AS a1 JOIN data AS a2 ON a1.artist_s = a2.artist_s GROUP BY a1.artist_s","-- SELF-JOIN ON 'artist' TO FIND DUPLICATE ARTISTS
SELECT 
    DISTINCT a1.artist_s AS artists, 
    COUNT(*) AS duplicate_count 
FROM data AS a1 
JOIN data AS a2 
ON a1.artist_s = a2.artist_s
GROUP BY a1.artist_s",MySQLHandler,62257.17759132385,0.868157401623985,3299.56640625,10.069477558135986,0.0,0.0,0.01686859130859375,3.4786558151245117,127197,9.554627418518066,False,32G,8
/* TOP 1000 ROWS */ SELECT * FROM data LIMIT 1000,"-- TOP 1000 ROWS
SELECT * FROM data LIMIT 1000",PostgresHandler,20.452022552490234,0.15496102276270657,2076.8359375,6.338000297546387,0.0,0.0,0.021413803100585938,2.4446020126342773,1000,3.9677934646606445,False,32G,8
/* COUNT ALL */ SELECT COUNT(*) FROM data,"-- COUNT ALL
SELECT COUNT(*) FROM data",PostgresHandler,41.226863861083984,1.9568539325842695,2080.453125,6.349039077758789,0.0,0.0,0.001827239990234375,0.0023717880249023438,1,0.000133514404296875,False,32G,8
"/* DISTINCT VALUES & COUNT OF 'genre' */ SELECT DISTINCT genre, COUNT(genre) AS genre_count FROM data GROUP BY genre ORDER BY genre_count DESC","-- DISTINCT VALUES & COUNT OF 'genre'
SELECT 
    DISTINCT genre,
    COUNT(genre) AS genre_count 
FROM data 
GROUP BY genre 
ORDER BY genre_count DESC",PostgresHandler,64.17608261108398,2.044366812227074,2079.1640625,6.345105171203613,0.0,0.0,0.0032663345336914062,0.1196603775024414,3097,0.23495960235595703,False,32G,8
"/* DISTINCT VALUES IN COLUMN 'album' */ SELECT DISTINCT album, COUNT(album) AS album_count FROM data GROUP BY album ORDER BY album_count DESC","-- DISTINCT VALUES IN COLUMN 'album'
SELECT 
    DISTINCT album,
    COUNT(album) AS album_count 
FROM data 
GROUP BY album 
ORDER BY album_count DESC",PostgresHandler,554.2714595794678,1.8597564783015923,2079.96484375,6.347548961639404,0.0,0.0,0.045746803283691406,5.453638076782227,154682,11.50865650177002,False,32G,8
"/* STATS (AVG, SUM, MIN, MAX) FOR COLUMN 'tempo' */ SELECT AVG(tempo) AS avg_tempo, SUM(tempo) AS sum_tempo, MIN(tempo) AS min_tempo, MAX(tempo) AS max_tempo FROM data","-- STATS (AVG, SUM, MIN, MAX) FOR COLUMN 'tempo'
SELECT 
    AVG(tempo) AS avg_tempo,
    SUM(tempo) AS sum_tempo, 
    MIN(tempo) AS min_tempo, 
    MAX(tempo) AS max_tempo 
FROM data",PostgresHandler,72.27015495300293,1.8678651685393257,2106.40234375,6.428229808807373,0.0,0.0,0.0019664764404296875,0.0026187896728515625,1,0.000156402587890625,False,32G,8
/* FILTER BY LIKE OPERATOR & 2 CONDITIONS */ SELECT * FROM data WHERE text LIKE '%%love%%' AND tempo < 120,"-- FILTER BY LIKE OPERATOR & 2 CONDITIONS
SELECT * 
FROM data 
WHERE text LIKE '%%love%%'
AND tempo < 120",PostgresHandler,4962.384223937988,2.1584509681449093,2099.734375,6.407880783081055,0.0,0.0,2.0959510803222656,264.6414985656738,115044,419.287654876709,False,32G,8
"/* SELF-JOIN ON 'artist' TO FIND DUPLICATE ARTISTS */ SELECT DISTINCT a1.artist_s AS artists, COUNT(*) AS duplicate_count FROM data AS a1 JOIN data AS a2 ON a1.artist_s = a2.artist_s GROUP BY a1.artist_s","-- SELF-JOIN ON 'artist' TO FIND DUPLICATE ARTISTS
SELECT 
    DISTINCT a1.artist_s AS artists, 
    COUNT(*) AS duplicate_count 
FROM data AS a1 
JOIN data AS a2 
ON a1.artist_s = a2.artist_s
GROUP BY a1.artist_s",PostgresHandler,1205.8038711547852,2.396653137683422,2122.06640625,6.476032733917236,0.0,0.0,0.03920269012451172,4.595584869384766,127334,9.563119888305664,False,32G,8
/* TOP 1000 ROWS */ SELECT * FROM data LIMIT 1000,"-- TOP 1000 ROWS
SELECT * FROM data LIMIT 1000",DuckDBHandler,18.064260482788086,0.004803001876172608,100.390625,0.3063678741455078,0.0,0.0,0.0,0.0,1000,3.920193672180176,False,32G,8
/* COUNT ALL */ SELECT COUNT(*) FROM data,"-- COUNT ALL
SELECT COUNT(*) FROM data",DuckDBHandler,2.2361278533935547,0.007583411287807921,100.390625,0.3063678741455078,0.0,0.0,0.0,0.0,1,0.000133514404296875,False,32G,8
"/* DISTINCT VALUES & COUNT OF 'genre' */ SELECT DISTINCT genre, COUNT(genre) AS genre_count FROM data GROUP BY genre ORDER BY genre_count DESC NULLS FIRST","-- DISTINCT VALUES & COUNT OF 'genre'
SELECT 
    DISTINCT genre,
    COUNT(genre) AS genre_count 
FROM data 
GROUP BY genre 
ORDER BY genre_count DESC",DuckDBHandler,8.742809295654297,0.005098406747891283,100.390625,0.3063678741455078,0.0,0.0,0.0,0.0,3097,0.23495960235595703,False,32G,8
"/* DISTINCT VALUES IN COLUMN 'album' */ SELECT DISTINCT album, COUNT(album) AS album_count FROM data GROUP BY album ORDER BY album_count DESC NULLS FIRST","-- DISTINCT VALUES IN COLUMN 'album'
SELECT 
    DISTINCT album,
    COUNT(album) AS album_count 
FROM data 
GROUP BY album 
ORDER BY album_count DESC",DuckDBHandler,195.1920986175537,0.005193508114856429,100.390625,0.3063678741455078,0.0,0.0,0.0,0.0,154682,11.50865650177002,False,32G,8
"/* STATS (AVG, SUM, MIN, MAX) FOR COLUMN 'tempo' */ SELECT AVG(tempo) AS avg_tempo, SUM(tempo) AS sum_tempo, MIN(tempo) AS min_tempo, MAX(tempo) AS max_tempo FROM data","-- STATS (AVG, SUM, MIN, MAX) FOR COLUMN 'tempo'
SELECT 
    AVG(tempo) AS avg_tempo,
    SUM(tempo) AS sum_tempo, 
    MIN(tempo) AS min_tempo, 
    MAX(tempo) AS max_tempo 
FROM data",DuckDBHandler,2.9516220092773438,0.0038987816307403935,100.390625,0.3063678741455078,0.0,0.0,0.0,0.0,1,0.000156402587890625,False,32G,8
/* FILTER BY LIKE OPERATOR & 2 CONDITIONS */ SELECT * FROM data WHERE text LIKE '%%love%%' AND tempo < 120,"-- FILTER BY LIKE OPERATOR & 2 CONDITIONS
SELECT * 
FROM data 
WHERE text LIKE '%%love%%'
AND tempo < 120",DuckDBHandler,1837.0213508605957,0.004193447737909517,100.390625,0.3063678741455078,0.0,0.0,0.0,0.0,115044,419.287654876709,False,32G,8
"/* SELF-JOIN ON 'artist' TO FIND DUPLICATE ARTISTS */ SELECT DISTINCT a1.artist_s AS artists, COUNT(*) AS duplicate_count FROM data AS a1 JOIN data AS a2 ON a1.artist_s = a2.artist_s GROUP BY a1.artist_s","-- SELF-JOIN ON 'artist' TO FIND DUPLICATE ARTISTS
SELECT 
    DISTINCT a1.artist_s AS artists, 
    COUNT(*) AS duplicate_count 
FROM data AS a1 
JOIN data AS a2 
ON a1.artist_s = a2.artist_s
GROUP BY a1.artist_s",DuckDBHandler,236.19723320007324,0.003697688944409744,100.390625,0.3063678741455078,0.0,0.0,0.0,0.0,127334,9.563119888305664,False,32G,8
/* TOP 1000 ROWS */ SELECT * FROM data LIMIT 1000,"-- TOP 1000 ROWS
SELECT * FROM data LIMIT 1000",ClickHouseHandler,36.43226623535156,5.169477308294209,1667.1796875,5.087828636169434,0.0,0.0,0.005414009094238281,2.3305253982543945,1000,3.920193672180176,False,32G,8
/* COUNT ALL */ SELECT COUNT(*) FROM data,"-- COUNT ALL
SELECT COUNT(*) FROM data",ClickHouseHandler,14.087438583374023,10.045482360287231,1658.73046875,5.0620436668396,0.0,0.0,0.0025739669799804688,0.004456520080566406,1,0.000133514404296875,False,32G,8
"/* DISTINCT VALUES & COUNT OF 'genre' */ SELECT DISTINCT genre, COUNT(genre) AS genre_count FROM data GROUP BY genre ORDER BY genre_count DESC NULLS FIRST","-- DISTINCT VALUES & COUNT OF 'genre'
SELECT 
    DISTINCT genre,
    COUNT(genre) AS genre_count 
FROM data 
GROUP BY genre 
ORDER BY genre_count DESC",ClickHouseHandler,15.803337097167969,4.496135295959912,1654.0390625,5.047726631164551,0.0,0.0,0.0034379959106445312,0.0826568603515625,3097,0.23495960235595703,False,32G,8
"/* DISTINCT VALUES IN COLUMN 'album' */ SELECT DISTINCT album, COUNT(album) AS album_count FROM data GROUP BY album ORDER BY album_count DESC NULLS FIRST","-- DISTINCT VALUES IN COLUMN 'album'
SELECT 
    DISTINCT album,
    COUNT(album) AS album_count 
FROM data 
GROUP BY album 
ORDER BY album_count DESC",ClickHouseHandler,554.4853210449219,9.214618272841053,1707.66796875,5.211389064788818,0.0,0.0,0.0065326690673828125,3.5094261169433594,154682,11.50868034362793,False,32G,8
"/* STATS (AVG, SUM, MIN, MAX) FOR COLUMN 'tempo' */ SELECT AVG(tempo) AS avg_tempo, SUM(tempo) AS sum_tempo, MIN(tempo) AS min_tempo, MAX(tempo) AS max_tempo FROM data","-- STATS (AVG, SUM, MIN, MAX) FOR COLUMN 'tempo'
SELECT 
    AVG(tempo) AS avg_tempo,
    SUM(tempo) AS sum_tempo, 
    MIN(tempo) AS min_tempo, 
    MAX(tempo) AS max_tempo 
FROM data",ClickHouseHandler,6.812572479248047,5.277997496871089,1677.25390625,5.11857271194458,0.0,0.0,0.002651214599609375,0.0045337677001953125,1,0.000156402587890625,False,32G,8
/* FILTER BY LIKE OPERATOR & 2 CONDITIONS */ SELECT * FROM data WHERE text LIKE '%%love%%' AND tempo < 120,"-- FILTER BY LIKE OPERATOR & 2 CONDITIONS
SELECT * 
FROM data 
WHERE text LIKE '%%love%%'
AND tempo < 120",ClickHouseHandler,3463.5140895843506,7.2540337711069425,1680.35546875,5.128037929534912,0.0,0.0,0.02255535125732422,251.74868965148926,115044,419.28827476501465,False,32G,8
"/* SELF-JOIN ON 'artist' TO FIND DUPLICATE ARTISTS */ SELECT DISTINCT a1.artist_s AS artists, COUNT(*) AS duplicate_count FROM data AS a1 JOIN data AS a2 ON a1.artist_s = a2.artist_s GROUP BY a1.artist_s","-- SELF-JOIN ON 'artist' TO FIND DUPLICATE ARTISTS
SELECT 
    DISTINCT a1.artist_s AS artists, 
    COUNT(*) AS duplicate_count 
FROM data AS a1 
JOIN data AS a2 
ON a1.artist_s = a2.artist_s
GROUP BY a1.artist_s",ClickHouseHandler,595.4983234405518,9.675123476086277,1769.78125,5.400943756103516,0.0,0.0,0.03270244598388672,3.0346412658691406,127334,9.563119888305664,False,32G,8
/* TOP 1000 ROWS */ SELECT * FROM data LIMIT 1000,"-- TOP 1000 ROWS
SELECT * FROM data LIMIT 1000",MySQLHandler,23.001670837402344,2.1932,3218.6484375,4.9112677574157715,0.0,0.0,0.010874748229980469,2.2875003814697266,1000,3.920193672180176,False,64G,8
/* COUNT ALL */ SELECT COUNT(*) FROM data,"-- COUNT ALL
SELECT COUNT(*) FROM data",MySQLHandler,137.5563144683838,1.467841299593877,3219.81640625,4.913049936294556,0.0,0.0,0.0014886856079101562,0.0018167495727539062,1,0.000133514404296875,False,64G,8
"/* DISTINCT VALUES & COUNT OF 'genre' */ SELECT DISTINCT genre, COUNT(genre) AS genre_count FROM data GROUP BY genre ORDER BY CASE WHEN genre_count IS NULL THEN 1 ELSE 0 END DESC, genre_count DESC","-- DISTINCT VALUES & COUNT OF 'genre'
SELECT 
    DISTINCT genre,
    COUNT(genre) AS genre_count 
FROM data 
GROUP BY genre 
ORDER BY genre_count DESC",MySQLHandler,1033.4641933441162,0.7956027482823236,3236.83203125,4.939013719558716,0.0,0.0,0.0023517608642578125,0.09203433990478516,3097,0.23495960235595703,False,64G,8
"/* DISTINCT VALUES IN COLUMN 'album' */ SELECT DISTINCT album, COUNT(album) AS album_count FROM data GROUP BY album ORDER BY CASE WHEN album_count IS NULL THEN 1 ELSE 0 END DESC, album_count DESC","-- DISTINCT VALUES IN COLUMN 'album'
SELECT 
    DISTINCT album,
    COUNT(album) AS album_count 
FROM data 
GROUP BY album 
ORDER BY album_count DESC",MySQLHandler,1692.0995712280273,0.6280962800875274,3265.02734375,4.982036352157593,0.0,0.0,0.018720626831054688,4.039728164672852,151168,11.28181266784668,False,64G,8
"/* STATS (AVG, SUM, MIN, MAX) FOR COLUMN 'tempo' */ SELECT AVG(tempo) AS avg_tempo, SUM(tempo) AS sum_tempo, MIN(tempo) AS min_tempo, MAX(tempo) AS max_tempo FROM data","-- STATS (AVG, SUM, MIN, MAX) FOR COLUMN 'tempo'
SELECT 
    AVG(tempo) AS avg_tempo,
    SUM(tempo) AS sum_tempo, 
    MIN(tempo) AS min_tempo, 
    MAX(tempo) AS max_tempo 
FROM data",MySQLHandler,427.9913902282715,0.7656214865708932,3265.05078125,4.982072114944458,0.0,0.0,0.0016279220581054688,0.0019350051879882812,1,0.000156402587890625,False,64G,8
/* FILTER BY LIKE OPERATOR & 2 CONDITIONS */ SELECT * FROM data WHERE text LIKE '%%love%%' AND tempo < 120,"-- FILTER BY LIKE OPERATOR & 2 CONDITIONS
SELECT * 
FROM data 
WHERE text LIKE '%%love%%'
AND tempo < 120",MySQLHandler,3462.566375732422,0.6693724633156416,3251.90625,4.962015151977539,0.0,0.0,1.0263805389404297,255.69964408874512,119158,433.5639772415161,False,64G,8
"/* SELF-JOIN ON 'artist' TO FIND DUPLICATE ARTISTS */ SELECT DISTINCT a1.artist_s AS artists, COUNT(*) AS duplicate_count FROM data AS a1 JOIN data AS a2 ON a1.artist_s = a2.artist_s GROUP BY a1.artist_s","-- SELF-JOIN ON 'artist' TO FIND DUPLICATE ARTISTS
SELECT 
    DISTINCT a1.artist_s AS artists, 
    COUNT(*) AS duplicate_count 
FROM data AS a1 
JOIN data AS a2 
ON a1.artist_s = a2.artist_s
GROUP BY a1.artist_s",MySQLHandler,62324.30839538574,0.625204623555139,3288.9609375,5.018556118011475,0.0,0.0,0.017116546630859375,3.4787187576293945,127197,9.554627418518066,False,64G,8
/* TOP 1000 ROWS */ SELECT * FROM data LIMIT 1000,"-- TOP 1000 ROWS
SELECT * FROM data LIMIT 1000",PostgresHandler,20.631790161132812,0.16419737663960027,2076.8515625,3.1690239906311035,0.0,0.0,0.0213470458984375,2.4446020126342773,1000,3.9677934646606445,False,64G,8
/* COUNT ALL */ SELECT COUNT(*) FROM data,"-- COUNT ALL
SELECT COUNT(*) FROM data",PostgresHandler,42.728424072265625,0.15440349781386634,2079.04296875,3.172367811203003,0.0,0.0,0.001827239990234375,0.0023717880249023438,1,0.000133514404296875,False,64G,8
"/* DISTINCT VALUES & COUNT OF 'genre' */ SELECT DISTINCT genre, COUNT(genre) AS genre_count FROM data GROUP BY genre ORDER BY genre_count DESC","-- DISTINCT VALUES & COUNT OF 'genre'
SELECT 
    DISTINCT genre,
    COUNT(genre) AS genre_count 
FROM data 
GROUP BY genre 
ORDER BY genre_count DESC",PostgresHandler,67.56901741027832,2.2437988128709776,2079.33203125,3.172808885574341,0.0,0.0,0.0033330917358398438,0.1196603775024414,3097,0.23495960235595703,False,64G,8
"/* DISTINCT VALUES IN COLUMN 'album' */ SELECT DISTINCT album, COUNT(album) AS album_count FROM data GROUP BY album ORDER BY album_count DESC","-- DISTINCT VALUES IN COLUMN 'album'
SELECT 
    DISTINCT album,
    COUNT(album) AS album_count 
FROM data 
GROUP BY album 
ORDER BY album_count DESC",PostgresHandler,562.218189239502,2.1997251717676454,2084.16015625,3.180176019668579,0.0,0.0,0.045940399169921875,5.453638076782227,154682,11.50865650177002,False,64G,8
"/* STATS (AVG, SUM, MIN, MAX) FOR COLUMN 'tempo' */ SELECT AVG(tempo) AS avg_tempo, SUM(tempo) AS sum_tempo, MIN(tempo) AS min_tempo, MAX(tempo) AS max_tempo FROM data","-- STATS (AVG, SUM, MIN, MAX) FOR COLUMN 'tempo'
SELECT 
    AVG(tempo) AS avg_tempo,
    SUM(tempo) AS sum_tempo, 
    MIN(tempo) AS min_tempo, 
    MAX(tempo) AS max_tempo 
FROM data",PostgresHandler,73.05407524108887,1.9619737663960024,2095.10546875,3.1968772411346436,0.0,0.0,0.0019664764404296875,0.0026187896728515625,1,0.000156402587890625,False,64G,8
/* FILTER BY LIKE OPERATOR & 2 CONDITIONS */ SELECT * FROM data WHERE text LIKE '%%love%%' AND tempo < 120,"-- FILTER BY LIKE OPERATOR & 2 CONDITIONS
SELECT * 
FROM data 
WHERE text LIKE '%%love%%'
AND tempo < 120",PostgresHandler,1612.1885776519775,2.5358,2103.3359375,3.2094359397888184,0.0,0.0,2.099790573120117,264.643102645874,115044,419.287654876709,False,64G,8
"/* SELF-JOIN ON 'artist' TO FIND DUPLICATE ARTISTS */ SELECT DISTINCT a1.artist_s AS artists, COUNT(*) AS duplicate_count FROM data AS a1 JOIN data AS a2 ON a1.artist_s = a2.artist_s GROUP BY a1.artist_s","-- SELF-JOIN ON 'artist' TO FIND DUPLICATE ARTISTS
SELECT 
    DISTINCT a1.artist_s AS artists, 
    COUNT(*) AS duplicate_count 
FROM data AS a1 
JOIN data AS a2 
ON a1.artist_s = a2.artist_s
GROUP BY a1.artist_s",PostgresHandler,1258.4881782531738,2.0995195007800316,2120.4375,3.2355308532714844,0.0,0.0,0.03920269012451172,4.5955963134765625,127334,9.563119888305664,False,64G,8
/* TOP 1000 ROWS */ SELECT * FROM data LIMIT 1000,"-- TOP 1000 ROWS
SELECT * FROM data LIMIT 1000",DuckDBHandler,18.6922550201416,0.004893882646691636,100.390625,0.1531839370727539,0.0,0.0,0.0,0.0,1000,3.920193672180176,False,64G,8
/* COUNT ALL */ SELECT COUNT(*) FROM data,"-- COUNT ALL
SELECT COUNT(*) FROM data",DuckDBHandler,2.206563949584961,0.0026974711208242273,100.390625,0.1531839370727539,0.0,0.0,0.0,0.0,1,0.000133514404296875,False,64G,8
"/* DISTINCT VALUES & COUNT OF 'genre' */ SELECT DISTINCT genre, COUNT(genre) AS genre_count FROM data GROUP BY genre ORDER BY genre_count DESC NULLS FIRST","-- DISTINCT VALUES & COUNT OF 'genre'
SELECT 
    DISTINCT genre,
    COUNT(genre) AS genre_count 
FROM data 
GROUP BY genre 
ORDER BY genre_count DESC",DuckDBHandler,9.184837341308594,0.004198687910028117,100.390625,0.1531839370727539,0.0,0.0,0.0,0.0,3097,0.23495960235595703,False,64G,8
"/* DISTINCT VALUES IN COLUMN 'album' */ SELECT DISTINCT album, COUNT(album) AS album_count FROM data GROUP BY album ORDER BY album_count DESC NULLS FIRST","-- DISTINCT VALUES IN COLUMN 'album'
SELECT 
    DISTINCT album,
    COUNT(album) AS album_count 
FROM data 
GROUP BY album 
ORDER BY album_count DESC",DuckDBHandler,198.99606704711914,0.004198687910028117,100.390625,0.1531839370727539,0.0,0.0,0.0,0.0,154682,11.50865650177002,False,64G,8
"/* STATS (AVG, SUM, MIN, MAX) FOR COLUMN 'tempo' */ SELECT AVG(tempo) AS avg_tempo, SUM(tempo) AS sum_tempo, MIN(tempo) AS min_tempo, MAX(tempo) AS max_tempo FROM data","-- STATS (AVG, SUM, MIN, MAX) FOR COLUMN 'tempo'
SELECT 
    AVG(tempo) AS avg_tempo,
    SUM(tempo) AS sum_tempo, 
    MIN(tempo) AS min_tempo, 
    MAX(tempo) AS max_tempo 
FROM data",DuckDBHandler,2.685546875,0.005396627108057464,100.390625,0.1531839370727539,0.0,0.0,0.0,0.0,1,0.000156402587890625,False,64G,8
/* FILTER BY LIKE OPERATOR & 2 CONDITIONS */ SELECT * FROM data WHERE text LIKE '%%love%%' AND tempo < 120,"-- FILTER BY LIKE OPERATOR & 2 CONDITIONS
SELECT * 
FROM data 
WHERE text LIKE '%%love%%'
AND tempo < 120",DuckDBHandler,1837.5582695007324,0.005095223228223541,100.390625,0.1531839370727539,0.0,0.0,0.0,0.0,115044,419.287654876709,False,64G,8
"/* SELF-JOIN ON 'artist' TO FIND DUPLICATE ARTISTS */ SELECT DISTINCT a1.artist_s AS artists, COUNT(*) AS duplicate_count FROM data AS a1 JOIN data AS a2 ON a1.artist_s = a2.artist_s GROUP BY a1.artist_s","-- SELF-JOIN ON 'artist' TO FIND DUPLICATE ARTISTS
SELECT 
    DISTINCT a1.artist_s AS artists, 
    COUNT(*) AS duplicate_count 
FROM data AS a1 
JOIN data AS a2 
ON a1.artist_s = a2.artist_s
GROUP BY a1.artist_s",DuckDBHandler,153.5329818725586,0.005296689569019363,100.390625,0.1531839370727539,0.0,0.0,6.67572021484375e-05,0.0,127334,9.563119888305664,False,64G,8
/* TOP 1000 ROWS */ SELECT * FROM data LIMIT 1000,"-- TOP 1000 ROWS
SELECT * FROM data LIMIT 1000",ClickHouseHandler,36.96441650390625,5.635583359399437,1666.2265625,2.5424599647521973,0.0,0.0,0.005162239074707031,2.330526351928711,1000,3.920193672180176,False,64G,8
/* COUNT ALL */ SELECT COUNT(*) FROM data,"-- COUNT ALL
SELECT COUNT(*) FROM data",ClickHouseHandler,11.847972869873047,5.880336763330215,1651.30859375,2.5196969509124756,0.0,0.0,0.0025739669799804688,0.0045185089111328125,1,0.000133514404296875,False,64G,8
"/* DISTINCT VALUES & COUNT OF 'genre' */ SELECT DISTINCT genre, COUNT(genre) AS genre_count FROM data GROUP BY genre ORDER BY genre_count DESC NULLS FIRST","-- DISTINCT VALUES & COUNT OF 'genre'
SELECT 
    DISTINCT genre,
    COUNT(genre) AS genre_count 
FROM data 
GROUP BY genre 
ORDER BY genre_count DESC",ClickHouseHandler,17.47584342956543,5.548632104934416,1656.515625,2.527642250061035,0.0,0.0,0.0031232833862304688,0.08253097534179688,3097,0.23495960235595703,False,64G,8
"/* DISTINCT VALUES IN COLUMN 'album' */ SELECT DISTINCT album, COUNT(album) AS album_count FROM data GROUP BY album ORDER BY album_count DESC NULLS FIRST","-- DISTINCT VALUES IN COLUMN 'album'
SELECT 
    DISTINCT album,
    COUNT(album) AS album_count 
FROM data 
GROUP BY album 
ORDER BY album_count DESC",ClickHouseHandler,555.9289455413818,9.401,1717.140625,2.6201486587524414,0.0,0.0,0.0063323974609375,3.5093584060668945,154682,11.50868034362793,False,64G,8
"/* STATS (AVG, SUM, MIN, MAX) FOR COLUMN 'tempo' */ SELECT AVG(tempo) AS avg_tempo, SUM(tempo) AS sum_tempo, MIN(tempo) AS min_tempo, MAX(tempo) AS max_tempo FROM data","-- STATS (AVG, SUM, MIN, MAX) FOR COLUMN 'tempo'
SELECT 
    AVG(tempo) AS avg_tempo,
    SUM(tempo) AS sum_tempo, 
    MIN(tempo) AS min_tempo, 
    MAX(tempo) AS max_tempo 
FROM data",ClickHouseHandler,7.040262222290039,4.303524256651017,1674.13671875,2.554529905319214,0.0,0.0,0.002777099609375,0.004595756530761719,1,0.000156402587890625,False,64G,8
/* FILTER BY LIKE OPERATOR & 2 CONDITIONS */ SELECT * FROM data WHERE text LIKE '%%love%%' AND tempo < 120,"-- FILTER BY LIKE OPERATOR & 2 CONDITIONS
SELECT * 
FROM data 
WHERE text LIKE '%%love%%'
AND tempo < 120",ClickHouseHandler,3419.0423488616943,8.788038786362215,1694.59765625,2.5857508182525635,0.0,0.0,0.026886940002441406,251.7472743988037,115044,419.28827476501465,False,64G,8
"/* SELF-JOIN ON 'artist' TO FIND DUPLICATE ARTISTS */ SELECT DISTINCT a1.artist_s AS artists, COUNT(*) AS duplicate_count FROM data AS a1 JOIN data AS a2 ON a1.artist_s = a2.artist_s GROUP BY a1.artist_s","-- SELF-JOIN ON 'artist' TO FIND DUPLICATE ARTISTS
SELECT 
    DISTINCT a1.artist_s AS artists, 
    COUNT(*) AS duplicate_count 
FROM data AS a1 
JOIN data AS a2 
ON a1.artist_s = a2.artist_s
GROUP BY a1.artist_s",ClickHouseHandler,597.909688949585,4.517153558052434,1767.8515625,2.6975274085998535,0.0,0.0,0.030625343322753906,3.034137725830078,127334,9.563119888305664,False,64G,8
/* TOP 1000 ROWS */ SELECT * FROM data LIMIT 1000,"-- TOP 1000 ROWS
SELECT * FROM data LIMIT 1000",MySQLHandler,23.073673248291016,2.4183,2047.265625,99.96414184570312,0.0,0.0,0.010874748229980469,2.2875003814697266,1000,3.920193672180176,False,2G,10
/* COUNT ALL */ SELECT COUNT(*) FROM data,"-- COUNT ALL
SELECT COUNT(*) FROM data",MySQLHandler,143.3851718902588,1.2288319800124923,2046.66796875,99.9349594116211,0.0,0.0,0.0014886856079101562,0.0018167495727539062,1,0.000133514404296875,False,2G,10
"/* DISTINCT VALUES & COUNT OF 'genre' */ SELECT DISTINCT genre, COUNT(genre) AS genre_count FROM data GROUP BY genre ORDER BY CASE WHEN genre_count IS NULL THEN 1 ELSE 0 END DESC, genre_count DESC","-- DISTINCT VALUES & COUNT OF 'genre'
SELECT 
    DISTINCT genre,
    COUNT(genre) AS genre_count 
FROM data 
GROUP BY genre 
ORDER BY genre_count DESC",MySQLHandler,1068.5713291168213,0.6873703935040599,2047.98828125,99.99942779541016,0.0,0.0,0.0023517608642578125,0.09203433990478516,3097,0.23495960235595703,False,2G,10
"/* DISTINCT VALUES IN COLUMN 'album' */ SELECT DISTINCT album, COUNT(album) AS album_count FROM data GROUP BY album ORDER BY CASE WHEN album_count IS NULL THEN 1 ELSE 0 END DESC, album_count DESC","-- DISTINCT VALUES IN COLUMN 'album'
SELECT 
    DISTINCT album,
    COUNT(album) AS album_count 
FROM data 
GROUP BY album 
ORDER BY album_count DESC",MySQLHandler,1699.0833282470703,1.5902091788947863,2047.046875,99.95346069335938,0.0,0.0,0.018593788146972656,4.039728164672852,151168,11.28181266784668,False,2G,10
"/* STATS (AVG, SUM, MIN, MAX) FOR COLUMN 'tempo' */ SELECT AVG(tempo) AS avg_tempo, SUM(tempo) AS sum_tempo, MIN(tempo) AS min_tempo, MAX(tempo) AS max_tempo FROM data","-- STATS (AVG, SUM, MIN, MAX) FOR COLUMN 'tempo'
SELECT 
    AVG(tempo) AS avg_tempo,
    SUM(tempo) AS sum_tempo, 
    MIN(tempo) AS min_tempo, 
    MAX(tempo) AS max_tempo 
FROM data",MySQLHandler,452.33654975891113,0.6768654386512645,2047.57421875,99.97920989990234,0.0,0.0,0.0016279220581054688,0.0019350051879882812,1,0.000156402587890625,False,2G,10
/* FILTER BY LIKE OPERATOR & 2 CONDITIONS */ SELECT * FROM data WHERE text LIKE '%%love%%' AND tempo < 120,"-- FILTER BY LIKE OPERATOR & 2 CONDITIONS
SELECT * 
FROM data 
WHERE text LIKE '%%love%%'
AND tempo < 120",MySQLHandler,3490.7619953155518,0.6710805746408495,2034.36328125,99.33414459228516,0.0,0.0,1.0251846313476562,255.69964408874512,119158,433.5639772415161,False,2G,10
"/* SELF-JOIN ON 'artist' TO FIND DUPLICATE ARTISTS */ SELECT DISTINCT a1.artist_s AS artists, COUNT(*) AS duplicate_count FROM data AS a1 JOIN data AS a2 ON a1.artist_s = a2.artist_s GROUP BY a1.artist_s","-- SELF-JOIN ON 'artist' TO FIND DUPLICATE ARTISTS
SELECT 
    DISTINCT a1.artist_s AS artists, 
    COUNT(*) AS duplicate_count 
FROM data AS a1 
JOIN data AS a2 
ON a1.artist_s = a2.artist_s
GROUP BY a1.artist_s",MySQLHandler,62159.59024429321,0.6487890137328339,2011.828125,98.23379516601562,0.0,0.0,0.017156600952148438,3.4787588119506836,127197,9.554627418518066,False,2G,10
/* TOP 1000 ROWS */ SELECT * FROM data LIMIT 1000,"-- TOP 1000 ROWS
SELECT * FROM data LIMIT 1000",PostgresHandler,22.64881134033203,0.1522048719550281,2038.34765625,99.52869415283203,0.0,0.0,0.020740509033203125,2.4481706619262695,1000,3.9677934646606445,False,2G,10
/* COUNT ALL */ SELECT COUNT(*) FROM data,"-- COUNT ALL
SELECT COUNT(*) FROM data",PostgresHandler,47.75047302246094,0.14400999375390383,2040.7109375,99.64408874511719,0.0,0.0,0.001827239990234375,0.0023717880249023438,1,0.000133514404296875,False,2G,10
"/* DISTINCT VALUES & COUNT OF 'genre' */ SELECT DISTINCT genre, COUNT(genre) AS genre_count FROM data GROUP BY genre ORDER BY genre_count DESC","-- DISTINCT VALUES & COUNT OF 'genre'
SELECT 
    DISTINCT genre,
    COUNT(genre) AS genre_count 
FROM data 
GROUP BY genre 
ORDER BY genre_count DESC",PostgresHandler,67.64554977416992,2.4627303967510152,2038.4609375,99.53422546386719,0.0,0.0,0.0032663345336914062,0.1196603775024414,3097,0.23495960235595703,False,2G,10
"/* DISTINCT VALUES IN COLUMN 'album' */ SELECT DISTINCT album, COUNT(album) AS album_count FROM data GROUP BY album ORDER BY album_count DESC","-- DISTINCT VALUES IN COLUMN 'album'
SELECT 
    DISTINCT album,
    COUNT(album) AS album_count 
FROM data 
GROUP BY album 
ORDER BY album_count DESC",PostgresHandler,570.5056190490723,2.1250078051826415,1999.7421875,97.64366149902344,0.0,0.0,0.04562568664550781,5.453512191772461,154682,11.50865650177002,False,2G,10
"/* STATS (AVG, SUM, MIN, MAX) FOR COLUMN 'tempo' */ SELECT AVG(tempo) AS avg_tempo, SUM(tempo) AS sum_tempo, MIN(tempo) AS min_tempo, MAX(tempo) AS max_tempo FROM data","-- STATS (AVG, SUM, MIN, MAX) FOR COLUMN 'tempo'
SELECT 
    AVG(tempo) AS avg_tempo,
    SUM(tempo) AS sum_tempo, 
    MIN(tempo) AS min_tempo, 
    MAX(tempo) AS max_tempo 
FROM data",PostgresHandler,77.94833183288574,2.077550765385817,2010.734375,98.18038940429688,0.0,0.0,0.002033233642578125,0.0026187896728515625,1,0.000156402587890625,False,2G,10
/* FILTER BY LIKE OPERATOR & 2 CONDITIONS */ SELECT * FROM data WHERE text LIKE '%%love%%' AND tempo < 120,"-- FILTER BY LIKE OPERATOR & 2 CONDITIONS
SELECT * 
FROM data 
WHERE text LIKE '%%love%%'
AND tempo < 120",PostgresHandler,1615.0603294372559,2.6791255465334167,2027.33203125,98.9908218383789,0.0,0.0,2.099956512451172,264.6328983306885,115044,419.287654876709,False,2G,10
"/* SELF-JOIN ON 'artist' TO FIND DUPLICATE ARTISTS */ SELECT DISTINCT a1.artist_s AS artists, COUNT(*) AS duplicate_count FROM data AS a1 JOIN data AS a2 ON a1.artist_s = a2.artist_s GROUP BY a1.artist_s","-- SELF-JOIN ON 'artist' TO FIND DUPLICATE ARTISTS
SELECT 
    DISTINCT a1.artist_s AS artists, 
    COUNT(*) AS duplicate_count 
FROM data AS a1 
JOIN data AS a2 
ON a1.artist_s = a2.artist_s
GROUP BY a1.artist_s",PostgresHandler,1244.330644607544,2.1719063962558502,1913.375,93.426513671875,0.0,0.0,0.039139747619628906,4.595521926879883,127334,9.563119888305664,False,2G,10
/* TOP 1000 ROWS */ SELECT * FROM data LIMIT 1000,"-- TOP 1000 ROWS
SELECT * FROM data LIMIT 1000",DuckDBHandler,19.099950790405273,0.004895410552606931,100.3671875,4.9007415771484375,0.0,0.0,0.0,0.0,1000,3.920193672180176,False,2G,10
/* COUNT ALL */ SELECT COUNT(*) FROM data,"-- COUNT ALL
SELECT COUNT(*) FROM data",DuckDBHandler,2.1622180938720703,0.004697064334790756,100.3671875,4.9007415771484375,0.0,0.0,0.0,0.0,1,0.000133514404296875,False,2G,10
"/* DISTINCT VALUES & COUNT OF 'genre' */ SELECT DISTINCT genre, COUNT(genre) AS genre_count FROM data GROUP BY genre ORDER BY genre_count DESC NULLS FIRST","-- DISTINCT VALUES & COUNT OF 'genre'
SELECT 
    DISTINCT genre,
    COUNT(genre) AS genre_count 
FROM data 
GROUP BY genre 
ORDER BY genre_count DESC",DuckDBHandler,9.456396102905273,0.004795504214798627,100.3671875,4.9007415771484375,0.0,0.0,0.0,0.0,3097,0.23495960235595703,False,2G,10
"/* DISTINCT VALUES IN COLUMN 'album' */ SELECT DISTINCT album, COUNT(album) AS album_count FROM data GROUP BY album ORDER BY album_count DESC NULLS FIRST","-- DISTINCT VALUES IN COLUMN 'album'
SELECT 
    DISTINCT album,
    COUNT(album) AS album_count 
FROM data 
GROUP BY album 
ORDER BY album_count DESC",DuckDBHandler,196.30908966064453,0.0045000000000000005,100.3671875,4.9007415771484375,0.0,0.0,0.0,0.0,154682,11.50865650177002,False,2G,10
"/* STATS (AVG, SUM, MIN, MAX) FOR COLUMN 'tempo' */ SELECT AVG(tempo) AS avg_tempo, SUM(tempo) AS sum_tempo, MIN(tempo) AS min_tempo, MAX(tempo) AS max_tempo FROM data","-- STATS (AVG, SUM, MIN, MAX) FOR COLUMN 'tempo'
SELECT 
    AVG(tempo) AS avg_tempo,
    SUM(tempo) AS sum_tempo, 
    MIN(tempo) AS min_tempo, 
    MAX(tempo) AS max_tempo 
FROM data",DuckDBHandler,2.6209354400634766,0.004395878863565407,100.3671875,4.9007415771484375,0.0,0.0,0.0,0.0,1,0.000156402587890625,False,2G,10
/* FILTER BY LIKE OPERATOR & 2 CONDITIONS */ SELECT * FROM data WHERE text LIKE '%%love%%' AND tempo < 120,"-- FILTER BY LIKE OPERATOR & 2 CONDITIONS
SELECT * 
FROM data 
WHERE text LIKE '%%love%%'
AND tempo < 120",DuckDBHandler,1841.761827468872,0.00339787632729544,100.3671875,4.9007415771484375,0.0,0.0,0.0,0.0,115044,419.287654876709,False,2G,10
"/* SELF-JOIN ON 'artist' TO FIND DUPLICATE ARTISTS */ SELECT DISTINCT a1.artist_s AS artists, COUNT(*) AS duplicate_count FROM data AS a1 JOIN data AS a2 ON a1.artist_s = a2.artist_s GROUP BY a1.artist_s","-- SELF-JOIN ON 'artist' TO FIND DUPLICATE ARTISTS
SELECT 
    DISTINCT a1.artist_s AS artists, 
    COUNT(*) AS duplicate_count 
FROM data AS a1 
JOIN data AS a2 
ON a1.artist_s = a2.artist_s
GROUP BY a1.artist_s",DuckDBHandler,154.799222946167,0.005095223228223541,100.3671875,4.9007415771484375,0.0,0.0,0.0,0.0,127334,9.563119888305664,False,2G,10
/* TOP 1000 ROWS */ SELECT * FROM data LIMIT 1000,"-- TOP 1000 ROWS
SELECT * FROM data LIMIT 1000",MySQLHandler,22.83000946044922,2.2827866291783816,3218.91015625,78.58667373657227,0.0,0.0,0.010874748229980469,2.2875003814697266,1000,3.920193672180176,False,4G,10
/* COUNT ALL */ SELECT COUNT(*) FROM data,"-- COUNT ALL
SELECT COUNT(*) FROM data",MySQLHandler,136.16132736206055,1.6324594257178526,3220.29296875,78.62043380737305,0.0,0.0,0.0014886856079101562,0.0018167495727539062,1,0.000133514404296875,False,4G,10
"/* DISTINCT VALUES & COUNT OF 'genre' */ SELECT DISTINCT genre, COUNT(genre) AS genre_count FROM data GROUP BY genre ORDER BY CASE WHEN genre_count IS NULL THEN 1 ELSE 0 END DESC, genre_count DESC","-- DISTINCT VALUES & COUNT OF 'genre'
SELECT 
    DISTINCT genre,
    COUNT(genre) AS genre_count 
FROM data 
GROUP BY genre 
ORDER BY genre_count DESC",MySQLHandler,1018.9483165740967,1.0105,3236.10546875,79.0064811706543,0.0,0.0,0.0026082992553710938,0.09209728240966797,3097,0.23495960235595703,False,4G,10
"/* DISTINCT VALUES IN COLUMN 'album' */ SELECT DISTINCT album, COUNT(album) AS album_count FROM data GROUP BY album ORDER BY CASE WHEN album_count IS NULL THEN 1 ELSE 0 END DESC, album_count DESC","-- DISTINCT VALUES IN COLUMN 'album'
SELECT 
    DISTINCT album,
    COUNT(album) AS album_count 
FROM data 
GROUP BY album 
ORDER BY album_count DESC",MySQLHandler,1647.3920345306396,1.4396004993757803,3265.29296875,79.71906661987305,0.0,0.0,0.018464088439941406,4.039665222167969,151168,11.28181266784668,False,4G,10
"/* STATS (AVG, SUM, MIN, MAX) FOR COLUMN 'tempo' */ SELECT AVG(tempo) AS avg_tempo, SUM(tempo) AS sum_tempo, MIN(tempo) AS min_tempo, MAX(tempo) AS max_tempo FROM data","-- STATS (AVG, SUM, MIN, MAX) FOR COLUMN 'tempo'
SELECT 
    AVG(tempo) AS avg_tempo,
    SUM(tempo) AS sum_tempo, 
    MIN(tempo) AS min_tempo, 
    MAX(tempo) AS max_tempo 
FROM data",MySQLHandler,417.3274040222168,0.6261043423930022,3265.08984375,79.71410751342773,0.0,0.0,0.0016279220581054688,0.0019350051879882812,1,0.000156402587890625,False,4G,10
/* FILTER BY LIKE OPERATOR & 2 CONDITIONS */ SELECT * FROM data WHERE text LIKE '%%love%%' AND tempo < 120,"-- FILTER BY LIKE OPERATOR & 2 CONDITIONS
SELECT * 
FROM data 
WHERE text LIKE '%%love%%'
AND tempo < 120",MySQLHandler,3356.4839363098145,0.6528838951310861,3251.94140625,79.39310073852539,0.0,0.0,1.0253734588623047,255.69958114624023,119158,433.5639772415161,False,4G,10
"/* SELF-JOIN ON 'artist' TO FIND DUPLICATE ARTISTS */ SELECT DISTINCT a1.artist_s AS artists, COUNT(*) AS duplicate_count FROM data AS a1 JOIN data AS a2 ON a1.artist_s = a2.artist_s GROUP BY a1.artist_s","-- SELF-JOIN ON 'artist' TO FIND DUPLICATE ARTISTS
SELECT 
    DISTINCT a1.artist_s AS artists, 
    COUNT(*) AS duplicate_count 
FROM data AS a1 
JOIN data AS a2 
ON a1.artist_s = a2.artist_s
GROUP BY a1.artist_s",MySQLHandler,62119.05574798584,0.6412991880074953,3299.8515625,80.56278228759766,0.0,0.0,0.016841888427734375,3.478695869445801,127197,9.554627418518066,False,4G,10
/* TOP 1000 ROWS */ SELECT * FROM data LIMIT 1000,"-- TOP 1000 ROWS
SELECT * FROM data LIMIT 1000",PostgresHandler,22.251129150390625,0.14527301092043682,2076.7421875,50.70171356201172,0.0,0.0,0.0213470458984375,2.4446020126342773,1000,3.9677934646606445,False,4G,10
/* COUNT ALL */ SELECT COUNT(*) FROM data,"-- COUNT ALL
SELECT COUNT(*) FROM data",PostgresHandler,43.20883750915527,0.04866958151155528,2078.99609375,50.75674057006836,0.0,0.0,0.001827239990234375,0.0023717880249023438,1,0.000133514404296875,False,4G,10
"/* DISTINCT VALUES & COUNT OF 'genre' */ SELECT DISTINCT genre, COUNT(genre) AS genre_count FROM data GROUP BY genre ORDER BY genre_count DESC","-- DISTINCT VALUES & COUNT OF 'genre'
SELECT 
    DISTINCT genre,
    COUNT(genre) AS genre_count 
FROM data 
GROUP BY genre 
ORDER BY genre_count DESC",PostgresHandler,65.69743156433105,2.2857713928794503,2081.1484375,50.809288024902344,0.0,0.0,0.0030727386474609375,0.1195974349975586,3097,0.23495960235595703,False,4G,10
"/* DISTINCT VALUES IN COLUMN 'album' */ SELECT DISTINCT album, COUNT(album) AS album_count FROM data GROUP BY album ORDER BY album_count DESC","-- DISTINCT VALUES IN COLUMN 'album'
SELECT 
    DISTINCT album,
    COUNT(album) AS album_count 
FROM data 
GROUP BY album 
ORDER BY album_count DESC",PostgresHandler,552.9530048370361,2.1547532792004995,2084.61328125,50.89387893676758,0.0,0.0,0.04600715637207031,5.453701019287109,154682,11.50865650177002,False,4G,10
"/* STATS (AVG, SUM, MIN, MAX) FOR COLUMN 'tempo' */ SELECT AVG(tempo) AS avg_tempo, SUM(tempo) AS sum_tempo, MIN(tempo) AS min_tempo, MAX(tempo) AS max_tempo FROM data","-- STATS (AVG, SUM, MIN, MAX) FOR COLUMN 'tempo'
SELECT 
    AVG(tempo) AS avg_tempo,
    SUM(tempo) AS sum_tempo, 
    MIN(tempo) AS min_tempo, 
    MAX(tempo) AS max_tempo 
FROM data",PostgresHandler,72.90387153625488,2.0294631710362045,2095.07421875,51.14927291870117,0.0,0.0,0.0019664764404296875,0.0026187896728515625,1,0.000156402587890625,False,4G,10
/* FILTER BY LIKE OPERATOR & 2 CONDITIONS */ SELECT * FROM data WHERE text LIKE '%%love%%' AND tempo < 120,"-- FILTER BY LIKE OPERATOR & 2 CONDITIONS
SELECT * 
FROM data 
WHERE text LIKE '%%love%%'
AND tempo < 120",PostgresHandler,1604.1259765625,2.537007185254608,2103.56640625,51.35660171508789,0.0,0.0,2.0951099395751953,264.63377952575684,115044,419.287654876709,False,4G,10
"/* SELF-JOIN ON 'artist' TO FIND DUPLICATE ARTISTS */ SELECT DISTINCT a1.artist_s AS artists, COUNT(*) AS duplicate_count FROM data AS a1 JOIN data AS a2 ON a1.artist_s = a2.artist_s GROUP BY a1.artist_s","-- SELF-JOIN ON 'artist' TO FIND DUPLICATE ARTISTS
SELECT 
    DISTINCT a1.artist_s AS artists, 
    COUNT(*) AS duplicate_count 
FROM data AS a1 
JOIN data AS a2 
ON a1.artist_s = a2.artist_s
GROUP BY a1.artist_s",PostgresHandler,1228.3263206481934,1.9168,2120.4765625,51.769447326660156,0.0,0.0,0.039139747619628906,4.595521926879883,127334,9.563119888305664,False,4G,10
/* TOP 1000 ROWS */ SELECT * FROM data LIMIT 1000,"-- TOP 1000 ROWS
SELECT * FROM data LIMIT 1000",DuckDBHandler,18.99242401123047,0.0031980012492192384,100.3671875,2.4503707885742188,0.0,0.0,0.0,0.0,1000,3.920193672180176,False,4G,10
/* COUNT ALL */ SELECT COUNT(*) FROM data,"-- COUNT ALL
SELECT COUNT(*) FROM data",DuckDBHandler,2.1343231201171875,0.005393258426966292,100.3671875,2.4503707885742188,0.0,0.0,0.0,0.0,1,0.000133514404296875,False,4G,10
"/* DISTINCT VALUES & COUNT OF 'genre' */ SELECT DISTINCT genre, COUNT(genre) AS genre_count FROM data GROUP BY genre ORDER BY genre_count DESC NULLS FIRST","-- DISTINCT VALUES & COUNT OF 'genre'
SELECT 
    DISTINCT genre,
    COUNT(genre) AS genre_count 
FROM data 
GROUP BY genre 
ORDER BY genre_count DESC",DuckDBHandler,9.924650192260742,0.005198375507653858,100.3671875,2.4503707885742188,0.0,0.0,0.0,0.0,3097,0.23495960235595703,False,4G,10
"/* DISTINCT VALUES IN COLUMN 'album' */ SELECT DISTINCT album, COUNT(album) AS album_count FROM data GROUP BY album ORDER BY album_count DESC NULLS FIRST","-- DISTINCT VALUES IN COLUMN 'album'
SELECT 
    DISTINCT album,
    COUNT(album) AS album_count 
FROM data 
GROUP BY album 
ORDER BY album_count DESC",DuckDBHandler,207.32450485229492,0.00339681548548236,100.3671875,2.4503707885742188,0.0,0.0,0.0,0.0,154682,11.50865650177002,False,4G,10
"/* STATS (AVG, SUM, MIN, MAX) FOR COLUMN 'tempo' */ SELECT AVG(tempo) AS avg_tempo, SUM(tempo) AS sum_tempo, MIN(tempo) AS min_tempo, MAX(tempo) AS max_tempo FROM data","-- STATS (AVG, SUM, MIN, MAX) FOR COLUMN 'tempo'
SELECT 
    AVG(tempo) AS avg_tempo,
    SUM(tempo) AS sum_tempo, 
    MIN(tempo) AS min_tempo, 
    MAX(tempo) AS max_tempo 
FROM data",DuckDBHandler,2.9137134552001953,0.005096814490943161,100.3671875,2.4503707885742188,0.0,0.0,0.0,0.0,1,0.000156402587890625,False,4G,10
/* FILTER BY LIKE OPERATOR & 2 CONDITIONS */ SELECT * FROM data WHERE text LIKE '%%love%%' AND tempo < 120,"-- FILTER BY LIKE OPERATOR & 2 CONDITIONS
SELECT * 
FROM data 
WHERE text LIKE '%%love%%'
AND tempo < 120",DuckDBHandler,1837.0182514190674,0.0026974711208242273,100.3671875,2.4503707885742188,0.0,0.0,0.0,0.0,115044,419.287654876709,False,4G,10
"/* SELF-JOIN ON 'artist' TO FIND DUPLICATE ARTISTS */ SELECT DISTINCT a1.artist_s AS artists, COUNT(*) AS duplicate_count FROM data AS a1 JOIN data AS a2 ON a1.artist_s = a2.artist_s GROUP BY a1.artist_s","-- SELF-JOIN ON 'artist' TO FIND DUPLICATE ARTISTS
SELECT 
    DISTINCT a1.artist_s AS artists, 
    COUNT(*) AS duplicate_count 
FROM data AS a1 
JOIN data AS a2 
ON a1.artist_s = a2.artist_s
GROUP BY a1.artist_s",DuckDBHandler,151.3998508453369,0.0048000000000000004,100.3671875,2.4503707885742188,0.0,0.0,0.0,0.0,127334,9.563119888305664,False,4G,10
/* TOP 1000 ROWS */ SELECT * FROM data LIMIT 1000,"-- TOP 1000 ROWS
SELECT * FROM data LIMIT 1000",ClickHouseHandler,35.459041595458984,5.354866979655712,1670.62890625,40.78683853149414,0.0,0.0,0.005539894104003906,2.3305253982543945,1000,3.920193672180176,False,4G,10
/* COUNT ALL */ SELECT COUNT(*) FROM data,"-- COUNT ALL
SELECT COUNT(*) FROM data",ClickHouseHandler,13.175010681152344,7.41828178694158,1650.36328125,40.29207229614258,0.0,0.0,0.0029516220092773438,0.004582405090332031,1,0.000133514404296875,False,4G,10
"/* DISTINCT VALUES & COUNT OF 'genre' */ SELECT DISTINCT genre, COUNT(genre) AS genre_count FROM data GROUP BY genre ORDER BY genre_count DESC NULLS FIRST","-- DISTINCT VALUES & COUNT OF 'genre'
SELECT 
    DISTINCT genre,
    COUNT(genre) AS genre_count 
FROM data 
GROUP BY genre 
ORDER BY genre_count DESC",ClickHouseHandler,16.512393951416016,5.513554028732043,1664.78515625,40.644168853759766,0.0,0.0,0.0029382705688476562,0.08246803283691406,3097,0.23495960235595703,False,4G,10
"/* DISTINCT VALUES IN COLUMN 'album' */ SELECT DISTINCT album, COUNT(album) AS album_count FROM data GROUP BY album ORDER BY album_count DESC NULLS FIRST","-- DISTINCT VALUES IN COLUMN 'album'
SELECT 
    DISTINCT album,
    COUNT(album) AS album_count 
FROM data 
GROUP BY album 
ORDER BY album_count DESC",ClickHouseHandler,551.2919425964355,9.61070334479525,1726.515625,42.15126037597656,0.0,0.0,0.0064697265625,3.509489059448242,154682,11.50868034362793,False,4G,10
"/* STATS (AVG, SUM, MIN, MAX) FOR COLUMN 'tempo' */ SELECT AVG(tempo) AS avg_tempo, SUM(tempo) AS sum_tempo, MIN(tempo) AS min_tempo, MAX(tempo) AS max_tempo FROM data","-- STATS (AVG, SUM, MIN, MAX) FOR COLUMN 'tempo'
SELECT 
    AVG(tempo) AS avg_tempo,
    SUM(tempo) AS sum_tempo, 
    MIN(tempo) AS min_tempo, 
    MAX(tempo) AS max_tempo 
FROM data",ClickHouseHandler,7.13801383972168,4.879674695026588,1685.23828125,41.14351272583008,0.0,0.0,0.0027141571044921875,0.004596710205078125,1,0.000156402587890625,False,4G,10
/* FILTER BY LIKE OPERATOR & 2 CONDITIONS */ SELECT * FROM data WHERE text LIKE '%%love%%' AND tempo < 120,"-- FILTER BY LIKE OPERATOR & 2 CONDITIONS
SELECT * 
FROM data 
WHERE text LIKE '%%love%%'
AND tempo < 120",ClickHouseHandler,3395.301103591919,8.467753826929085,1681.9921875,41.06426239013672,0.0,0.0,0.024558067321777344,251.85972213745117,115044,419.28827476501465,False,4G,10
"/* SELF-JOIN ON 'artist' TO FIND DUPLICATE ARTISTS */ SELECT DISTINCT a1.artist_s AS artists, COUNT(*) AS duplicate_count FROM data AS a1 JOIN data AS a2 ON a1.artist_s = a2.artist_s GROUP BY a1.artist_s","-- SELF-JOIN ON 'artist' TO FIND DUPLICATE ARTISTS
SELECT 
    DISTINCT a1.artist_s AS artists, 
    COUNT(*) AS duplicate_count 
FROM data AS a1 
JOIN data AS a2 
ON a1.artist_s = a2.artist_s
GROUP BY a1.artist_s",ClickHouseHandler,590.5838012695312,6.861966186599874,1777.9921875,43.40801239013672,0.0,0.0,0.03326892852783203,3.034832000732422,127334,9.563119888305664,False,4G,10
/* TOP 1000 ROWS */ SELECT * FROM data LIMIT 1000,"-- TOP 1000 ROWS
SELECT * FROM data LIMIT 1000",MySQLHandler,22.40443229675293,2.373632958801498,3218.921875,39.293479919433594,0.0,0.0,0.010874748229980469,2.2875003814697266,1000,3.920193672180176,False,8G,10
/* COUNT ALL */ SELECT COUNT(*) FROM data,"-- COUNT ALL
SELECT COUNT(*) FROM data",MySQLHandler,136.7344856262207,1.5680199875078076,3220.08203125,39.30764198303223,0.0,0.0,0.0014886856079101562,0.0018167495727539062,1,0.000133514404296875,False,8G,10
"/* DISTINCT VALUES & COUNT OF 'genre' */ SELECT DISTINCT genre, COUNT(genre) AS genre_count FROM data GROUP BY genre ORDER BY CASE WHEN genre_count IS NULL THEN 1 ELSE 0 END DESC, genre_count DESC","-- DISTINCT VALUES & COUNT OF 'genre'
SELECT 
    DISTINCT genre,
    COUNT(genre) AS genre_count 
FROM data 
GROUP BY genre 
ORDER BY genre_count DESC",MySQLHandler,1032.0384502410889,0.770936329588015,3236.8515625,39.51234817504883,0.0,0.0,0.0023517608642578125,0.09203433990478516,3097,0.23495960235595703,False,8G,10
"/* DISTINCT VALUES IN COLUMN 'album' */ SELECT DISTINCT album, COUNT(album) AS album_count FROM data GROUP BY album ORDER BY CASE WHEN album_count IS NULL THEN 1 ELSE 0 END DESC, album_count DESC","-- DISTINCT VALUES IN COLUMN 'album'
SELECT 
    DISTINCT album,
    COUNT(album) AS album_count 
FROM data 
GROUP BY album 
ORDER BY album_count DESC",MySQLHandler,1679.5527935028076,1.4095809881175736,3265.0703125,39.856815338134766,0.0,0.0,0.018464088439941406,4.039665222167969,151168,11.28181266784668,False,8G,10
"/* STATS (AVG, SUM, MIN, MAX) FOR COLUMN 'tempo' */ SELECT AVG(tempo) AS avg_tempo, SUM(tempo) AS sum_tempo, MIN(tempo) AS min_tempo, MAX(tempo) AS max_tempo FROM data","-- STATS (AVG, SUM, MIN, MAX) FOR COLUMN 'tempo'
SELECT 
    AVG(tempo) AS avg_tempo,
    SUM(tempo) AS sum_tempo, 
    MIN(tempo) AS min_tempo, 
    MAX(tempo) AS max_tempo 
FROM data",MySQLHandler,428.0524253845215,0.7172517176764522,3265.078125,39.856910705566406,0.0,0.0,0.0016279220581054688,0.0019350051879882812,1,0.000156402587890625,False,8G,10
/* FILTER BY LIKE OPERATOR & 2 CONDITIONS */ SELECT * FROM data WHERE text LIKE '%%love%%' AND tempo < 120,"-- FILTER BY LIKE OPERATOR & 2 CONDITIONS
SELECT * 
FROM data 
WHERE text LIKE '%%love%%'
AND tempo < 120",MySQLHandler,3440.262794494629,0.6226108682073704,3251.9296875,39.696407318115234,0.0,0.0,1.0256881713867188,255.69964408874512,119158,433.5639772415161,False,8G,10
"/* SELF-JOIN ON 'artist' TO FIND DUPLICATE ARTISTS */ SELECT DISTINCT a1.artist_s AS artists, COUNT(*) AS duplicate_count FROM data AS a1 JOIN data AS a2 ON a1.artist_s = a2.artist_s GROUP BY a1.artist_s","-- SELF-JOIN ON 'artist' TO FIND DUPLICATE ARTISTS
SELECT 
    DISTINCT a1.artist_s AS artists, 
    COUNT(*) AS duplicate_count 
FROM data AS a1 
JOIN data AS a2 
ON a1.artist_s = a2.artist_s
GROUP BY a1.artist_s",MySQLHandler,62256.36315345764,0.6407995003123048,3299.8984375,40.28196334838867,0.0,0.0,0.017093658447265625,3.478695869445801,127197,9.554627418518066,False,8G,10
/* TOP 1000 ROWS */ SELECT * FROM data LIMIT 1000,"-- TOP 1000 ROWS
SELECT * FROM data LIMIT 1000",PostgresHandler,21.286725997924805,0.13973799126637554,2076.8515625,25.352191925048828,0.0,0.0,0.0213470458984375,2.4446020126342773,1000,3.9677934646606445,False,8G,10
/* COUNT ALL */ SELECT COUNT(*) FROM data,"-- COUNT ALL
SELECT COUNT(*) FROM data",PostgresHandler,44.30794715881348,0.15605369965657195,2079.26953125,25.3817081451416,0.0,0.0,0.0018939971923828125,0.0023717880249023438,1,0.000133514404296875,False,8G,10
"/* DISTINCT VALUES & COUNT OF 'genre' */ SELECT DISTINCT genre, COUNT(genre) AS genre_count FROM data GROUP BY genre ORDER BY genre_count DESC","-- DISTINCT VALUES & COUNT OF 'genre'
SELECT 
    DISTINCT genre,
    COUNT(genre) AS genre_count 
FROM data 
GROUP BY genre 
ORDER BY genre_count DESC",PostgresHandler,67.7030086517334,2.3291442848219863,2081.1484375,25.404644012451172,0.0,0.0,0.0030727386474609375,0.1195974349975586,3097,0.23495960235595703,False,8G,10
"/* DISTINCT VALUES IN COLUMN 'album' */ SELECT DISTINCT album, COUNT(album) AS album_count FROM data GROUP BY album ORDER BY album_count DESC","-- DISTINCT VALUES IN COLUMN 'album'
SELECT 
    DISTINCT album,
    COUNT(album) AS album_count 
FROM data 
GROUP BY album 
ORDER BY album_count DESC",PostgresHandler,470.7930088043213,2.13156777014366,2084.5390625,25.446033477783203,0.0,0.0,0.046133995056152344,5.453701019287109,154682,11.50865650177002,False,8G,10
"/* STATS (AVG, SUM, MIN, MAX) FOR COLUMN 'tempo' */ SELECT AVG(tempo) AS avg_tempo, SUM(tempo) AS sum_tempo, MIN(tempo) AS min_tempo, MAX(tempo) AS max_tempo FROM data","-- STATS (AVG, SUM, MIN, MAX) FOR COLUMN 'tempo'
SELECT 
    AVG(tempo) AS avg_tempo,
    SUM(tempo) AS sum_tempo, 
    MIN(tempo) AS min_tempo, 
    MAX(tempo) AS max_tempo 
FROM data",PostgresHandler,75.22296905517578,2.111860174781523,2095.3671875,25.57821273803711,0.0,0.0,0.0019664764404296875,0.0026187896728515625,1,0.000156402587890625,False,8G,10
/* FILTER BY LIKE OPERATOR & 2 CONDITIONS */ SELECT * FROM data WHERE text LIKE '%%love%%' AND tempo < 120,"-- FILTER BY LIKE OPERATOR & 2 CONDITIONS
SELECT * 
FROM data 
WHERE text LIKE '%%love%%'
AND tempo < 120",PostgresHandler,1618.7422275543213,2.1913759750390014,2103.14453125,25.67315101623535,0.0,0.0,2.098194122314453,264.6338424682617,115044,419.287654876709,False,8G,10
"/* SELF-JOIN ON 'artist' TO FIND DUPLICATE ARTISTS */ SELECT DISTINCT a1.artist_s AS artists, COUNT(*) AS duplicate_count FROM data AS a1 JOIN data AS a2 ON a1.artist_s = a2.artist_s GROUP BY a1.artist_s","-- SELF-JOIN ON 'artist' TO FIND DUPLICATE ARTISTS
SELECT 
    DISTINCT a1.artist_s AS artists, 
    COUNT(*) AS duplicate_count 
FROM data AS a1 
JOIN data AS a2 
ON a1.artist_s = a2.artist_s
GROUP BY a1.artist_s",PostgresHandler,1229.858636856079,2.121111458008117,2120.44140625,25.884294509887695,0.0,0.0,0.03920269012451172,4.5955963134765625,127334,9.563119888305664,False,8G,10
/* TOP 1000 ROWS */ SELECT * FROM data LIMIT 1000,"-- TOP 1000 ROWS
SELECT * FROM data LIMIT 1000",DuckDBHandler,19.272804260253906,0.004996876951905059,100.36328125,1.225137710571289,0.0,0.0,0.0,0.0,1000,3.920193672180176,False,8G,10
/* COUNT ALL */ SELECT COUNT(*) FROM data,"-- COUNT ALL
SELECT COUNT(*) FROM data",DuckDBHandler,2.157449722290039,0.0045956915391820174,100.36328125,1.225137710571289,0.0,0.0,0.0,0.0,1,0.000133514404296875,False,8G,10
"/* DISTINCT VALUES & COUNT OF 'genre' */ SELECT DISTINCT genre, COUNT(genre) AS genre_count FROM data GROUP BY genre ORDER BY genre_count DESC NULLS FIRST","-- DISTINCT VALUES & COUNT OF 'genre'
SELECT 
    DISTINCT genre,
    COUNT(genre) AS genre_count 
FROM data 
GROUP BY genre 
ORDER BY genre_count DESC",DuckDBHandler,9.340763092041016,0.005694661255073369,100.36328125,1.225137710571289,0.0,0.0,0.0,0.0,3097,0.23495960235595703,False,8G,10
"/* DISTINCT VALUES IN COLUMN 'album' */ SELECT DISTINCT album, COUNT(album) AS album_count FROM data GROUP BY album ORDER BY album_count DESC NULLS FIRST","-- DISTINCT VALUES IN COLUMN 'album'
SELECT 
    DISTINCT album,
    COUNT(album) AS album_count 
FROM data 
GROUP BY album 
ORDER BY album_count DESC",DuckDBHandler,203.0172348022461,0.0024960998439937598,100.36328125,1.225137710571289,0.0,0.0,0.0,0.0,154682,11.50865650177002,False,8G,10
"/* STATS (AVG, SUM, MIN, MAX) FOR COLUMN 'tempo' */ SELECT AVG(tempo) AS avg_tempo, SUM(tempo) AS sum_tempo, MIN(tempo) AS min_tempo, MAX(tempo) AS max_tempo FROM data","-- STATS (AVG, SUM, MIN, MAX) FOR COLUMN 'tempo'
SELECT 
    AVG(tempo) AS avg_tempo,
    SUM(tempo) AS sum_tempo, 
    MIN(tempo) AS min_tempo, 
    MAX(tempo) AS max_tempo 
FROM data",DuckDBHandler,3.1800270080566406,0.003996253512332188,100.36328125,1.225137710571289,0.0,0.0,0.0,0.0,1,0.000156402587890625,False,8G,10
/* FILTER BY LIKE OPERATOR & 2 CONDITIONS */ SELECT * FROM data WHERE text LIKE '%%love%%' AND tempo < 120,"-- FILTER BY LIKE OPERATOR & 2 CONDITIONS
SELECT * 
FROM data 
WHERE text LIKE '%%love%%'
AND tempo < 120",DuckDBHandler,1839.2248153686523,0.004697064334790756,100.36328125,1.225137710571289,0.0,0.0,0.0,0.0,115044,419.287654876709,False,8G,10
"/* SELF-JOIN ON 'artist' TO FIND DUPLICATE ARTISTS */ SELECT DISTINCT a1.artist_s AS artists, COUNT(*) AS duplicate_count FROM data AS a1 JOIN data AS a2 ON a1.artist_s = a2.artist_s GROUP BY a1.artist_s","-- SELF-JOIN ON 'artist' TO FIND DUPLICATE ARTISTS
SELECT 
    DISTINCT a1.artist_s AS artists, 
    COUNT(*) AS duplicate_count 
FROM data AS a1 
JOIN data AS a2 
ON a1.artist_s = a2.artist_s
GROUP BY a1.artist_s",DuckDBHandler,216.97235107421875,0.004896939412866958,100.36328125,1.225137710571289,0.0,0.0,0.0,0.0,127334,9.563119888305664,False,8G,10
/* TOP 1000 ROWS */ SELECT * FROM data LIMIT 1000,"-- TOP 1000 ROWS
SELECT * FROM data LIMIT 1000",ClickHouseHandler,36.70835494995117,5.595902560899438,1668.54296875,20.367956161499023,0.0,0.0,0.005917549133300781,2.330841064453125,1000,3.920193672180176,False,8G,10
/* COUNT ALL */ SELECT COUNT(*) FROM data,"-- COUNT ALL
SELECT COUNT(*) FROM data",ClickHouseHandler,13.101577758789062,10.3617,1670.44921875,20.391225814819336,0.0,0.0,0.0025110244750976562,0.004456520080566406,1,0.000133514404296875,False,8G,10
"/* DISTINCT VALUES & COUNT OF 'genre' */ SELECT DISTINCT genre, COUNT(genre) AS genre_count FROM data GROUP BY genre ORDER BY genre_count DESC NULLS FIRST","-- DISTINCT VALUES & COUNT OF 'genre'
SELECT 
    DISTINCT genre,
    COUNT(genre) AS genre_count 
FROM data 
GROUP BY genre 
ORDER BY genre_count DESC",ClickHouseHandler,17.32921600341797,5.245278298936835,1665.85546875,20.33514976501465,0.0,0.0,0.0033788681030273438,0.0826568603515625,3097,0.23495960235595703,False,8G,10
"/* DISTINCT VALUES IN COLUMN 'album' */ SELECT DISTINCT album, COUNT(album) AS album_count FROM data GROUP BY album ORDER BY album_count DESC NULLS FIRST","-- DISTINCT VALUES IN COLUMN 'album'
SELECT 
    DISTINCT album,
    COUNT(album) AS album_count 
FROM data 
GROUP BY album 
ORDER BY album_count DESC",ClickHouseHandler,550.0409603118896,10.0914,1716.65625,20.955276489257812,0.0,0.0,0.006595611572265625,3.5094261169433594,154682,11.50868034362793,False,8G,10
"/* STATS (AVG, SUM, MIN, MAX) FOR COLUMN 'tempo' */ SELECT AVG(tempo) AS avg_tempo, SUM(tempo) AS sum_tempo, MIN(tempo) AS min_tempo, MAX(tempo) AS max_tempo FROM data","-- STATS (AVG, SUM, MIN, MAX) FOR COLUMN 'tempo'
SELECT 
    AVG(tempo) AS avg_tempo,
    SUM(tempo) AS sum_tempo, 
    MIN(tempo) AS min_tempo, 
    MAX(tempo) AS max_tempo 
FROM data",ClickHouseHandler,8.548259735107422,5.449420607579079,1691.87890625,20.65281867980957,0.0,0.0,0.0029659271240234375,0.0045337677001953125,1,0.000156402587890625,False,8G,10
/* FILTER BY LIKE OPERATOR & 2 CONDITIONS */ SELECT * FROM data WHERE text LIKE '%%love%%' AND tempo < 120,"-- FILTER BY LIKE OPERATOR & 2 CONDITIONS
SELECT * 
FROM data 
WHERE text LIKE '%%love%%'
AND tempo < 120",ClickHouseHandler,3466.3925170898438,8.1318,1696.8046875,20.712947845458984,0.0,0.0,0.02252674102783203,251.74789237976074,115044,419.28827476501465,False,8G,10
"/* SELF-JOIN ON 'artist' TO FIND DUPLICATE ARTISTS */ SELECT DISTINCT a1.artist_s AS artists, COUNT(*) AS duplicate_count FROM data AS a1 JOIN data AS a2 ON a1.artist_s = a2.artist_s GROUP BY a1.artist_s","-- SELF-JOIN ON 'artist' TO FIND DUPLICATE ARTISTS
SELECT 
    DISTINCT a1.artist_s AS artists, 
    COUNT(*) AS duplicate_count 
FROM data AS a1 
JOIN data AS a2 
ON a1.artist_s = a2.artist_s
GROUP BY a1.artist_s",ClickHouseHandler,585.1125717163086,9.5344,1802.203125,21.999549865722656,0.0,0.0,0.032639503479003906,3.0343894958496094,127334,9.563119888305664,False,8G,10
/* TOP 1000 ROWS */ SELECT * FROM data LIMIT 1000,"-- TOP 1000 ROWS
SELECT * FROM data LIMIT 1000",MySQLHandler,22.548198699951172,2.943880037488285,3218.46875,19.64397430419922,0.0,0.0,0.010874748229980469,2.2875003814697266,1000,3.920193672180176,False,16G,10
/* COUNT ALL */ SELECT COUNT(*) FROM data,"-- COUNT ALL
SELECT COUNT(*) FROM data",MySQLHandler,137.986421585083,1.5203497813866333,3219.6328125,19.651079177856445,0.0,0.0,0.0014886856079101562,0.0018167495727539062,1,0.000133514404296875,False,16G,10
"/* DISTINCT VALUES & COUNT OF 'genre' */ SELECT DISTINCT genre, COUNT(genre) AS genre_count FROM data GROUP BY genre ORDER BY CASE WHEN genre_count IS NULL THEN 1 ELSE 0 END DESC, genre_count DESC","-- DISTINCT VALUES & COUNT OF 'genre'
SELECT 
    DISTINCT genre,
    COUNT(genre) AS genre_count 
FROM data 
GROUP BY genre 
ORDER BY genre_count DESC",MySQLHandler,1030.2751064300537,0.7550359487339794,3236.21484375,19.75228786468506,0.0,0.0,0.002414703369140625,0.09209728240966797,3097,0.23495960235595703,False,16G,10
"/* DISTINCT VALUES IN COLUMN 'album' */ SELECT DISTINCT album, COUNT(album) AS album_count FROM data GROUP BY album ORDER BY CASE WHEN album_count IS NULL THEN 1 ELSE 0 END DESC, album_count DESC","-- DISTINCT VALUES IN COLUMN 'album'
SELECT 
    DISTINCT album,
    COUNT(album) AS album_count 
FROM data 
GROUP BY album 
ORDER BY album_count DESC",MySQLHandler,1684.678077697754,0.6573891317926296,3265.0234375,19.92812156677246,0.0,0.0,0.018464088439941406,4.039665222167969,151168,11.28181266784668,False,16G,10
"/* STATS (AVG, SUM, MIN, MAX) FOR COLUMN 'tempo' */ SELECT AVG(tempo) AS avg_tempo, SUM(tempo) AS sum_tempo, MIN(tempo) AS min_tempo, MAX(tempo) AS max_tempo FROM data","-- STATS (AVG, SUM, MIN, MAX) FOR COLUMN 'tempo'
SELECT 
    AVG(tempo) AS avg_tempo,
    SUM(tempo) AS sum_tempo, 
    MIN(tempo) AS min_tempo, 
    MAX(tempo) AS max_tempo 
FROM data",MySQLHandler,425.2207279205322,0.6925015595757954,3264.859375,19.927120208740234,0.0,0.0,0.0016279220581054688,0.0019350051879882812,1,0.000156402587890625,False,16G,10
/* FILTER BY LIKE OPERATOR & 2 CONDITIONS */ SELECT * FROM data WHERE text LIKE '%%love%%' AND tempo < 120,"-- FILTER BY LIKE OPERATOR & 2 CONDITIONS
SELECT * 
FROM data 
WHERE text LIKE '%%love%%'
AND tempo < 120",MySQLHandler,3438.655376434326,0.61579243513598,3251.7109375,19.84686851501465,0.0,0.0,1.0254993438720703,255.69970703125,119158,433.5639772415161,False,16G,10
"/* SELF-JOIN ON 'artist' TO FIND DUPLICATE ARTISTS */ SELECT DISTINCT a1.artist_s AS artists, COUNT(*) AS duplicate_count FROM data AS a1 JOIN data AS a2 ON a1.artist_s = a2.artist_s GROUP BY a1.artist_s","-- SELF-JOIN ON 'artist' TO FIND DUPLICATE ARTISTS
SELECT 
    DISTINCT a1.artist_s AS artists, 
    COUNT(*) AS duplicate_count 
FROM data AS a1 
JOIN data AS a2 
ON a1.artist_s = a2.artist_s
GROUP BY a1.artist_s",MySQLHandler,62264.70732688904,0.7320424734540912,3288.984375,20.07436752319336,0.0,0.0,0.01731395721435547,3.4786558151245117,127197,9.554627418518066,False,16G,10
/* TOP 1000 ROWS */ SELECT * FROM data LIMIT 1000,"-- TOP 1000 ROWS
SELECT * FROM data LIMIT 1000",PostgresHandler,20.344257354736328,0.17614495470165573,2077.24609375,12.67850399017334,0.0,0.0,0.0213470458984375,2.4446020126342773,1000,3.9677934646606445,False,16G,10
/* COUNT ALL */ SELECT COUNT(*) FROM data,"-- COUNT ALL
SELECT COUNT(*) FROM data",PostgresHandler,44.09027099609375,0.12442223610243598,2079.37109375,12.691473960876465,0.0,0.0,0.001827239990234375,0.0023717880249023438,1,0.000133514404296875,False,16G,10
"/* DISTINCT VALUES & COUNT OF 'genre' */ SELECT DISTINCT genre, COUNT(genre) AS genre_count FROM data GROUP BY genre ORDER BY genre_count DESC","-- DISTINCT VALUES & COUNT OF 'genre'
SELECT 
    DISTINCT genre,
    COUNT(genre) AS genre_count 
FROM data 
GROUP BY genre 
ORDER BY genre_count DESC",PostgresHandler,65.70219993591309,2.210736579275905,2081.23828125,12.70287036895752,0.0,0.0,0.0030727386474609375,0.1195974349975586,3097,0.23495960235595703,False,16G,10
"/* DISTINCT VALUES IN COLUMN 'album' */ SELECT DISTINCT album, COUNT(album) AS album_count FROM data GROUP BY album ORDER BY album_count DESC","-- DISTINCT VALUES IN COLUMN 'album'
SELECT 
    DISTINCT album,
    COUNT(album) AS album_count 
FROM data 
GROUP BY album 
ORDER BY album_count DESC",PostgresHandler,557.1575164794922,2.1491,2084.4140625,12.722253799438477,0.0,0.0,0.046133995056152344,5.453763961791992,154682,11.50865650177002,False,16G,10
"/* STATS (AVG, SUM, MIN, MAX) FOR COLUMN 'tempo' */ SELECT AVG(tempo) AS avg_tempo, SUM(tempo) AS sum_tempo, MIN(tempo) AS min_tempo, MAX(tempo) AS max_tempo FROM data","-- STATS (AVG, SUM, MIN, MAX) FOR COLUMN 'tempo'
SELECT 
    AVG(tempo) AS avg_tempo,
    SUM(tempo) AS sum_tempo, 
    MIN(tempo) AS min_tempo, 
    MAX(tempo) AS max_tempo 
FROM data",PostgresHandler,76.45726203918457,1.9034155479238215,2095.265625,12.78848648071289,0.0,0.0,0.0019664764404296875,0.0026187896728515625,1,0.000156402587890625,False,16G,10
/* FILTER BY LIKE OPERATOR & 2 CONDITIONS */ SELECT * FROM data WHERE text LIKE '%%love%%' AND tempo < 120,"-- FILTER BY LIKE OPERATOR & 2 CONDITIONS
SELECT * 
FROM data 
WHERE text LIKE '%%love%%'
AND tempo < 120",PostgresHandler,1627.9346942901611,2.0627661567280677,2103.38671875,12.838053703308105,0.0,0.0,2.096769332885742,264.6411838531494,115044,419.287654876709,False,16G,10
"/* SELF-JOIN ON 'artist' TO FIND DUPLICATE ARTISTS */ SELECT DISTINCT a1.artist_s AS artists, COUNT(*) AS duplicate_count FROM data AS a1 JOIN data AS a2 ON a1.artist_s = a2.artist_s GROUP BY a1.artist_s","-- SELF-JOIN ON 'artist' TO FIND DUPLICATE ARTISTS
SELECT 
    DISTINCT a1.artist_s AS artists, 
    COUNT(*) AS duplicate_count 
FROM data AS a1 
JOIN data AS a2 
ON a1.artist_s = a2.artist_s
GROUP BY a1.artist_s",PostgresHandler,1204.6823501586914,2.110821105213862,2120.5546875,12.942838668823242,0.0,0.0,0.03920269012451172,4.5955963134765625,127334,9.563119888305664,False,16G,10
/* TOP 1000 ROWS */ SELECT * FROM data LIMIT 1000,"-- TOP 1000 ROWS
SELECT * FROM data LIMIT 1000",DuckDBHandler,18.66626739501953,0.00499843798812871,100.3515625,0.6124973297119141,0.0,0.0,0.0,0.0,1000,3.920193672180176,False,16G,10
/* COUNT ALL */ SELECT COUNT(*) FROM data,"-- COUNT ALL
SELECT COUNT(*) FROM data",DuckDBHandler,2.655029296875,0.007390761548064919,100.3515625,0.6124973297119141,0.0,0.0,0.0,0.0,1,0.000133514404296875,False,16G,10
"/* DISTINCT VALUES & COUNT OF 'genre' */ SELECT DISTINCT genre, COUNT(genre) AS genre_count FROM data GROUP BY genre ORDER BY genre_count DESC NULLS FIRST","-- DISTINCT VALUES & COUNT OF 'genre'
SELECT 
    DISTINCT genre,
    COUNT(genre) AS genre_count 
FROM data 
GROUP BY genre 
ORDER BY genre_count DESC",DuckDBHandler,9.690284729003906,0.0036930754834684967,100.3515625,0.6124973297119141,0.0,0.0,0.0,0.0,3097,0.23495960235595703,False,16G,10
"/* DISTINCT VALUES IN COLUMN 'album' */ SELECT DISTINCT album, COUNT(album) AS album_count FROM data GROUP BY album ORDER BY album_count DESC NULLS FIRST","-- DISTINCT VALUES IN COLUMN 'album'
SELECT 
    DISTINCT album,
    COUNT(album) AS album_count 
FROM data 
GROUP BY album 
ORDER BY album_count DESC",DuckDBHandler,202.45671272277832,0.0068,100.3515625,0.6124973297119141,0.0,0.0,0.0,0.0,154682,11.50865650177002,False,16G,10
"/* STATS (AVG, SUM, MIN, MAX) FOR COLUMN 'tempo' */ SELECT AVG(tempo) AS avg_tempo, SUM(tempo) AS sum_tempo, MIN(tempo) AS min_tempo, MAX(tempo) AS max_tempo FROM data","-- STATS (AVG, SUM, MIN, MAX) FOR COLUMN 'tempo'
SELECT 
    AVG(tempo) AS avg_tempo,
    SUM(tempo) AS sum_tempo, 
    MIN(tempo) AS min_tempo, 
    MAX(tempo) AS max_tempo 
FROM data",DuckDBHandler,2.81524658203125,0.005792759051186018,100.3515625,0.6124973297119141,0.0,0.0,0.0,0.0,1,0.000156402587890625,False,16G,10
/* FILTER BY LIKE OPERATOR & 2 CONDITIONS */ SELECT * FROM data WHERE text LIKE '%%love%%' AND tempo < 120,"-- FILTER BY LIKE OPERATOR & 2 CONDITIONS
SELECT * 
FROM data 
WHERE text LIKE '%%love%%'
AND tempo < 120",DuckDBHandler,1851.4704704284668,0.004794007490636704,100.3515625,0.6124973297119141,0.0,0.0,0.0,0.0,115044,419.287654876709,False,16G,10
"/* SELF-JOIN ON 'artist' TO FIND DUPLICATE ARTISTS */ SELECT DISTINCT a1.artist_s AS artists, COUNT(*) AS duplicate_count FROM data AS a1 JOIN data AS a2 ON a1.artist_s = a2.artist_s GROUP BY a1.artist_s","-- SELF-JOIN ON 'artist' TO FIND DUPLICATE ARTISTS
SELECT 
    DISTINCT a1.artist_s AS artists, 
    COUNT(*) AS duplicate_count 
FROM data AS a1 
JOIN data AS a2 
ON a1.artist_s = a2.artist_s
GROUP BY a1.artist_s",DuckDBHandler,188.83061408996582,0.0043,100.3515625,0.6124973297119141,0.0,0.0,0.0,0.0,127334,9.563119888305664,False,16G,10
/* TOP 1000 ROWS */ SELECT * FROM data LIMIT 1000,"-- TOP 1000 ROWS
SELECT * FROM data LIMIT 1000",ClickHouseHandler,33.60390663146973,5.317961863082213,1675.00390625,10.22341251373291,0.0,0.0,0.005917549133300781,2.3307151794433594,1000,3.920193672180176,False,16G,10
/* COUNT ALL */ SELECT COUNT(*) FROM data,"-- COUNT ALL
SELECT COUNT(*) FROM data",ClickHouseHandler,7.210969924926758,6.944240150093808,1649.11328125,10.065388679504395,0.0,0.0,0.0027627944946289062,0.0045185089111328125,1,0.000133514404296875,False,16G,10
"/* DISTINCT VALUES & COUNT OF 'genre' */ SELECT DISTINCT genre, COUNT(genre) AS genre_count FROM data GROUP BY genre ORDER BY genre_count DESC NULLS FIRST","-- DISTINCT VALUES & COUNT OF 'genre'
SELECT 
    DISTINCT genre,
    COUNT(genre) AS genre_count 
FROM data 
GROUP BY genre 
ORDER BY genre_count DESC",ClickHouseHandler,16.623735427856445,5.531614111770216,1652.5078125,10.08610725402832,0.0,0.0,0.0030603408813476562,0.08253097534179688,3097,0.23495960235595703,False,16G,10
"/* DISTINCT VALUES IN COLUMN 'album' */ SELECT DISTINCT album, COUNT(album) AS album_count FROM data GROUP BY album ORDER BY album_count DESC NULLS FIRST","-- DISTINCT VALUES IN COLUMN 'album'
SELECT 
    DISTINCT album,
    COUNT(album) AS album_count 
FROM data 
GROUP BY album 
ORDER BY album_count DESC",ClickHouseHandler,549.9117374420166,9.536520650813516,1700.453125,10.378742218017578,0.0,0.0,0.0066585540771484375,3.509489059448242,154682,11.50868034362793,False,16G,10
"/* STATS (AVG, SUM, MIN, MAX) FOR COLUMN 'tempo' */ SELECT AVG(tempo) AS avg_tempo, SUM(tempo) AS sum_tempo, MIN(tempo) AS min_tempo, MAX(tempo) AS max_tempo FROM data","-- STATS (AVG, SUM, MIN, MAX) FOR COLUMN 'tempo'
SELECT 
    AVG(tempo) AS avg_tempo,
    SUM(tempo) AS sum_tempo, 
    MIN(tempo) AS min_tempo, 
    MAX(tempo) AS max_tempo 
FROM data",ClickHouseHandler,7.525444030761719,5.0289715536105035,1664.390625,10.158634185791016,0.0,0.0,0.002777099609375,0.0045337677001953125,1,0.000156402587890625,False,16G,10
/* FILTER BY LIKE OPERATOR & 2 CONDITIONS */ SELECT * FROM data WHERE text LIKE '%%love%%' AND tempo < 120,"-- FILTER BY LIKE OPERATOR & 2 CONDITIONS
SELECT * 
FROM data 
WHERE text LIKE '%%love%%'
AND tempo < 120",ClickHouseHandler,3467.1852588653564,6.057879261807945,1993.93359375,12.170004844665527,0.0,0.0,0.02275562286376953,251.75037574768066,115044,419.28827476501465,False,16G,10
"/* SELF-JOIN ON 'artist' TO FIND DUPLICATE ARTISTS */ SELECT DISTINCT a1.artist_s AS artists, COUNT(*) AS duplicate_count FROM data AS a1 JOIN data AS a2 ON a1.artist_s = a2.artist_s GROUP BY a1.artist_s","-- SELF-JOIN ON 'artist' TO FIND DUPLICATE ARTISTS
SELECT 
    DISTINCT a1.artist_s AS artists, 
    COUNT(*) AS duplicate_count 
FROM data AS a1 
JOIN data AS a2 
ON a1.artist_s = a2.artist_s
GROUP BY a1.artist_s",ClickHouseHandler,607.3458194732666,9.567629188850612,1776.984375,10.84585189819336,0.0,0.0,0.03276538848876953,3.034830093383789,127334,9.563119888305664,False,16G,10
/* TOP 1000 ROWS */ SELECT * FROM data LIMIT 1000,"-- TOP 1000 ROWS
SELECT * FROM data LIMIT 1000",MySQLHandler,22.3391056060791,2.2767885035926274,3218.6328125,9.822487831115723,0.0,0.0,0.010874748229980469,2.2875003814697266,1000,3.920193672180176,False,32G,10
/* COUNT ALL */ SELECT COUNT(*) FROM data,"-- COUNT ALL
SELECT COUNT(*) FROM data",MySQLHandler,138.46468925476074,1.2628107432854465,3219.828125,9.826135635375977,0.0,0.0,0.0014886856079101562,0.0018167495727539062,1,0.000133514404296875,False,32G,10
"/* DISTINCT VALUES & COUNT OF 'genre' */ SELECT DISTINCT genre, COUNT(genre) AS genre_count FROM data GROUP BY genre ORDER BY CASE WHEN genre_count IS NULL THEN 1 ELSE 0 END DESC, genre_count DESC","-- DISTINCT VALUES & COUNT OF 'genre'
SELECT 
    DISTINCT genre,
    COUNT(genre) AS genre_count 
FROM data 
GROUP BY genre 
ORDER BY genre_count DESC",MySQLHandler,1039.3037796020508,0.7343231441048035,3236.30078125,9.876406192779541,0.0,0.0,0.0023517608642578125,0.09203433990478516,3097,0.23495960235595703,False,32G,10
"/* DISTINCT VALUES IN COLUMN 'album' */ SELECT DISTINCT album, COUNT(album) AS album_count FROM data GROUP BY album ORDER BY CASE WHEN album_count IS NULL THEN 1 ELSE 0 END DESC, album_count DESC","-- DISTINCT VALUES IN COLUMN 'album'
SELECT 
    DISTINCT album,
    COUNT(album) AS album_count 
FROM data 
GROUP BY album 
ORDER BY album_count DESC",MySQLHandler,1698.3704566955566,1.3767697594501718,3265.03515625,9.964096546173096,0.0,0.0,0.018464088439941406,4.039665222167969,151168,11.28181266784668,False,32G,10
"/* STATS (AVG, SUM, MIN, MAX) FOR COLUMN 'tempo' */ SELECT AVG(tempo) AS avg_tempo, SUM(tempo) AS sum_tempo, MIN(tempo) AS min_tempo, MAX(tempo) AS max_tempo FROM data","-- STATS (AVG, SUM, MIN, MAX) FOR COLUMN 'tempo'
SELECT 
    AVG(tempo) AS avg_tempo,
    SUM(tempo) AS sum_tempo, 
    MIN(tempo) AS min_tempo, 
    MAX(tempo) AS max_tempo 
FROM data",MySQLHandler,429.8417568206787,0.6436965344989073,3264.83984375,9.963500499725342,0.0,0.0,0.0016908645629882812,0.0019979476928710938,1,0.000156402587890625,False,32G,10
/* FILTER BY LIKE OPERATOR & 2 CONDITIONS */ SELECT * FROM data WHERE text LIKE '%%love%%' AND tempo < 120,"-- FILTER BY LIKE OPERATOR & 2 CONDITIONS
SELECT * 
FROM data 
WHERE text LIKE '%%love%%'
AND tempo < 120",MySQLHandler,3505.321979522705,0.6601747815230962,3251.69140625,9.923374652862549,0.0,0.0,1.0256881713867188,255.69964408874512,119158,433.5639772415161,False,32G,10
"/* SELF-JOIN ON 'artist' TO FIND DUPLICATE ARTISTS */ SELECT DISTINCT a1.artist_s AS artists, COUNT(*) AS duplicate_count FROM data AS a1 JOIN data AS a2 ON a1.artist_s = a2.artist_s GROUP BY a1.artist_s","-- SELF-JOIN ON 'artist' TO FIND DUPLICATE ARTISTS
SELECT 
    DISTINCT a1.artist_s AS artists, 
    COUNT(*) AS duplicate_count 
FROM data AS a1 
JOIN data AS a2 
ON a1.artist_s = a2.artist_s
GROUP BY a1.artist_s",MySQLHandler,62381.0179233551,0.6090193628981886,3288.59765625,10.036003589630127,0.0,0.0,0.01735401153564453,3.478695869445801,127197,9.554627418518066,False,32G,10
/* TOP 1000 ROWS */ SELECT * FROM data LIMIT 1000,"-- TOP 1000 ROWS
SELECT * FROM data LIMIT 1000",PostgresHandler,22.20606803894043,0.151105559025609,2076.81640625,6.337940692901611,0.0,0.0,0.0213470458984375,2.4446020126342773,1000,3.9677934646606445,False,32G,10
/* COUNT ALL */ SELECT COUNT(*) FROM data,"-- COUNT ALL
SELECT COUNT(*) FROM data",PostgresHandler,47.044992446899414,0.1527567905088979,2079.15625,6.345081329345703,0.0,0.0,0.001827239990234375,0.0023717880249023438,1,0.000133514404296875,False,32G,10
"/* DISTINCT VALUES & COUNT OF 'genre' */ SELECT DISTINCT genre, COUNT(genre) AS genre_count FROM data GROUP BY genre ORDER BY genre_count DESC","-- DISTINCT VALUES & COUNT OF 'genre'
SELECT 
    DISTINCT genre,
    COUNT(genre) AS genre_count 
FROM data 
GROUP BY genre 
ORDER BY genre_count DESC",PostgresHandler,66.25890731811523,2.311944965603502,2081.265625,6.351518630981445,0.0,0.0,0.0030727386474609375,0.1195974349975586,3097,0.23495960235595703,False,32G,10
"/* DISTINCT VALUES IN COLUMN 'album' */ SELECT DISTINCT album, COUNT(album) AS album_count FROM data GROUP BY album ORDER BY album_count DESC","-- DISTINCT VALUES IN COLUMN 'album'
SELECT 
    DISTINCT album,
    COUNT(album) AS album_count 
FROM data 
GROUP BY album 
ORDER BY album_count DESC",PostgresHandler,561.8488788604736,2.161722308892356,2079.48046875,6.346070766448975,0.0,0.0,0.046133995056152344,5.453701019287109,154682,11.50865650177002,False,32G,10
"/* STATS (AVG, SUM, MIN, MAX) FOR COLUMN 'tempo' */ SELECT AVG(tempo) AS avg_tempo, SUM(tempo) AS sum_tempo, MIN(tempo) AS min_tempo, MAX(tempo) AS max_tempo FROM data","-- STATS (AVG, SUM, MIN, MAX) FOR COLUMN 'tempo'
SELECT 
    AVG(tempo) AS avg_tempo,
    SUM(tempo) AS sum_tempo, 
    MIN(tempo) AS min_tempo, 
    MAX(tempo) AS max_tempo 
FROM data",PostgresHandler,74.3417739868164,2.1114803247970015,2090.21484375,6.378829479217529,0.0,0.0,0.0019664764404296875,0.0026187896728515625,1,0.000156402587890625,False,32G,10
/* FILTER BY LIKE OPERATOR & 2 CONDITIONS */ SELECT * FROM data WHERE text LIKE '%%love%%' AND tempo < 120,"-- FILTER BY LIKE OPERATOR & 2 CONDITIONS
SELECT * 
FROM data 
WHERE text LIKE '%%love%%'
AND tempo < 120",PostgresHandler,1608.6935997009277,2.469884483296909,2081.92578125,6.3535332679748535,0.0,0.0,2.0987606048583984,264.63258361816406,115044,419.287654876709,False,32G,10
"/* SELF-JOIN ON 'artist' TO FIND DUPLICATE ARTISTS */ SELECT DISTINCT a1.artist_s AS artists, COUNT(*) AS duplicate_count FROM data AS a1 JOIN data AS a2 ON a1.artist_s = a2.artist_s GROUP BY a1.artist_s","-- SELF-JOIN ON 'artist' TO FIND DUPLICATE ARTISTS
SELECT 
    DISTINCT a1.artist_s AS artists, 
    COUNT(*) AS duplicate_count 
FROM data AS a1 
JOIN data AS a2 
ON a1.artist_s = a2.artist_s
GROUP BY a1.artist_s",PostgresHandler,1240.5457496643066,2.2508067542213883,2120.421875,6.471014022827148,0.0,0.0,0.039139747619628906,4.595521926879883,127334,9.563119888305664,False,32G,10
/* TOP 1000 ROWS */ SELECT * FROM data LIMIT 1000,"-- TOP 1000 ROWS
SELECT * FROM data LIMIT 1000",DuckDBHandler,19.282102584838867,0.004397251717676452,100.33984375,0.3062129020690918,0.0,0.0,0.0,0.0,1000,3.920193672180176,False,32G,10
/* COUNT ALL */ SELECT COUNT(*) FROM data,"-- COUNT ALL
SELECT COUNT(*) FROM data",DuckDBHandler,2.3865699768066406,0.003996253512332188,100.33984375,0.3062129020690918,0.0,0.0,0.0,0.0,1,0.000133514404296875,False,32G,10
"/* DISTINCT VALUES & COUNT OF 'genre' */ SELECT DISTINCT genre, COUNT(genre) AS genre_count FROM data GROUP BY genre ORDER BY genre_count DESC NULLS FIRST","-- DISTINCT VALUES & COUNT OF 'genre'
SELECT 
    DISTINCT genre,
    COUNT(genre) AS genre_count 
FROM data 
GROUP BY genre 
ORDER BY genre_count DESC",DuckDBHandler,9.334087371826172,0.004996876951905059,100.33984375,0.3062129020690918,0.0,0.0,0.0,0.0,3097,0.23495960235595703,False,32G,10
"/* DISTINCT VALUES IN COLUMN 'album' */ SELECT DISTINCT album, COUNT(album) AS album_count FROM data GROUP BY album ORDER BY album_count DESC NULLS FIRST","-- DISTINCT VALUES IN COLUMN 'album'
SELECT 
    DISTINCT album,
    COUNT(album) AS album_count 
FROM data 
GROUP BY album 
ORDER BY album_count DESC",DuckDBHandler,208.0676555633545,0.004101281650515786,100.33984375,0.3062129020690918,0.0,0.0,0.0,0.0,154682,11.50865650177002,False,32G,10
"/* STATS (AVG, SUM, MIN, MAX) FOR COLUMN 'tempo' */ SELECT AVG(tempo) AS avg_tempo, SUM(tempo) AS sum_tempo, MIN(tempo) AS min_tempo, MAX(tempo) AS max_tempo FROM data","-- STATS (AVG, SUM, MIN, MAX) FOR COLUMN 'tempo'
SELECT 
    AVG(tempo) AS avg_tempo,
    SUM(tempo) AS sum_tempo, 
    MIN(tempo) AS min_tempo, 
    MAX(tempo) AS max_tempo 
FROM data",DuckDBHandler,2.955198287963867,0.003698844111215245,100.33984375,0.3062129020690918,0.0,0.0,0.0,0.0,1,0.000156402587890625,False,32G,10
/* FILTER BY LIKE OPERATOR & 2 CONDITIONS */ SELECT * FROM data WHERE text LIKE '%%love%%' AND tempo < 120,"-- FILTER BY LIKE OPERATOR & 2 CONDITIONS
SELECT * 
FROM data 
WHERE text LIKE '%%love%%'
AND tempo < 120",DuckDBHandler,1712.8899097442627,0.004501406689590497,100.33984375,0.3062129020690918,0.0,0.0,0.0,0.0,115044,419.287654876709,False,32G,10
"/* SELF-JOIN ON 'artist' TO FIND DUPLICATE ARTISTS */ SELECT DISTINCT a1.artist_s AS artists, COUNT(*) AS duplicate_count FROM data AS a1 JOIN data AS a2 ON a1.artist_s = a2.artist_s GROUP BY a1.artist_s","-- SELF-JOIN ON 'artist' TO FIND DUPLICATE ARTISTS
SELECT 
    DISTINCT a1.artist_s AS artists, 
    COUNT(*) AS duplicate_count 
FROM data AS a1 
JOIN data AS a2 
ON a1.artist_s = a2.artist_s
GROUP BY a1.artist_s",DuckDBHandler,155.10010719299316,0.0031960049937578023,100.33984375,0.3062129020690918,0.0,0.0,0.0,0.0,127334,9.563119888305664,False,32G,10
/* TOP 1000 ROWS */ SELECT * FROM data LIMIT 1000,"-- TOP 1000 ROWS
SELECT * FROM data LIMIT 1000",ClickHouseHandler,37.125587463378906,5.7192,1659.56640625,5.064594745635986,0.0,0.0,0.005351066589355469,2.3305253982543945,1000,3.920193672180176,False,32G,10
/* COUNT ALL */ SELECT COUNT(*) FROM data,"-- COUNT ALL
SELECT COUNT(*) FROM data",ClickHouseHandler,8.126258850097656,10.85841349156777,1663.12890625,5.075466632843018,0.0,0.0,0.0024480819702148438,0.00445556640625,1,0.000133514404296875,False,32G,10
"/* DISTINCT VALUES & COUNT OF 'genre' */ SELECT DISTINCT genre, COUNT(genre) AS genre_count FROM data GROUP BY genre ORDER BY genre_count DESC NULLS FIRST","-- DISTINCT VALUES & COUNT OF 'genre'
SELECT 
    DISTINCT genre,
    COUNT(genre) AS genre_count 
FROM data 
GROUP BY genre 
ORDER BY genre_count DESC",ClickHouseHandler,17.33684539794922,6.0797,1665.00390625,5.081188678741455,0.0,0.0,0.0033750534057617188,0.0826568603515625,3097,0.23495960235595703,False,32G,10
"/* DISTINCT VALUES IN COLUMN 'album' */ SELECT DISTINCT album, COUNT(album) AS album_count FROM data GROUP BY album ORDER BY album_count DESC NULLS FIRST","-- DISTINCT VALUES IN COLUMN 'album'
SELECT 
    DISTINCT album,
    COUNT(album) AS album_count 
FROM data 
GROUP BY album 
ORDER BY album_count DESC",ClickHouseHandler,585.1070880889893,9.54162703379224,1728.5859375,5.275225639343262,0.0,0.0,0.0070362091064453125,3.509552001953125,154682,11.50868034362793,False,32G,10
"/* STATS (AVG, SUM, MIN, MAX) FOR COLUMN 'tempo' */ SELECT AVG(tempo) AS avg_tempo, SUM(tempo) AS sum_tempo, MIN(tempo) AS min_tempo, MAX(tempo) AS max_tempo FROM data","-- STATS (AVG, SUM, MIN, MAX) FOR COLUMN 'tempo'
SELECT 
    AVG(tempo) AS avg_tempo,
    SUM(tempo) AS sum_tempo, 
    MIN(tempo) AS min_tempo, 
    MAX(tempo) AS max_tempo 
FROM data",ClickHouseHandler,7.631778717041016,5.408250391236306,1684.47265625,5.1406025886535645,0.0,0.0,0.0028400421142578125,0.0045337677001953125,1,0.000156402587890625,False,32G,10
/* FILTER BY LIKE OPERATOR & 2 CONDITIONS */ SELECT * FROM data WHERE text LIKE '%%love%%' AND tempo < 120,"-- FILTER BY LIKE OPERATOR & 2 CONDITIONS
SELECT * 
FROM data 
WHERE text LIKE '%%love%%'
AND tempo < 120",ClickHouseHandler,3509.6352100372314,7.003277048155097,1814.37890625,5.537045001983643,0.0,0.0,0.025628089904785156,251.74716186523438,115044,419.28827476501465,False,32G,10
"/* SELF-JOIN ON 'artist' TO FIND DUPLICATE ARTISTS */ SELECT DISTINCT a1.artist_s AS artists, COUNT(*) AS duplicate_count FROM data AS a1 JOIN data AS a2 ON a1.artist_s = a2.artist_s GROUP BY a1.artist_s","-- SELF-JOIN ON 'artist' TO FIND DUPLICATE ARTISTS
SELECT 
    DISTINCT a1.artist_s AS artists, 
    COUNT(*) AS duplicate_count 
FROM data AS a1 
JOIN data AS a2 
ON a1.artist_s = a2.artist_s
GROUP BY a1.artist_s",ClickHouseHandler,628.0834674835205,11.85531914893617,1787.953125,5.456399917602539,0.0,0.0,0.033080101013183594,3.034893035888672,127334,9.563119888305664,False,32G,10
/* TOP 1000 ROWS */ SELECT * FROM data LIMIT 1000,"-- TOP 1000 ROWS
SELECT * FROM data LIMIT 1000",MySQLHandler,23.48947525024414,2.8260337289194255,3219.09375,4.911947250366211,0.0,0.0,0.010937690734863281,2.2875633239746094,1000,3.920193672180176,False,64G,10
/* COUNT ALL */ SELECT COUNT(*) FROM data,"-- COUNT ALL
SELECT COUNT(*) FROM data",MySQLHandler,134.0932846069336,1.5565543071161048,3219.84765625,4.913097620010376,0.0,0.0,0.0014886856079101562,0.0018167495727539062,1,0.000133514404296875,False,64G,10
"/* DISTINCT VALUES & COUNT OF 'genre' */ SELECT DISTINCT genre, COUNT(genre) AS genre_count FROM data GROUP BY genre ORDER BY CASE WHEN genre_count IS NULL THEN 1 ELSE 0 END DESC, genre_count DESC","-- DISTINCT VALUES & COUNT OF 'genre'
SELECT 
    DISTINCT genre,
    COUNT(genre) AS genre_count 
FROM data 
GROUP BY genre 
ORDER BY genre_count DESC",MySQLHandler,1026.677131652832,0.7487980018732439,3236.15625,4.937982559204102,0.0,0.0,0.0023517608642578125,0.09203433990478516,3097,0.23495960235595703,False,64G,10
"/* DISTINCT VALUES IN COLUMN 'album' */ SELECT DISTINCT album, COUNT(album) AS album_count FROM data GROUP BY album ORDER BY CASE WHEN album_count IS NULL THEN 1 ELSE 0 END DESC, album_count DESC","-- DISTINCT VALUES IN COLUMN 'album'
SELECT 
    DISTINCT album,
    COUNT(album) AS album_count 
FROM data 
GROUP BY album 
ORDER BY album_count DESC",MySQLHandler,1803.3630847930908,0.7580631052796001,3255.23828125,4.96709942817688,0.0,0.0,0.01676464080810547,4.038721084594727,151168,11.28181266784668,False,64G,10
"/* STATS (AVG, SUM, MIN, MAX) FOR COLUMN 'tempo' */ SELECT AVG(tempo) AS avg_tempo, SUM(tempo) AS sum_tempo, MIN(tempo) AS min_tempo, MAX(tempo) AS max_tempo FROM data","-- STATS (AVG, SUM, MIN, MAX) FOR COLUMN 'tempo'
SELECT 
    AVG(tempo) AS avg_tempo,
    SUM(tempo) AS sum_tempo, 
    MIN(tempo) AS min_tempo, 
    MAX(tempo) AS max_tempo 
FROM data",MySQLHandler,454.7405242919922,0.911,3264.64453125,4.981452226638794,0.0,0.0,0.0016279220581054688,0.0019350051879882812,1,0.000156402587890625,False,64G,10
/* FILTER BY LIKE OPERATOR & 2 CONDITIONS */ SELECT * FROM data WHERE text LIKE '%%love%%' AND tempo < 120,"-- FILTER BY LIKE OPERATOR & 2 CONDITIONS
SELECT * 
FROM data 
WHERE text LIKE '%%love%%'
AND tempo < 120",MySQLHandler,3362.1249198913574,0.7192999999999999,3265.38671875,4.982584714889526,0.0,0.0,1.025125503540039,255.69952869415283,119158,433.5639772415161,False,64G,10
"/* SELF-JOIN ON 'artist' TO FIND DUPLICATE ARTISTS */ SELECT DISTINCT a1.artist_s AS artists, COUNT(*) AS duplicate_count FROM data AS a1 JOIN data AS a2 ON a1.artist_s = a2.artist_s GROUP BY a1.artist_s","-- SELF-JOIN ON 'artist' TO FIND DUPLICATE ARTISTS
SELECT 
    DISTINCT a1.artist_s AS artists, 
    COUNT(*) AS duplicate_count 
FROM data AS a1 
JOIN data AS a2 
ON a1.artist_s = a2.artist_s
GROUP BY a1.artist_s",MySQLHandler,62375.52714347839,0.7339706341768197,3273.16796875,4.994457960128784,0.0,0.0,0.017098426818847656,3.4790000915527344,127197,9.554627418518066,False,64G,10
/* TOP 1000 ROWS */ SELECT * FROM data LIMIT 1000,"-- TOP 1000 ROWS
SELECT * FROM data LIMIT 1000",PostgresHandler,20.3707218170166,0.15420362273579014,2076.7578125,3.1688809394836426,0.0,0.0,0.0213470458984375,2.4446020126342773,1000,3.9677934646606445,False,64G,10
/* COUNT ALL */ SELECT COUNT(*) FROM data,"-- COUNT ALL
SELECT COUNT(*) FROM data",PostgresHandler,45.55773735046387,0.14131168019987506,2079.1640625,3.1725525856018066,0.0,0.0,0.001827239990234375,0.0023717880249023438,1,0.000133514404296875,False,64G,10
"/* DISTINCT VALUES & COUNT OF 'genre' */ SELECT DISTINCT genre, COUNT(genre) AS genre_count FROM data GROUP BY genre ORDER BY genre_count DESC","-- DISTINCT VALUES & COUNT OF 'genre'
SELECT 
    DISTINCT genre,
    COUNT(genre) AS genre_count 
FROM data 
GROUP BY genre 
ORDER BY genre_count DESC",PostgresHandler,67.64435768127441,2.225504529834427,2081.29296875,3.1758010387420654,0.0,0.0,0.0030727386474609375,0.1195974349975586,3097,0.23495960235595703,False,64G,10
"/* DISTINCT VALUES IN COLUMN 'album' */ SELECT DISTINCT album, COUNT(album) AS album_count FROM data GROUP BY album ORDER BY album_count DESC","-- DISTINCT VALUES IN COLUMN 'album'
SELECT 
    DISTINCT album,
    COUNT(album) AS album_count 
FROM data 
GROUP BY album 
ORDER BY album_count DESC",PostgresHandler,575.8402347564697,2.2537956888472355,2084.1484375,3.1801581382751465,0.0,0.0,0.046196937561035156,5.453763961791992,154682,11.50865650177002,False,64G,10
"/* STATS (AVG, SUM, MIN, MAX) FOR COLUMN 'tempo' */ SELECT AVG(tempo) AS avg_tempo, SUM(tempo) AS sum_tempo, MIN(tempo) AS min_tempo, MAX(tempo) AS max_tempo FROM data","-- STATS (AVG, SUM, MIN, MAX) FOR COLUMN 'tempo'
SELECT 
    AVG(tempo) AS avg_tempo,
    SUM(tempo) AS sum_tempo, 
    MIN(tempo) AS min_tempo, 
    MAX(tempo) AS max_tempo 
FROM data",PostgresHandler,72.06535339355469,2.1162386754139333,2095.01171875,3.1967341899871826,0.0,0.0,0.002033233642578125,0.0026187896728515625,1,0.000156402587890625,False,64G,10
/* FILTER BY LIKE OPERATOR & 2 CONDITIONS */ SELECT * FROM data WHERE text LIKE '%%love%%' AND tempo < 120,"-- FILTER BY LIKE OPERATOR & 2 CONDITIONS
SELECT * 
FROM data 
WHERE text LIKE '%%love%%'
AND tempo < 120",PostgresHandler,1614.8746013641357,2.58006864274571,2103.0859375,3.209054470062256,0.0,0.0,2.0933704376220703,264.6411838531494,115044,419.287654876709,False,64G,10
"/* SELF-JOIN ON 'artist' TO FIND DUPLICATE ARTISTS */ SELECT DISTINCT a1.artist_s AS artists, COUNT(*) AS duplicate_count FROM data AS a1 JOIN data AS a2 ON a1.artist_s = a2.artist_s GROUP BY a1.artist_s","-- SELF-JOIN ON 'artist' TO FIND DUPLICATE ARTISTS
SELECT 
    DISTINCT a1.artist_s AS artists, 
    COUNT(*) AS duplicate_count 
FROM data AS a1 
JOIN data AS a2 
ON a1.artist_s = a2.artist_s
GROUP BY a1.artist_s",PostgresHandler,1250.7097721099854,2.127635114026867,2120.42578125,3.2355129718780518,0.0,0.0,0.039139747619628906,4.595521926879883,127334,9.563119888305664,False,64G,10
/* TOP 1000 ROWS */ SELECT * FROM data LIMIT 1000,"-- TOP 1000 ROWS
SELECT * FROM data LIMIT 1000",DuckDBHandler,18.671751022338867,0.004498594189315839,100.26953125,0.1529991626739502,0.0,0.0,0.0,0.0,1000,3.920193672180176,False,64G,10
/* COUNT ALL */ SELECT COUNT(*) FROM data,"-- COUNT ALL
SELECT COUNT(*) FROM data",DuckDBHandler,2.158641815185547,0.002098033093974399,100.26953125,0.1529991626739502,0.0,0.0,0.0,0.0,1,0.000133514404296875,False,64G,10
"/* DISTINCT VALUES & COUNT OF 'genre' */ SELECT DISTINCT genre, COUNT(genre) AS genre_count FROM data GROUP BY genre ORDER BY genre_count DESC NULLS FIRST","-- DISTINCT VALUES & COUNT OF 'genre'
SELECT 
    DISTINCT genre,
    COUNT(genre) AS genre_count 
FROM data 
GROUP BY genre 
ORDER BY genre_count DESC",DuckDBHandler,9.54127311706543,0.005093632958801498,100.26953125,0.1529991626739502,0.0,0.0,0.0,0.0,3097,0.23495960235595703,False,64G,10
"/* DISTINCT VALUES IN COLUMN 'album' */ SELECT DISTINCT album, COUNT(album) AS album_count FROM data GROUP BY album ORDER BY album_count DESC NULLS FIRST","-- DISTINCT VALUES IN COLUMN 'album'
SELECT 
    DISTINCT album,
    COUNT(album) AS album_count 
FROM data 
GROUP BY album 
ORDER BY album_count DESC",DuckDBHandler,202.16822624206543,0.0051079812206572765,100.26953125,0.1529991626739502,0.0,0.0,0.0,0.0,154682,11.50865650177002,False,64G,10
"/* STATS (AVG, SUM, MIN, MAX) FOR COLUMN 'tempo' */ SELECT AVG(tempo) AS avg_tempo, SUM(tempo) AS sum_tempo, MIN(tempo) AS min_tempo, MAX(tempo) AS max_tempo FROM data","-- STATS (AVG, SUM, MIN, MAX) FOR COLUMN 'tempo'
SELECT 
    AVG(tempo) AS avg_tempo,
    SUM(tempo) AS sum_tempo, 
    MIN(tempo) AS min_tempo, 
    MAX(tempo) AS max_tempo 
FROM data",DuckDBHandler,2.625703811645508,0.0038987816307403935,100.26953125,0.1529991626739502,0.0,0.0,0.0,0.0,1,0.000156402587890625,False,64G,10
/* FILTER BY LIKE OPERATOR & 2 CONDITIONS */ SELECT * FROM data WHERE text LIKE '%%love%%' AND tempo < 120,"-- FILTER BY LIKE OPERATOR & 2 CONDITIONS
SELECT * 
FROM data 
WHERE text LIKE '%%love%%'
AND tempo < 120",DuckDBHandler,1867.2893047332764,0.004492979719188767,100.26953125,0.1529991626739502,0.0,0.0,0.0,0.0,115044,419.287654876709,False,64G,10
"/* SELF-JOIN ON 'artist' TO FIND DUPLICATE ARTISTS */ SELECT DISTINCT a1.artist_s AS artists, COUNT(*) AS duplicate_count FROM data AS a1 JOIN data AS a2 ON a1.artist_s = a2.artist_s GROUP BY a1.artist_s","-- SELF-JOIN ON 'artist' TO FIND DUPLICATE ARTISTS
SELECT 
    DISTINCT a1.artist_s AS artists, 
    COUNT(*) AS duplicate_count 
FROM data AS a1 
JOIN data AS a2 
ON a1.artist_s = a2.artist_s
GROUP BY a1.artist_s",DuckDBHandler,216.60375595092773,0.004295972525757102,100.26953125,0.1529991626739502,0.0,0.0,0.0,0.0,127334,9.563119888305664,False,64G,10
/* TOP 1000 ROWS */ SELECT * FROM data LIMIT 1000,"-- TOP 1000 ROWS
SELECT * FROM data LIMIT 1000",ClickHouseHandler,37.25171089172363,5.175930087390761,1656.2109375,2.527177333831787,0.0,0.0,0.005351066589355469,2.3305883407592773,1000,3.920193672180176,False,64G,10
/* COUNT ALL */ SELECT COUNT(*) FROM data,"-- COUNT ALL
SELECT COUNT(*) FROM data",ClickHouseHandler,12.31074333190918,10.623819661866,1660.140625,2.5331735610961914,0.0,0.0,0.0026998519897460938,0.00445556640625,1,0.000133514404296875,False,64G,10
"/* DISTINCT VALUES & COUNT OF 'genre' */ SELECT DISTINCT genre, COUNT(genre) AS genre_count FROM data GROUP BY genre ORDER BY genre_count DESC NULLS FIRST","-- DISTINCT VALUES & COUNT OF 'genre'
SELECT 
    DISTINCT genre,
    COUNT(genre) AS genre_count 
FROM data 
GROUP BY genre 
ORDER BY genre_count DESC",ClickHouseHandler,17.847299575805664,4.828927119174225,1657.6953125,2.529442310333252,0.0,0.0,0.0031862258911132812,0.08259391784667969,3097,0.23495960235595703,False,64G,10
"/* DISTINCT VALUES IN COLUMN 'album' */ SELECT DISTINCT album, COUNT(album) AS album_count FROM data GROUP BY album ORDER BY album_count DESC NULLS FIRST","-- DISTINCT VALUES IN COLUMN 'album'
SELECT 
    DISTINCT album,
    COUNT(album) AS album_count 
FROM data 
GROUP BY album 
ORDER BY album_count DESC",ClickHouseHandler,595.4172611236572,8.923165467625898,1706.86328125,2.604466676712036,0.0,0.0,0.00658416748046875,3.50948429107666,154682,11.50868034362793,False,64G,10
"/* STATS (AVG, SUM, MIN, MAX) FOR COLUMN 'tempo' */ SELECT AVG(tempo) AS avg_tempo, SUM(tempo) AS sum_tempo, MIN(tempo) AS min_tempo, MAX(tempo) AS max_tempo FROM data","-- STATS (AVG, SUM, MIN, MAX) FOR COLUMN 'tempo'
SELECT 
    AVG(tempo) AS avg_tempo,
    SUM(tempo) AS sum_tempo, 
    MIN(tempo) AS min_tempo, 
    MAX(tempo) AS max_tempo 
FROM data",ClickHouseHandler,7.602930068969727,5.047922524211184,1664.10546875,2.5392234325408936,0.0,0.0,0.0027141571044921875,0.004596710205078125,1,0.000156402587890625,False,64G,10
/* FILTER BY LIKE OPERATOR & 2 CONDITIONS */ SELECT * FROM data WHERE text LIKE '%%love%%' AND tempo < 120,"-- FILTER BY LIKE OPERATOR & 2 CONDITIONS
SELECT * 
FROM data 
WHERE text LIKE '%%love%%'
AND tempo < 120",ClickHouseHandler,3526.548385620117,6.816800000000001,2490.63671875,3.800410032272339,0.0,0.0,0.02465534210205078,251.7493839263916,115044,419.28827476501465,False,64G,10
"/* SELF-JOIN ON 'artist' TO FIND DUPLICATE ARTISTS */ SELECT DISTINCT a1.artist_s AS artists, COUNT(*) AS duplicate_count FROM data AS a1 JOIN data AS a2 ON a1.artist_s = a2.artist_s GROUP BY a1.artist_s","-- SELF-JOIN ON 'artist' TO FIND DUPLICATE ARTISTS
SELECT 
    DISTINCT a1.artist_s AS artists, 
    COUNT(*) AS duplicate_count 
FROM data AS a1 
JOIN data AS a2 
ON a1.artist_s = a2.artist_s
GROUP BY a1.artist_s",ClickHouseHandler,632.9240798950195,13.805585754451736,1807.49609375,2.7580201625823975,0.0,0.0,0.03301715850830078,3.0348939895629883,127334,9.563119888305664,False,64G,10
/* TOP 1000 ROWS */ SELECT * FROM data LIMIT 1000,"-- TOP 1000 ROWS
SELECT * FROM data LIMIT 1000",MySQLHandler,23.631811141967773,2.6413254141919347,2047.015625,99.95193481445312,0.0,0.0,0.010874748229980469,2.2875003814697266,1000,3.920193672180176,False,2G,14
/* COUNT ALL */ SELECT COUNT(*) FROM data,"-- COUNT ALL
SELECT COUNT(*) FROM data",MySQLHandler,147.30334281921387,1.4210795631825273,2047.15625,99.95880126953125,0.0,0.0,0.0014886856079101562,0.0018167495727539062,1,0.000133514404296875,False,2G,14
"/* DISTINCT VALUES & COUNT OF 'genre' */ SELECT DISTINCT genre, COUNT(genre) AS genre_count FROM data GROUP BY genre ORDER BY CASE WHEN genre_count IS NULL THEN 1 ELSE 0 END DESC, genre_count DESC","-- DISTINCT VALUES & COUNT OF 'genre'
SELECT 
    DISTINCT genre,
    COUNT(genre) AS genre_count 
FROM data 
GROUP BY genre 
ORDER BY genre_count DESC",MySQLHandler,1058.7127208709717,0.7431355402873204,2047.83203125,99.9917984008789,0.0,0.0,0.00254058837890625,0.09221267700195312,3097,0.23495960235595703,False,2G,14
"/* DISTINCT VALUES IN COLUMN 'album' */ SELECT DISTINCT album, COUNT(album) AS album_count FROM data GROUP BY album ORDER BY CASE WHEN album_count IS NULL THEN 1 ELSE 0 END DESC, album_count DESC","-- DISTINCT VALUES IN COLUMN 'album'
SELECT 
    DISTINCT album,
    COUNT(album) AS album_count 
FROM data 
GROUP BY album 
ORDER BY album_count DESC",MySQLHandler,1720.0894355773926,1.4908364544319601,2047.7265625,99.98664855957031,0.0,0.0,0.01833820343017578,4.039549827575684,151168,11.28181266784668,False,2G,14
"/* STATS (AVG, SUM, MIN, MAX) FOR COLUMN 'tempo' */ SELECT AVG(tempo) AS avg_tempo, SUM(tempo) AS sum_tempo, MIN(tempo) AS min_tempo, MAX(tempo) AS max_tempo FROM data","-- STATS (AVG, SUM, MIN, MAX) FOR COLUMN 'tempo'
SELECT 
    AVG(tempo) AS avg_tempo,
    SUM(tempo) AS sum_tempo, 
    MIN(tempo) AS min_tempo, 
    MAX(tempo) AS max_tempo 
FROM data",MySQLHandler,448.8561153411865,0.6206302652106084,2047.5859375,99.97978210449219,0.0,0.0,0.0016279220581054688,0.0019350051879882812,1,0.000156402587890625,False,2G,14
/* FILTER BY LIKE OPERATOR & 2 CONDITIONS */ SELECT * FROM data WHERE text LIKE '%%love%%' AND tempo < 120,"-- FILTER BY LIKE OPERATOR & 2 CONDITIONS
SELECT * 
FROM data 
WHERE text LIKE '%%love%%'
AND tempo < 120",MySQLHandler,3491.9633865356445,0.6396001249609498,2034.421875,99.33700561523438,0.0,0.0,1.0263805389404297,255.69964408874512,119158,433.5639772415161,False,2G,14
"/* SELF-JOIN ON 'artist' TO FIND DUPLICATE ARTISTS */ SELECT DISTINCT a1.artist_s AS artists, COUNT(*) AS duplicate_count FROM data AS a1 JOIN data AS a2 ON a1.artist_s = a2.artist_s GROUP BY a1.artist_s","-- SELF-JOIN ON 'artist' TO FIND DUPLICATE ARTISTS
SELECT 
    DISTINCT a1.artist_s AS artists, 
    COUNT(*) AS duplicate_count 
FROM data AS a1 
JOIN data AS a2 
ON a1.artist_s = a2.artist_s
GROUP BY a1.artist_s",MySQLHandler,62313.13443183899,0.684957852013737,2011.92578125,98.23856353759766,0.0,0.0,0.017053604125976562,3.4786558151245117,127197,9.554627418518066,False,2G,14
/* TOP 1000 ROWS */ SELECT * FROM data LIMIT 1000,"-- TOP 1000 ROWS
SELECT * FROM data LIMIT 1000",PostgresHandler,51.2242317199707,0.2485669684670621,2038.359375,99.52926635742188,0.0,0.0,0.0213470458984375,2.4446020126342773,1000,3.9677934646606445,False,2G,14
/* COUNT ALL */ SELECT COUNT(*) FROM data,"-- COUNT ALL
SELECT COUNT(*) FROM data",PostgresHandler,45.490264892578125,0.1612488292226038,2040.62109375,99.63970184326172,0.0,0.0,0.001827239990234375,0.0023717880249023438,1,0.000133514404296875,False,2G,14
"/* DISTINCT VALUES & COUNT OF 'genre' */ SELECT DISTINCT genre, COUNT(genre) AS genre_count FROM data GROUP BY genre ORDER BY genre_count DESC","-- DISTINCT VALUES & COUNT OF 'genre'
SELECT 
    DISTINCT genre,
    COUNT(genre) AS genre_count 
FROM data 
GROUP BY genre 
ORDER BY genre_count DESC",PostgresHandler,68.06182861328125,2.311832656884171,2039.42578125,99.58133697509766,0.0,0.0,0.0030727386474609375,0.1195974349975586,3097,0.23495960235595703,False,2G,14
"/* DISTINCT VALUES IN COLUMN 'album' */ SELECT DISTINCT album, COUNT(album) AS album_count FROM data GROUP BY album ORDER BY album_count DESC","-- DISTINCT VALUES IN COLUMN 'album'
SELECT 
    DISTINCT album,
    COUNT(album) AS album_count 
FROM data 
GROUP BY album 
ORDER BY album_count DESC",PostgresHandler,580.5666446685791,2.1042,1997.328125,97.52578735351562,0.0,0.0,0.045940399169921875,5.453701019287109,154682,11.50865650177002,False,2G,14
"/* STATS (AVG, SUM, MIN, MAX) FOR COLUMN 'tempo' */ SELECT AVG(tempo) AS avg_tempo, SUM(tempo) AS sum_tempo, MIN(tempo) AS min_tempo, MAX(tempo) AS max_tempo FROM data","-- STATS (AVG, SUM, MIN, MAX) FOR COLUMN 'tempo'
SELECT 
    AVG(tempo) AS avg_tempo,
    SUM(tempo) AS sum_tempo, 
    MIN(tempo) AS min_tempo, 
    MAX(tempo) AS max_tempo 
FROM data",PostgresHandler,84.91802215576172,2.2841448189762796,2007.875,98.040771484375,0.0,0.0,0.0019664764404296875,0.0026187896728515625,1,0.000156402587890625,False,2G,14
/* FILTER BY LIKE OPERATOR & 2 CONDITIONS */ SELECT * FROM data WHERE text LIKE '%%love%%' AND tempo < 120,"-- FILTER BY LIKE OPERATOR & 2 CONDITIONS
SELECT * 
FROM data 
WHERE text LIKE '%%love%%'
AND tempo < 120",PostgresHandler,1654.8149585723877,2.8891942535915054,2024.3203125,98.84376525878906,0.0,0.0,2.0929698944091797,264.63151359558105,115044,419.287654876709,False,2G,14
"/* SELF-JOIN ON 'artist' TO FIND DUPLICATE ARTISTS */ SELECT DISTINCT a1.artist_s AS artists, COUNT(*) AS duplicate_count FROM data AS a1 JOIN data AS a2 ON a1.artist_s = a2.artist_s GROUP BY a1.artist_s","-- SELF-JOIN ON 'artist' TO FIND DUPLICATE ARTISTS
SELECT 
    DISTINCT a1.artist_s AS artists, 
    COUNT(*) AS duplicate_count 
FROM data AS a1 
JOIN data AS a2 
ON a1.artist_s = a2.artist_s
GROUP BY a1.artist_s",PostgresHandler,1246.2782859802246,1.9067124570714955,1913.38671875,93.42708587646484,0.0,0.0,0.039139747619628906,4.595521926879883,127334,9.563119888305664,False,2G,14
/* TOP 1000 ROWS */ SELECT * FROM data LIMIT 1000,"-- TOP 1000 ROWS
SELECT * FROM data LIMIT 1000",DuckDBHandler,18.396615982055664,0.004098719150265542,100.25390625,4.895210266113281,0.0,0.0,0.0,0.0,1000,3.920193672180176,False,2G,14
/* COUNT ALL */ SELECT COUNT(*) FROM data,"-- COUNT ALL
SELECT COUNT(*) FROM data",DuckDBHandler,2.171754837036133,0.0030990315526397997,100.25390625,4.895210266113281,0.0,0.0,0.0,0.0,1,0.000133514404296875,False,2G,14
"/* DISTINCT VALUES & COUNT OF 'genre' */ SELECT DISTINCT genre, COUNT(genre) AS genre_count FROM data GROUP BY genre ORDER BY genre_count DESC NULLS FIRST","-- DISTINCT VALUES & COUNT OF 'genre'
SELECT 
    DISTINCT genre,
    COUNT(genre) AS genre_count 
FROM data 
GROUP BY genre 
ORDER BY genre_count DESC",DuckDBHandler,9.52911376953125,0.0041,100.25390625,4.895210266113281,0.0,0.0,0.0,0.0,3097,0.23495960235595703,False,2G,14
"/* DISTINCT VALUES IN COLUMN 'album' */ SELECT DISTINCT album, COUNT(album) AS album_count FROM data GROUP BY album ORDER BY album_count DESC NULLS FIRST","-- DISTINCT VALUES IN COLUMN 'album'
SELECT 
    DISTINCT album,
    COUNT(album) AS album_count 
FROM data 
GROUP BY album 
ORDER BY album_count DESC",DuckDBHandler,200.9594440460205,0.0049,100.25390625,4.895210266113281,0.0,0.0,0.0,0.0,154682,11.50865650177002,False,2G,14
"/* STATS (AVG, SUM, MIN, MAX) FOR COLUMN 'tempo' */ SELECT AVG(tempo) AS avg_tempo, SUM(tempo) AS sum_tempo, MIN(tempo) AS min_tempo, MAX(tempo) AS max_tempo FROM data","-- STATS (AVG, SUM, MIN, MAX) FOR COLUMN 'tempo'
SELECT 
    AVG(tempo) AS avg_tempo,
    SUM(tempo) AS sum_tempo, 
    MIN(tempo) AS min_tempo, 
    MAX(tempo) AS max_tempo 
FROM data",DuckDBHandler,2.9439926147460938,0.0040974391005621485,100.25390625,4.895210266113281,0.0,0.0,0.0,0.0,1,0.000156402587890625,False,2G,14
/* FILTER BY LIKE OPERATOR & 2 CONDITIONS */ SELECT * FROM data WHERE text LIKE '%%love%%' AND tempo < 120,"-- FILTER BY LIKE OPERATOR & 2 CONDITIONS
SELECT * 
FROM data 
WHERE text LIKE '%%love%%'
AND tempo < 120",DuckDBHandler,1848.5355377197266,0.004798500468603561,100.25390625,4.895210266113281,0.0,0.0,0.0,0.0,115044,419.287654876709,False,2G,14
"/* SELF-JOIN ON 'artist' TO FIND DUPLICATE ARTISTS */ SELECT DISTINCT a1.artist_s AS artists, COUNT(*) AS duplicate_count FROM data AS a1 JOIN data AS a2 ON a1.artist_s = a2.artist_s GROUP BY a1.artist_s","-- SELF-JOIN ON 'artist' TO FIND DUPLICATE ARTISTS
SELECT 
    DISTINCT a1.artist_s AS artists, 
    COUNT(*) AS duplicate_count 
FROM data AS a1 
JOIN data AS a2 
ON a1.artist_s = a2.artist_s
GROUP BY a1.artist_s",DuckDBHandler,153.6276340484619,0.00529503590384015,100.25390625,4.895210266113281,0.0,0.0,0.0,0.0,127334,9.563119888305664,False,2G,14
/* TOP 1000 ROWS */ SELECT * FROM data LIMIT 1000,"-- TOP 1000 ROWS
SELECT * FROM data LIMIT 1000",MySQLHandler,22.722959518432617,2.567792694349048,3218.859375,78.58543395996094,0.0,0.0,0.010874748229980469,2.2875003814697266,1000,3.920193672180176,False,4G,14
/* COUNT ALL */ SELECT COUNT(*) FROM data,"-- COUNT ALL
SELECT COUNT(*) FROM data",MySQLHandler,136.6586685180664,1.6948999999999999,3220.08203125,78.61528396606445,0.0,0.0,0.0014886856079101562,0.0018167495727539062,1,0.000133514404296875,False,4G,14
"/* DISTINCT VALUES & COUNT OF 'genre' */ SELECT DISTINCT genre, COUNT(genre) AS genre_count FROM data GROUP BY genre ORDER BY CASE WHEN genre_count IS NULL THEN 1 ELSE 0 END DESC, genre_count DESC","-- DISTINCT VALUES & COUNT OF 'genre'
SELECT 
    DISTINCT genre,
    COUNT(genre) AS genre_count 
FROM data 
GROUP BY genre 
ORDER BY genre_count DESC",MySQLHandler,1037.6026630401611,0.7730168644597126,3236.42578125,79.01430130004883,0.0,0.0,0.0023517608642578125,0.09203433990478516,3097,0.23495960235595703,False,4G,14
"/* DISTINCT VALUES IN COLUMN 'album' */ SELECT DISTINCT album, COUNT(album) AS album_count FROM data GROUP BY album ORDER BY CASE WHEN album_count IS NULL THEN 1 ELSE 0 END DESC, album_count DESC","-- DISTINCT VALUES IN COLUMN 'album'
SELECT 
    DISTINCT album,
    COUNT(album) AS album_count 
FROM data 
GROUP BY album 
ORDER BY album_count DESC",MySQLHandler,1677.2594451904297,1.6123922548407246,3265.02734375,79.71258163452148,0.0,0.0,0.018530845642089844,4.039665222167969,151168,11.28181266784668,False,4G,14
"/* STATS (AVG, SUM, MIN, MAX) FOR COLUMN 'tempo' */ SELECT AVG(tempo) AS avg_tempo, SUM(tempo) AS sum_tempo, MIN(tempo) AS min_tempo, MAX(tempo) AS max_tempo FROM data","-- STATS (AVG, SUM, MIN, MAX) FOR COLUMN 'tempo'
SELECT 
    AVG(tempo) AS avg_tempo,
    SUM(tempo) AS sum_tempo, 
    MIN(tempo) AS min_tempo, 
    MAX(tempo) AS max_tempo 
FROM data",MySQLHandler,414.8986339569092,0.6951138845553823,3265.05859375,79.71334457397461,0.0,0.0,0.0016908645629882812,0.0019979476928710938,1,0.000156402587890625,False,4G,14
/* FILTER BY LIKE OPERATOR & 2 CONDITIONS */ SELECT * FROM data WHERE text LIKE '%%love%%' AND tempo < 120,"-- FILTER BY LIKE OPERATOR & 2 CONDITIONS
SELECT * 
FROM data 
WHERE text LIKE '%%love%%'
AND tempo < 120",MySQLHandler,3423.5434532165527,0.7427357901311681,3251.91015625,79.39233779907227,0.0,0.0,1.0253105163574219,255.69964408874512,119158,433.5639772415161,False,4G,14
"/* SELF-JOIN ON 'artist' TO FIND DUPLICATE ARTISTS */ SELECT DISTINCT a1.artist_s AS artists, COUNT(*) AS duplicate_count FROM data AS a1 JOIN data AS a2 ON a1.artist_s = a2.artist_s GROUP BY a1.artist_s","-- SELF-JOIN ON 'artist' TO FIND DUPLICATE ARTISTS
SELECT 
    DISTINCT a1.artist_s AS artists, 
    COUNT(*) AS duplicate_count 
FROM data AS a1 
JOIN data AS a2 
ON a1.artist_s = a2.artist_s
GROUP BY a1.artist_s",MySQLHandler,62293.72811317444,0.5753404122423486,3288.82421875,80.29356002807617,0.0,0.0,0.017075538635253906,3.47873592376709,127197,9.554627418518066,False,4G,14
/* TOP 1000 ROWS */ SELECT * FROM data LIMIT 1000,"-- TOP 1000 ROWS
SELECT * FROM data LIMIT 1000",PostgresHandler,21.124839782714844,0.1479,2076.71484375,50.701045989990234,0.0,0.0,0.0213470458984375,2.4446020126342773,1000,3.9677934646606445,False,4G,14
/* COUNT ALL */ SELECT COUNT(*) FROM data,"-- COUNT ALL
SELECT COUNT(*) FROM data",PostgresHandler,41.89610481262207,0.13717140181080237,2079.046875,50.75798034667969,0.0,0.0,0.001827239990234375,0.0023717880249023438,1,0.000133514404296875,False,4G,14
"/* DISTINCT VALUES & COUNT OF 'genre' */ SELECT DISTINCT genre, COUNT(genre) AS genre_count FROM data GROUP BY genre ORDER BY genre_count DESC","-- DISTINCT VALUES & COUNT OF 'genre'
SELECT 
    DISTINCT genre,
    COUNT(genre) AS genre_count 
FROM data 
GROUP BY genre 
ORDER BY genre_count DESC",PostgresHandler,65.85264205932617,2.1808369768894442,2079.3359375,50.765037536621094,0.0,0.0,0.0032663345336914062,0.1196603775024414,3097,0.23495960235595703,False,4G,14
"/* DISTINCT VALUES IN COLUMN 'album' */ SELECT DISTINCT album, COUNT(album) AS album_count FROM data GROUP BY album ORDER BY album_count DESC","-- DISTINCT VALUES IN COLUMN 'album'
SELECT 
    DISTINCT album,
    COUNT(album) AS album_count 
FROM data 
GROUP BY album 
ORDER BY album_count DESC",PostgresHandler,581.3043117523193,2.3474664167447674,2084.5546875,50.89244842529297,0.0,0.0,0.045940399169921875,5.453638076782227,154682,11.50865650177002,False,4G,14
"/* STATS (AVG, SUM, MIN, MAX) FOR COLUMN 'tempo' */ SELECT AVG(tempo) AS avg_tempo, SUM(tempo) AS sum_tempo, MIN(tempo) AS min_tempo, MAX(tempo) AS max_tempo FROM data","-- STATS (AVG, SUM, MIN, MAX) FOR COLUMN 'tempo'
SELECT 
    AVG(tempo) AS avg_tempo,
    SUM(tempo) AS sum_tempo, 
    MIN(tempo) AS min_tempo, 
    MAX(tempo) AS max_tempo 
FROM data",PostgresHandler,72.60370254516602,2.1277,2095.30859375,51.15499496459961,0.0,0.0,0.0019664764404296875,0.0026187896728515625,1,0.000156402587890625,False,4G,14
/* FILTER BY LIKE OPERATOR & 2 CONDITIONS */ SELECT * FROM data WHERE text LIKE '%%love%%' AND tempo < 120,"-- FILTER BY LIKE OPERATOR & 2 CONDITIONS
SELECT * 
FROM data 
WHERE text LIKE '%%love%%'
AND tempo < 120",PostgresHandler,1617.5687313079834,2.046181704651889,2103.1796875,51.34716033935547,0.0,0.0,2.1000823974609375,264.633150100708,115044,419.287654876709,False,4G,14
"/* SELF-JOIN ON 'artist' TO FIND DUPLICATE ARTISTS */ SELECT DISTINCT a1.artist_s AS artists, COUNT(*) AS duplicate_count FROM data AS a1 JOIN data AS a2 ON a1.artist_s = a2.artist_s GROUP BY a1.artist_s","-- SELF-JOIN ON 'artist' TO FIND DUPLICATE ARTISTS
SELECT 
    DISTINCT a1.artist_s AS artists, 
    COUNT(*) AS duplicate_count 
FROM data AS a1 
JOIN data AS a2 
ON a1.artist_s = a2.artist_s
GROUP BY a1.artist_s",PostgresHandler,1214.2531871795654,2.1366323024054985,2119.53125,51.746368408203125,0.0,0.0,0.039139747619628906,4.595521926879883,127334,9.563119888305664,False,4G,14
/* TOP 1000 ROWS */ SELECT * FROM data LIMIT 1000,"-- TOP 1000 ROWS
SELECT * FROM data LIMIT 1000",DuckDBHandler,18.26190948486328,0.004694132334581773,100.2421875,2.4473190307617188,0.0,0.0,0.0,0.0,1000,3.920193672180176,False,4G,14
/* COUNT ALL */ SELECT COUNT(*) FROM data,"-- COUNT ALL
SELECT COUNT(*) FROM data",DuckDBHandler,2.1839141845703125,0.006094286606306587,100.2421875,2.4473190307617188,0.0,0.0,0.0,0.0,1,0.000133514404296875,False,4G,14
"/* DISTINCT VALUES & COUNT OF 'genre' */ SELECT DISTINCT genre, COUNT(genre) AS genre_count FROM data GROUP BY genre ORDER BY genre_count DESC NULLS FIRST","-- DISTINCT VALUES & COUNT OF 'genre'
SELECT 
    DISTINCT genre,
    COUNT(genre) AS genre_count 
FROM data 
GROUP BY genre 
ORDER BY genre_count DESC",DuckDBHandler,9.904146194458008,0.0055930087390761545,100.2421875,2.4473190307617188,0.0,0.0,0.0,0.0,3097,0.23495960235595703,False,4G,14
"/* DISTINCT VALUES IN COLUMN 'album' */ SELECT DISTINCT album, COUNT(album) AS album_count FROM data GROUP BY album ORDER BY album_count DESC NULLS FIRST","-- DISTINCT VALUES IN COLUMN 'album'
SELECT 
    DISTINCT album,
    COUNT(album) AS album_count 
FROM data 
GROUP BY album 
ORDER BY album_count DESC",DuckDBHandler,203.0022144317627,0.004903064415259537,100.2421875,2.4473190307617188,0.0,0.0,0.0,0.0,154682,11.50865650177002,False,4G,14
"/* STATS (AVG, SUM, MIN, MAX) FOR COLUMN 'tempo' */ SELECT AVG(tempo) AS avg_tempo, SUM(tempo) AS sum_tempo, MIN(tempo) AS min_tempo, MAX(tempo) AS max_tempo FROM data","-- STATS (AVG, SUM, MIN, MAX) FOR COLUMN 'tempo'
SELECT 
    AVG(tempo) AS avg_tempo,
    SUM(tempo) AS sum_tempo, 
    MIN(tempo) AS min_tempo, 
    MAX(tempo) AS max_tempo 
FROM data",DuckDBHandler,2.957582473754883,0.005,100.2421875,2.4473190307617188,0.0,0.0,0.0,0.0,1,0.000156402587890625,False,4G,14
/* FILTER BY LIKE OPERATOR & 2 CONDITIONS */ SELECT * FROM data WHERE text LIKE '%%love%%' AND tempo < 120,"-- FILTER BY LIKE OPERATOR & 2 CONDITIONS
SELECT * 
FROM data 
WHERE text LIKE '%%love%%'
AND tempo < 120",DuckDBHandler,1886.7435455322266,0.0007992507024664377,100.2421875,2.4473190307617188,0.0,0.0,0.0,0.0,115044,419.287654876709,False,4G,14
"/* SELF-JOIN ON 'artist' TO FIND DUPLICATE ARTISTS */ SELECT DISTINCT a1.artist_s AS artists, COUNT(*) AS duplicate_count FROM data AS a1 JOIN data AS a2 ON a1.artist_s = a2.artist_s GROUP BY a1.artist_s","-- SELF-JOIN ON 'artist' TO FIND DUPLICATE ARTISTS
SELECT 
    DISTINCT a1.artist_s AS artists, 
    COUNT(*) AS duplicate_count 
FROM data AS a1 
JOIN data AS a2 
ON a1.artist_s = a2.artist_s
GROUP BY a1.artist_s",DuckDBHandler,154.7524929046631,0.0041,100.2421875,2.4473190307617188,0.0,0.0,0.0,0.0,127334,9.563119888305664,False,4G,14
/* TOP 1000 ROWS */ SELECT * FROM data LIMIT 1000,"-- TOP 1000 ROWS
SELECT * FROM data LIMIT 1000",ClickHouseHandler,35.29000282287598,5.087148669796557,1679.0859375,40.993309020996094,0.0,0.0,0.005225181579589844,2.3304624557495117,1000,3.920193672180176,False,4G,14
/* COUNT ALL */ SELECT COUNT(*) FROM data,"-- COUNT ALL
SELECT COUNT(*) FROM data",ClickHouseHandler,14.198780059814453,6.968555347091933,1653.4140625,40.366554260253906,0.0,0.0,0.0022592544555664062,0.004519462585449219,1,0.000133514404296875,False,4G,14
"/* DISTINCT VALUES & COUNT OF 'genre' */ SELECT DISTINCT genre, COUNT(genre) AS genre_count FROM data GROUP BY genre ORDER BY genre_count DESC NULLS FIRST","-- DISTINCT VALUES & COUNT OF 'genre'
SELECT 
    DISTINCT genre,
    COUNT(genre) AS genre_count 
FROM data 
GROUP BY genre 
ORDER BY genre_count DESC",ClickHouseHandler,16.993999481201172,4.9527,1667.31640625,40.70596694946289,0.0,0.0,0.0035009384155273438,0.08271980285644531,3097,0.23495960235595703,False,4G,14
"/* DISTINCT VALUES IN COLUMN 'album' */ SELECT DISTINCT album, COUNT(album) AS album_count FROM data GROUP BY album ORDER BY album_count DESC NULLS FIRST","-- DISTINCT VALUES IN COLUMN 'album'
SELECT 
    DISTINCT album,
    COUNT(album) AS album_count 
FROM data 
GROUP BY album 
ORDER BY album_count DESC",ClickHouseHandler,612.799882888794,9.302421019705974,1722.234375,42.04673767089844,0.0,0.0,0.00658416748046875,3.5093584060668945,154682,11.50868034362793,False,4G,14
"/* STATS (AVG, SUM, MIN, MAX) FOR COLUMN 'tempo' */ SELECT AVG(tempo) AS avg_tempo, SUM(tempo) AS sum_tempo, MIN(tempo) AS min_tempo, MAX(tempo) AS max_tempo FROM data","-- STATS (AVG, SUM, MIN, MAX) FOR COLUMN 'tempo'
SELECT 
    AVG(tempo) AS avg_tempo,
    SUM(tempo) AS sum_tempo, 
    MIN(tempo) AS min_tempo, 
    MAX(tempo) AS max_tempo 
FROM data",ClickHouseHandler,7.424831390380859,4.975674491392802,1691.1875,41.28875732421875,0.0,0.0,0.0027179718017578125,0.004596710205078125,1,0.000156402587890625,False,4G,14
/* FILTER BY LIKE OPERATOR & 2 CONDITIONS */ SELECT * FROM data WHERE text LIKE '%%love%%' AND tempo < 120,"-- FILTER BY LIKE OPERATOR & 2 CONDITIONS
SELECT * 
FROM data 
WHERE text LIKE '%%love%%'
AND tempo < 120",ClickHouseHandler,3510.162830352783,8.3054,1693.25390625,41.33920669555664,0.0,0.0,0.02474689483642578,252.14036464691162,115044,419.28827476501465,False,4G,14
"/* SELF-JOIN ON 'artist' TO FIND DUPLICATE ARTISTS */ SELECT DISTINCT a1.artist_s AS artists, COUNT(*) AS duplicate_count FROM data AS a1 JOIN data AS a2 ON a1.artist_s = a2.artist_s GROUP BY a1.artist_s","-- SELF-JOIN ON 'artist' TO FIND DUPLICATE ARTISTS
SELECT 
    DISTINCT a1.artist_s AS artists, 
    COUNT(*) AS duplicate_count 
FROM data AS a1 
JOIN data AS a2 
ON a1.artist_s = a2.artist_s
GROUP BY a1.artist_s",ClickHouseHandler,635.8280181884766,9.417756950952827,1784.19140625,43.55936050415039,0.0,0.0,0.032891273498535156,3.0345163345336914,127334,9.563119888305664,False,4G,14
/* TOP 1000 ROWS */ SELECT * FROM data LIMIT 1000,"-- TOP 1000 ROWS
SELECT * FROM data LIMIT 1000",MySQLHandler,22.98140525817871,2.7305,3218.67578125,39.290475845336914,0.0,0.0,0.010937690734863281,2.2875633239746094,1000,3.920193672180176,False,8G,14
/* COUNT ALL */ SELECT COUNT(*) FROM data,"-- COUNT ALL
SELECT COUNT(*) FROM data",MySQLHandler,139.9695873260498,1.858719150265542,3219.859375,39.30492401123047,0.0,0.0,0.0014886856079101562,0.0018167495727539062,1,0.000133514404296875,False,8G,14
"/* DISTINCT VALUES & COUNT OF 'genre' */ SELECT DISTINCT genre, COUNT(genre) AS genre_count FROM data GROUP BY genre ORDER BY CASE WHEN genre_count IS NULL THEN 1 ELSE 0 END DESC, genre_count DESC","-- DISTINCT VALUES & COUNT OF 'genre'
SELECT 
    DISTINCT genre,
    COUNT(genre) AS genre_count 
FROM data 
GROUP BY genre 
ORDER BY genre_count DESC",MySQLHandler,1043.9748764038086,0.8045971267957527,3236.44140625,39.507341384887695,0.0,0.0,0.0023517608642578125,0.09203433990478516,3097,0.23495960235595703,False,8G,14
"/* DISTINCT VALUES IN COLUMN 'album' */ SELECT DISTINCT album, COUNT(album) AS album_count FROM data GROUP BY album ORDER BY CASE WHEN album_count IS NULL THEN 1 ELSE 0 END DESC, album_count DESC","-- DISTINCT VALUES IN COLUMN 'album'
SELECT 
    DISTINCT album,
    COUNT(album) AS album_count 
FROM data 
GROUP BY album 
ORDER BY album_count DESC",MySQLHandler,1703.7906646728516,0.6701,3265.078125,39.856910705566406,0.0,0.0,0.018464088439941406,4.039665222167969,151168,11.28181266784668,False,8G,14
"/* STATS (AVG, SUM, MIN, MAX) FOR COLUMN 'tempo' */ SELECT AVG(tempo) AS avg_tempo, SUM(tempo) AS sum_tempo, MIN(tempo) AS min_tempo, MAX(tempo) AS max_tempo FROM data","-- STATS (AVG, SUM, MIN, MAX) FOR COLUMN 'tempo'
SELECT 
    AVG(tempo) AS avg_tempo,
    SUM(tempo) AS sum_tempo, 
    MIN(tempo) AS min_tempo, 
    MAX(tempo) AS max_tempo 
FROM data",MySQLHandler,432.0645332336426,0.7195248515160988,3265.0625,39.856719970703125,0.0,0.0,0.0016908645629882812,0.0019979476928710938,1,0.000156402587890625,False,8G,14
/* FILTER BY LIKE OPERATOR & 2 CONDITIONS */ SELECT * FROM data WHERE text LIKE '%%love%%' AND tempo < 120,"-- FILTER BY LIKE OPERATOR & 2 CONDITIONS
SELECT * 
FROM data 
WHERE text LIKE '%%love%%'
AND tempo < 120",MySQLHandler,3481.051445007324,0.6982817869415807,3252.2265625,39.70003128051758,0.0,0.0,1.0257549285888672,255.69964408874512,119158,433.5639772415161,False,8G,14
"/* SELF-JOIN ON 'artist' TO FIND DUPLICATE ARTISTS */ SELECT DISTINCT a1.artist_s AS artists, COUNT(*) AS duplicate_count FROM data AS a1 JOIN data AS a2 ON a1.artist_s = a2.artist_s GROUP BY a1.artist_s","-- SELF-JOIN ON 'artist' TO FIND DUPLICATE ARTISTS
SELECT 
    DISTINCT a1.artist_s AS artists, 
    COUNT(*) AS duplicate_count 
FROM data AS a1 
JOIN data AS a2 
ON a1.artist_s = a2.artist_s
GROUP BY a1.artist_s",MySQLHandler,62215.768337249756,0.5502280537332084,3273.24609375,39.95661735534668,0.0,0.0,0.017287254333496094,3.478695869445801,127197,9.554627418518066,False,8G,14
/* TOP 1000 ROWS */ SELECT * FROM data LIMIT 1000,"-- TOP 1000 ROWS
SELECT * FROM data LIMIT 1000",PostgresHandler,22.78876304626465,0.13991255465334165,2076.80078125,25.351572036743164,0.0,0.0,0.0213470458984375,2.4446020126342773,1000,3.9677934646606445,False,8G,14
/* COUNT ALL */ SELECT COUNT(*) FROM data,"-- COUNT ALL
SELECT COUNT(*) FROM data",PostgresHandler,46.37551307678223,0.16019975031210987,2079.0859375,25.379467010498047,0.0,0.0,0.001827239990234375,0.0023717880249023438,1,0.000133514404296875,False,8G,14
"/* DISTINCT VALUES & COUNT OF 'genre' */ SELECT DISTINCT genre, COUNT(genre) AS genre_count FROM data GROUP BY genre ORDER BY genre_count DESC","-- DISTINCT VALUES & COUNT OF 'genre'
SELECT 
    DISTINCT genre,
    COUNT(genre) AS genre_count 
FROM data 
GROUP BY genre 
ORDER BY genre_count DESC",PostgresHandler,69.44680213928223,2.3116552154903185,2080.84375,25.400924682617188,0.0,0.0,0.0030727386474609375,0.1195974349975586,3097,0.23495960235595703,False,8G,14
"/* DISTINCT VALUES IN COLUMN 'album' */ SELECT DISTINCT album, COUNT(album) AS album_count FROM data GROUP BY album ORDER BY album_count DESC","-- DISTINCT VALUES IN COLUMN 'album'
SELECT 
    DISTINCT album,
    COUNT(album) AS album_count 
FROM data 
GROUP BY album 
ORDER BY album_count DESC",PostgresHandler,584.6939086914062,1.824959400374766,2079.3125,25.382232666015625,0.0,0.0,0.04600334167480469,5.453763961791992,154682,11.50865650177002,False,8G,14
"/* STATS (AVG, SUM, MIN, MAX) FOR COLUMN 'tempo' */ SELECT AVG(tempo) AS avg_tempo, SUM(tempo) AS sum_tempo, MIN(tempo) AS min_tempo, MAX(tempo) AS max_tempo FROM data","-- STATS (AVG, SUM, MIN, MAX) FOR COLUMN 'tempo'
SELECT 
    AVG(tempo) AS avg_tempo,
    SUM(tempo) AS sum_tempo, 
    MIN(tempo) AS min_tempo, 
    MAX(tempo) AS max_tempo 
FROM data",PostgresHandler,77.02875137329102,1.9732334581772784,2090.15625,25.514602661132812,0.0,0.0,0.0019664764404296875,0.0026187896728515625,1,0.000156402587890625,False,8G,14
/* FILTER BY LIKE OPERATOR & 2 CONDITIONS */ SELECT * FROM data WHERE text LIKE '%%love%%' AND tempo < 120,"-- FILTER BY LIKE OPERATOR & 2 CONDITIONS
SELECT * 
FROM data 
WHERE text LIKE '%%love%%'
AND tempo < 120",PostgresHandler,1638.2033824920654,1.8520636902903527,2098.4140625,25.615406036376953,0.0,0.0,2.094228744506836,264.6334648132324,115044,419.287654876709,False,8G,14
"/* SELF-JOIN ON 'artist' TO FIND DUPLICATE ARTISTS */ SELECT DISTINCT a1.artist_s AS artists, COUNT(*) AS duplicate_count FROM data AS a1 JOIN data AS a2 ON a1.artist_s = a2.artist_s GROUP BY a1.artist_s","-- SELF-JOIN ON 'artist' TO FIND DUPLICATE ARTISTS
SELECT 
    DISTINCT a1.artist_s AS artists, 
    COUNT(*) AS duplicate_count 
FROM data AS a1 
JOIN data AS a2 
ON a1.artist_s = a2.artist_s
GROUP BY a1.artist_s",PostgresHandler,1243.058681488037,2.275544461778471,2120.625,25.88653564453125,0.0,0.0,0.039139747619628906,4.595521926879883,127334,9.563119888305664,False,8G,14
/* TOP 1000 ROWS */ SELECT * FROM data LIMIT 1000,"-- TOP 1000 ROWS
SELECT * FROM data LIMIT 1000",DuckDBHandler,18.562793731689453,0.0028981886321049347,100.23828125,1.223611831665039,0.0,0.0,0.0,0.0,1000,3.920193672180176,False,8G,14
/* COUNT ALL */ SELECT COUNT(*) FROM data,"-- COUNT ALL
SELECT COUNT(*) FROM data",DuckDBHandler,2.191305160522461,0.004792511700468019,100.23828125,1.223611831665039,0.0,0.0,0.0,0.0,1,0.000133514404296875,False,8G,14
"/* DISTINCT VALUES & COUNT OF 'genre' */ SELECT DISTINCT genre, COUNT(genre) AS genre_count FROM data GROUP BY genre ORDER BY genre_count DESC NULLS FIRST","-- DISTINCT VALUES & COUNT OF 'genre'
SELECT 
    DISTINCT genre,
    COUNT(genre) AS genre_count 
FROM data 
GROUP BY genre 
ORDER BY genre_count DESC",DuckDBHandler,9.27877426147461,0.004995316890415236,100.23828125,1.223611831665039,0.0,0.0,0.0,0.0,3097,0.23495960235595703,False,8G,14
"/* DISTINCT VALUES IN COLUMN 'album' */ SELECT DISTINCT album, COUNT(album) AS album_count FROM data GROUP BY album ORDER BY album_count DESC NULLS FIRST","-- DISTINCT VALUES IN COLUMN 'album'
SELECT 
    DISTINCT album,
    COUNT(album) AS album_count 
FROM data 
GROUP BY album 
ORDER BY album_count DESC",DuckDBHandler,201.78818702697754,0.006396002498438477,100.23828125,1.223611831665039,0.0,0.0,0.0,0.0,154682,11.50865650177002,False,8G,14
"/* STATS (AVG, SUM, MIN, MAX) FOR COLUMN 'tempo' */ SELECT AVG(tempo) AS avg_tempo, SUM(tempo) AS sum_tempo, MIN(tempo) AS min_tempo, MAX(tempo) AS max_tempo FROM data","-- STATS (AVG, SUM, MIN, MAX) FOR COLUMN 'tempo'
SELECT 
    AVG(tempo) AS avg_tempo,
    SUM(tempo) AS sum_tempo, 
    MIN(tempo) AS min_tempo, 
    MAX(tempo) AS max_tempo 
FROM data",DuckDBHandler,2.836465835571289,0.004797001873828857,100.23828125,1.223611831665039,0.0,0.0,0.0,0.0,1,0.000156402587890625,False,8G,14
/* FILTER BY LIKE OPERATOR & 2 CONDITIONS */ SELECT * FROM data WHERE text LIKE '%%love%%' AND tempo < 120,"-- FILTER BY LIKE OPERATOR & 2 CONDITIONS
SELECT * 
FROM data 
WHERE text LIKE '%%love%%'
AND tempo < 120",DuckDBHandler,1894.5894241333008,0.004898469228366136,100.23828125,1.223611831665039,0.0,0.0,0.0,0.0,115044,419.287654876709,False,8G,14
"/* SELF-JOIN ON 'artist' TO FIND DUPLICATE ARTISTS */ SELECT DISTINCT a1.artist_s AS artists, COUNT(*) AS duplicate_count FROM data AS a1 JOIN data AS a2 ON a1.artist_s = a2.artist_s GROUP BY a1.artist_s","-- SELF-JOIN ON 'artist' TO FIND DUPLICATE ARTISTS
SELECT 
    DISTINCT a1.artist_s AS artists, 
    COUNT(*) AS duplicate_count 
FROM data AS a1 
JOIN data AS a2 
ON a1.artist_s = a2.artist_s
GROUP BY a1.artist_s",DuckDBHandler,239.06898498535156,0.00549828178694158,100.23828125,1.223611831665039,0.0,0.0,0.0,0.0,127334,9.563119888305664,False,8G,14
/* TOP 1000 ROWS */ SELECT * FROM data LIMIT 1000,"-- TOP 1000 ROWS
SELECT * FROM data LIMIT 1000",ClickHouseHandler,34.79766845703125,5.641114241001565,1488.15234375,18.165922164916992,0.0,0.0,0.005665779113769531,2.3307151794433594,1000,3.920193672180176,False,8G,14
/* COUNT ALL */ SELECT COUNT(*) FROM data,"-- COUNT ALL
SELECT COUNT(*) FROM data",ClickHouseHandler,15.16270637512207,4.826408252578931,1444.125,17.62847900390625,0.0,0.0,0.0028924942016601562,0.004456520080566406,1,0.000133514404296875,False,8G,14
"/* DISTINCT VALUES & COUNT OF 'genre' */ SELECT DISTINCT genre, COUNT(genre) AS genre_count FROM data GROUP BY genre ORDER BY genre_count DESC NULLS FIRST","-- DISTINCT VALUES & COUNT OF 'genre'
SELECT 
    DISTINCT genre,
    COUNT(genre) AS genre_count 
FROM data 
GROUP BY genre 
ORDER BY genre_count DESC",ClickHouseHandler,17.257213592529297,4.742810641627543,1463.0,17.85888671875,0.0,0.0,0.0032491683959960938,0.08253192901611328,3097,0.23495960235595703,False,8G,14
"/* DISTINCT VALUES IN COLUMN 'album' */ SELECT DISTINCT album, COUNT(album) AS album_count FROM data GROUP BY album ORDER BY album_count DESC NULLS FIRST","-- DISTINCT VALUES IN COLUMN 'album'
SELECT 
    DISTINCT album,
    COUNT(album) AS album_count 
FROM data 
GROUP BY album 
ORDER BY album_count DESC",ClickHouseHandler,619.347095489502,9.679875195007801,1512.8046875,18.466854095458984,0.0,0.0,0.0063953399658203125,3.5093584060668945,154682,11.50868034362793,False,8G,14
"/* STATS (AVG, SUM, MIN, MAX) FOR COLUMN 'tempo' */ SELECT AVG(tempo) AS avg_tempo, SUM(tempo) AS sum_tempo, MIN(tempo) AS min_tempo, MAX(tempo) AS max_tempo FROM data","-- STATS (AVG, SUM, MIN, MAX) FOR COLUMN 'tempo'
SELECT 
    AVG(tempo) AS avg_tempo,
    SUM(tempo) AS sum_tempo, 
    MIN(tempo) AS min_tempo, 
    MAX(tempo) AS max_tempo 
FROM data",ClickHouseHandler,7.649898529052734,5.76070021881838,1478.1875,18.044281005859375,0.0,0.0,0.0028400421142578125,0.004596710205078125,1,0.000156402587890625,False,8G,14
/* FILTER BY LIKE OPERATOR & 2 CONDITIONS */ SELECT * FROM data WHERE text LIKE '%%love%%' AND tempo < 120,"-- FILTER BY LIKE OPERATOR & 2 CONDITIONS
SELECT * 
FROM data 
WHERE text LIKE '%%love%%'
AND tempo < 120",ClickHouseHandler,3506.662368774414,8.008007507037847,1508.1328125,18.40982437133789,0.0,0.0,0.02257823944091797,251.74883651733398,115044,419.28827476501465,False,8G,14
"/* SELF-JOIN ON 'artist' TO FIND DUPLICATE ARTISTS */ SELECT DISTINCT a1.artist_s AS artists, COUNT(*) AS duplicate_count FROM data AS a1 JOIN data AS a2 ON a1.artist_s = a2.artist_s GROUP BY a1.artist_s","-- SELF-JOIN ON 'artist' TO FIND DUPLICATE ARTISTS
SELECT 
    DISTINCT a1.artist_s AS artists, 
    COUNT(*) AS duplicate_count 
FROM data AS a1 
JOIN data AS a2 
ON a1.artist_s = a2.artist_s
GROUP BY a1.artist_s",ClickHouseHandler,630.9757232666016,5.154053208137715,1591.69921875,19.429922103881836,0.0,0.0,0.030625343322753906,3.03350830078125,127334,9.563119888305664,False,8G,14
/* TOP 1000 ROWS */ SELECT * FROM data LIMIT 1000,"-- TOP 1000 ROWS
SELECT * FROM data LIMIT 1000",MySQLHandler,22.7205753326416,2.9798,3218.921875,19.646739959716797,0.0,0.0,0.010874748229980469,2.2875003814697266,1000,3.920193672180176,False,16G,14
/* COUNT ALL */ SELECT COUNT(*) FROM data,"-- COUNT ALL
SELECT COUNT(*) FROM data",MySQLHandler,135.0839138031006,1.7076990321573524,3219.8828125,19.652605056762695,0.0,0.0,0.0014886856079101562,0.0018167495727539062,1,0.000133514404296875,False,16G,14
"/* DISTINCT VALUES & COUNT OF 'genre' */ SELECT DISTINCT genre, COUNT(genre) AS genre_count FROM data GROUP BY genre ORDER BY CASE WHEN genre_count IS NULL THEN 1 ELSE 0 END DESC, genre_count DESC","-- DISTINCT VALUES & COUNT OF 'genre'
SELECT 
    DISTINCT genre,
    COUNT(genre) AS genre_count 
FROM data 
GROUP BY genre 
ORDER BY genre_count DESC",MySQLHandler,1032.9992771148682,0.7304152357165158,3236.4296875,19.753599166870117,0.0,0.0,0.0023517608642578125,0.09203433990478516,3097,0.23495960235595703,False,16G,14
"/* DISTINCT VALUES IN COLUMN 'album' */ SELECT DISTINCT album, COUNT(album) AS album_count FROM data GROUP BY album ORDER BY CASE WHEN album_count IS NULL THEN 1 ELSE 0 END DESC, album_count DESC","-- DISTINCT VALUES IN COLUMN 'album'
SELECT 
    DISTINCT album,
    COUNT(album) AS album_count 
FROM data 
GROUP BY album 
ORDER BY album_count DESC",MySQLHandler,1699.4121074676514,1.417414116177389,3265.046875,19.928264617919922,0.0,0.0,0.01852703094482422,4.039728164672852,151168,11.28181266784668,False,16G,14
"/* STATS (AVG, SUM, MIN, MAX) FOR COLUMN 'tempo' */ SELECT AVG(tempo) AS avg_tempo, SUM(tempo) AS sum_tempo, MIN(tempo) AS min_tempo, MAX(tempo) AS max_tempo FROM data","-- STATS (AVG, SUM, MIN, MAX) FOR COLUMN 'tempo'
SELECT 
    AVG(tempo) AS avg_tempo,
    SUM(tempo) AS sum_tempo, 
    MIN(tempo) AS min_tempo, 
    MAX(tempo) AS max_tempo 
FROM data",MySQLHandler,421.43821716308594,0.7149063670411985,3265.0546875,19.928312301635742,0.0,0.0,0.0016279220581054688,0.0019350051879882812,1,0.000156402587890625,False,16G,14
/* FILTER BY LIKE OPERATOR & 2 CONDITIONS */ SELECT * FROM data WHERE text LIKE '%%love%%' AND tempo < 120,"-- FILTER BY LIKE OPERATOR & 2 CONDITIONS
SELECT * 
FROM data 
WHERE text LIKE '%%love%%'
AND tempo < 120",MySQLHandler,3471.5538024902344,0.5386633354153655,3252.21875,19.84996795654297,0.0,0.0,1.0242443084716797,255.69964408874512,119158,433.5639772415161,False,16G,14
"/* SELF-JOIN ON 'artist' TO FIND DUPLICATE ARTISTS */ SELECT DISTINCT a1.artist_s AS artists, COUNT(*) AS duplicate_count FROM data AS a1 JOIN data AS a2 ON a1.artist_s = a2.artist_s GROUP BY a1.artist_s","-- SELF-JOIN ON 'artist' TO FIND DUPLICATE ARTISTS
SELECT 
    DISTINCT a1.artist_s AS artists, 
    COUNT(*) AS duplicate_count 
FROM data AS a1 
JOIN data AS a2 
ON a1.artist_s = a2.artist_s
GROUP BY a1.artist_s",MySQLHandler,62360.265254974365,0.6274157303370786,3273.17578125,19.977879524230957,0.0,0.0,0.017287254333496094,3.478695869445801,127197,9.554627418518066,False,16G,14
/* TOP 1000 ROWS */ SELECT * FROM data LIMIT 1000,"-- TOP 1000 ROWS
SELECT * FROM data LIMIT 1000",PostgresHandler,20.719289779663086,0.1479537644486098,2076.859375,12.676143646240234,0.0,0.0,0.0213470458984375,2.4446020126342773,1000,3.9677934646606445,False,16G,14
/* COUNT ALL */ SELECT COUNT(*) FROM data,"-- COUNT ALL
SELECT COUNT(*) FROM data",PostgresHandler,46.95248603820801,0.1483681747269891,2079.0546875,12.689542770385742,0.0,0.0,0.001827239990234375,0.0023717880249023438,1,0.000133514404296875,False,16G,14
"/* DISTINCT VALUES & COUNT OF 'genre' */ SELECT DISTINCT genre, COUNT(genre) AS genre_count FROM data GROUP BY genre ORDER BY genre_count DESC","-- DISTINCT VALUES & COUNT OF 'genre'
SELECT 
    DISTINCT genre,
    COUNT(genre) AS genre_count 
FROM data 
GROUP BY genre 
ORDER BY genre_count DESC",PostgresHandler,65.60611724853516,2.3138769134645423,2080.9921875,12.70136833190918,0.0,0.0,0.0030727386474609375,0.1195974349975586,3097,0.23495960235595703,False,16G,14
"/* DISTINCT VALUES IN COLUMN 'album' */ SELECT DISTINCT album, COUNT(album) AS album_count FROM data GROUP BY album ORDER BY album_count DESC","-- DISTINCT VALUES IN COLUMN 'album'
SELECT 
    DISTINCT album,
    COUNT(album) AS album_count 
FROM data 
GROUP BY album 
ORDER BY album_count DESC",PostgresHandler,564.751386642456,2.007617858257883,2084.2578125,12.72130012512207,0.0,0.0,0.045940399169921875,5.453701019287109,154682,11.50865650177002,False,16G,14
"/* STATS (AVG, SUM, MIN, MAX) FOR COLUMN 'tempo' */ SELECT AVG(tempo) AS avg_tempo, SUM(tempo) AS sum_tempo, MIN(tempo) AS min_tempo, MAX(tempo) AS max_tempo FROM data","-- STATS (AVG, SUM, MIN, MAX) FOR COLUMN 'tempo'
SELECT 
    AVG(tempo) AS avg_tempo,
    SUM(tempo) AS sum_tempo, 
    MIN(tempo) AS min_tempo, 
    MAX(tempo) AS max_tempo 
FROM data",PostgresHandler,74.89228248596191,2.560299719013425,2111.6640625,12.888574600219727,0.0,0.0,0.0019664764404296875,0.0026187896728515625,1,0.000156402587890625,False,16G,14
/* FILTER BY LIKE OPERATOR & 2 CONDITIONS */ SELECT * FROM data WHERE text LIKE '%%love%%' AND tempo < 120,"-- FILTER BY LIKE OPERATOR & 2 CONDITIONS
SELECT * 
FROM data 
WHERE text LIKE '%%love%%'
AND tempo < 120",PostgresHandler,1636.2695693969727,2.427224477052763,2103.0859375,12.836217880249023,0.0,0.0,2.0978164672851562,264.633150100708,115044,419.287654876709,False,16G,14
"/* SELF-JOIN ON 'artist' TO FIND DUPLICATE ARTISTS */ SELECT DISTINCT a1.artist_s AS artists, COUNT(*) AS duplicate_count FROM data AS a1 JOIN data AS a2 ON a1.artist_s = a2.artist_s GROUP BY a1.artist_s","-- SELF-JOIN ON 'artist' TO FIND DUPLICATE ARTISTS
SELECT 
    DISTINCT a1.artist_s AS artists, 
    COUNT(*) AS duplicate_count 
FROM data AS a1 
JOIN data AS a2 
ON a1.artist_s = a2.artist_s
GROUP BY a1.artist_s",PostgresHandler,1216.911792755127,2.341636477201749,2122.046875,12.951946258544922,0.0,0.0,0.039139747619628906,4.595521926879883,127334,9.563119888305664,False,16G,14
/* TOP 1000 ROWS */ SELECT * FROM data LIMIT 1000,"-- TOP 1000 ROWS
SELECT * FROM data LIMIT 1000",DuckDBHandler,18.958568572998047,0.002199312714776632,100.234375,0.6117820739746094,0.0,0.0,0.0,0.0,1000,3.920193672180176,False,16G,14
/* COUNT ALL */ SELECT COUNT(*) FROM data,"-- COUNT ALL
SELECT COUNT(*) FROM data",DuckDBHandler,2.1300315856933594,0.003996253512332188,100.234375,0.6117820739746094,0.0,0.0,0.0,0.0,1,0.000133514404296875,False,16G,14
"/* DISTINCT VALUES & COUNT OF 'genre' */ SELECT DISTINCT genre, COUNT(genre) AS genre_count FROM data GROUP BY genre ORDER BY genre_count DESC NULLS FIRST","-- DISTINCT VALUES & COUNT OF 'genre'
SELECT 
    DISTINCT genre,
    COUNT(genre) AS genre_count 
FROM data 
GROUP BY genre 
ORDER BY genre_count DESC",DuckDBHandler,9.27591323852539,0.003297938788257339,100.234375,0.6117820739746094,0.0,0.0,0.0,0.0,3097,0.23495960235595703,False,16G,14
"/* DISTINCT VALUES IN COLUMN 'album' */ SELECT DISTINCT album, COUNT(album) AS album_count FROM data GROUP BY album ORDER BY album_count DESC NULLS FIRST","-- DISTINCT VALUES IN COLUMN 'album'
SELECT 
    DISTINCT album,
    COUNT(album) AS album_count 
FROM data 
GROUP BY album 
ORDER BY album_count DESC",DuckDBHandler,208.62865447998047,0.003098063710181137,100.234375,0.6117820739746094,0.0,0.0,0.0,0.0,154682,11.50865650177002,False,16G,14
"/* STATS (AVG, SUM, MIN, MAX) FOR COLUMN 'tempo' */ SELECT AVG(tempo) AS avg_tempo, SUM(tempo) AS sum_tempo, MIN(tempo) AS min_tempo, MAX(tempo) AS max_tempo FROM data","-- STATS (AVG, SUM, MIN, MAX) FOR COLUMN 'tempo'
SELECT 
    AVG(tempo) AS avg_tempo,
    SUM(tempo) AS sum_tempo, 
    MIN(tempo) AS min_tempo, 
    MAX(tempo) AS max_tempo 
FROM data",DuckDBHandler,3.1833648681640625,0.0023977521073993134,100.234375,0.6117820739746094,0.0,0.0,0.0,0.0,1,0.000156402587890625,False,16G,14
/* FILTER BY LIKE OPERATOR & 2 CONDITIONS */ SELECT * FROM data WHERE text LIKE '%%love%%' AND tempo < 120,"-- FILTER BY LIKE OPERATOR & 2 CONDITIONS
SELECT * 
FROM data 
WHERE text LIKE '%%love%%'
AND tempo < 120",DuckDBHandler,1888.3605003356934,0.0025,100.234375,0.6117820739746094,0.0,0.0,0.0,0.0,115044,419.287654876709,False,16G,14
"/* SELF-JOIN ON 'artist' TO FIND DUPLICATE ARTISTS */ SELECT DISTINCT a1.artist_s AS artists, COUNT(*) AS duplicate_count FROM data AS a1 JOIN data AS a2 ON a1.artist_s = a2.artist_s GROUP BY a1.artist_s","-- SELF-JOIN ON 'artist' TO FIND DUPLICATE ARTISTS
SELECT 
    DISTINCT a1.artist_s AS artists, 
    COUNT(*) AS duplicate_count 
FROM data AS a1 
JOIN data AS a2 
ON a1.artist_s = a2.artist_s
GROUP BY a1.artist_s",DuckDBHandler,223.08993339538574,0.003296909147674055,100.234375,0.6117820739746094,0.0,0.0,0.0,0.0,127334,9.563119888305664,False,16G,14
/* TOP 1000 ROWS */ SELECT * FROM data LIMIT 1000,"-- TOP 1000 ROWS
SELECT * FROM data LIMIT 1000",ClickHouseHandler,34.12437438964844,5.3584,1668.7265625,10.185098648071289,0.0,0.0,0.006043434143066406,2.33109188079834,1000,3.920193672180176,False,16G,14
/* COUNT ALL */ SELECT COUNT(*) FROM data,"-- COUNT ALL
SELECT COUNT(*) FROM data",ClickHouseHandler,15.09857177734375,5.4624,1655.09375,10.101890563964844,0.0,0.0,0.0023221969604492188,0.004456520080566406,1,0.000133514404296875,False,16G,14
"/* DISTINCT VALUES & COUNT OF 'genre' */ SELECT DISTINCT genre, COUNT(genre) AS genre_count FROM data GROUP BY genre ORDER BY genre_count DESC NULLS FIRST","-- DISTINCT VALUES & COUNT OF 'genre'
SELECT 
    DISTINCT genre,
    COUNT(genre) AS genre_count 
FROM data 
GROUP BY genre 
ORDER BY genre_count DESC",ClickHouseHandler,17.861604690551758,4.829209127852454,1668.53515625,10.183930397033691,0.0,0.0,0.0031862258911132812,0.08271980285644531,3097,0.23495960235595703,False,16G,14
"/* DISTINCT VALUES IN COLUMN 'album' */ SELECT DISTINCT album, COUNT(album) AS album_count FROM data GROUP BY album ORDER BY album_count DESC NULLS FIRST","-- DISTINCT VALUES IN COLUMN 'album'
SELECT 
    DISTINCT album,
    COUNT(album) AS album_count 
FROM data 
GROUP BY album 
ORDER BY album_count DESC",ClickHouseHandler,631.2556266784668,9.547267041901188,1725.76171875,10.53321361541748,0.0,0.0,0.0063323974609375,3.509296417236328,154682,11.50868034362793,False,16G,14
"/* STATS (AVG, SUM, MIN, MAX) FOR COLUMN 'tempo' */ SELECT AVG(tempo) AS avg_tempo, SUM(tempo) AS sum_tempo, MIN(tempo) AS min_tempo, MAX(tempo) AS max_tempo FROM data","-- STATS (AVG, SUM, MIN, MAX) FOR COLUMN 'tempo'
SELECT 
    AVG(tempo) AS avg_tempo,
    SUM(tempo) AS sum_tempo, 
    MIN(tempo) AS min_tempo, 
    MAX(tempo) AS max_tempo 
FROM data",ClickHouseHandler,7.865667343139648,5.12580544260244,1687.7890625,10.301446914672852,0.0,0.0,0.002902984619140625,0.004534721374511719,1,0.000156402587890625,False,16G,14
/* FILTER BY LIKE OPERATOR & 2 CONDITIONS */ SELECT * FROM data WHERE text LIKE '%%love%%' AND tempo < 120,"-- FILTER BY LIKE OPERATOR & 2 CONDITIONS
SELECT * 
FROM data 
WHERE text LIKE '%%love%%'
AND tempo < 120",ClickHouseHandler,3552.0286560058594,5.784407627383557,1724.51953125,10.52563190460205,0.0,0.0,0.02225780487060547,251.7456569671631,115044,419.28827476501465,False,16G,14
"/* SELF-JOIN ON 'artist' TO FIND DUPLICATE ARTISTS */ SELECT DISTINCT a1.artist_s AS artists, COUNT(*) AS duplicate_count FROM data AS a1 JOIN data AS a2 ON a1.artist_s = a2.artist_s GROUP BY a1.artist_s","-- SELF-JOIN ON 'artist' TO FIND DUPLICATE ARTISTS
SELECT 
    DISTINCT a1.artist_s AS artists, 
    COUNT(*) AS duplicate_count 
FROM data AS a1 
JOIN data AS a2 
ON a1.artist_s = a2.artist_s
GROUP BY a1.artist_s",ClickHouseHandler,630.2506923675537,7.304112676056337,1803.15234375,11.005568504333496,0.0,0.0,0.03308391571044922,3.034893035888672,127334,9.563119888305664,False,16G,14
/* TOP 1000 ROWS */ SELECT * FROM data LIMIT 1000,"-- TOP 1000 ROWS
SELECT * FROM data LIMIT 1000",MySQLHandler,23.739099502563477,2.7208492038713707,3218.41796875,9.821832180023193,0.0,0.0,0.010748863220214844,2.2875003814697266,1000,3.920193672180176,False,32G,14
/* COUNT ALL */ SELECT COUNT(*) FROM data,"-- COUNT ALL
SELECT COUNT(*) FROM data",MySQLHandler,135.35094261169434,1.5739244458320325,3219.5859375,9.825396537780762,0.0,0.0,0.0014886856079101562,0.0018167495727539062,1,0.000133514404296875,False,32G,14
"/* DISTINCT VALUES & COUNT OF 'genre' */ SELECT DISTINCT genre, COUNT(genre) AS genre_count FROM data GROUP BY genre ORDER BY CASE WHEN genre_count IS NULL THEN 1 ELSE 0 END DESC, genre_count DESC","-- DISTINCT VALUES & COUNT OF 'genre'
SELECT 
    DISTINCT genre,
    COUNT(genre) AS genre_count 
FROM data 
GROUP BY genre 
ORDER BY genre_count DESC",MySQLHandler,1030.8983325958252,0.7266916354556804,3236.171875,9.876012802124023,0.0,0.0,0.00254058837890625,0.09221267700195312,3097,0.23495960235595703,False,32G,14
"/* DISTINCT VALUES IN COLUMN 'album' */ SELECT DISTINCT album, COUNT(album) AS album_count FROM data GROUP BY album ORDER BY CASE WHEN album_count IS NULL THEN 1 ELSE 0 END DESC, album_count DESC","-- DISTINCT VALUES IN COLUMN 'album'
SELECT 
    DISTINCT album,
    COUNT(album) AS album_count 
FROM data 
GROUP BY album 
ORDER BY album_count DESC",MySQLHandler,1697.862148284912,0.6915838800374883,3254.765625,9.932756423950195,0.0,0.0,0.01827526092529297,4.039486885070801,151168,11.28181266784668,False,32G,14
"/* STATS (AVG, SUM, MIN, MAX) FOR COLUMN 'tempo' */ SELECT AVG(tempo) AS avg_tempo, SUM(tempo) AS sum_tempo, MIN(tempo) AS min_tempo, MAX(tempo) AS max_tempo FROM data","-- STATS (AVG, SUM, MIN, MAX) FOR COLUMN 'tempo'
SELECT 
    AVG(tempo) AS avg_tempo,
    SUM(tempo) AS sum_tempo, 
    MIN(tempo) AS min_tempo, 
    MAX(tempo) AS max_tempo 
FROM data",MySQLHandler,458.768367767334,0.7824664377146425,3258.76171875,9.94495153427124,0.0,0.0,0.0016908645629882812,0.0019979476928710938,1,0.000156402587890625,False,32G,14
/* FILTER BY LIKE OPERATOR & 2 CONDITIONS */ SELECT * FROM data WHERE text LIKE '%%love%%' AND tempo < 120,"-- FILTER BY LIKE OPERATOR & 2 CONDITIONS
SELECT * 
FROM data 
WHERE text LIKE '%%love%%'
AND tempo < 120",MySQLHandler,3473.5350608825684,0.6527720611163081,3251.7109375,9.923434257507324,0.0,0.0,1.024932861328125,255.69964408874512,119158,433.5639772415161,False,32G,14
"/* SELF-JOIN ON 'artist' TO FIND DUPLICATE ARTISTS */ SELECT DISTINCT a1.artist_s AS artists, COUNT(*) AS duplicate_count FROM data AS a1 JOIN data AS a2 ON a1.artist_s = a2.artist_s GROUP BY a1.artist_s","-- SELF-JOIN ON 'artist' TO FIND DUPLICATE ARTISTS
SELECT 
    DISTINCT a1.artist_s AS artists, 
    COUNT(*) AS duplicate_count 
FROM data AS a1 
JOIN data AS a2 
ON a1.artist_s = a2.artist_s
GROUP BY a1.artist_s",MySQLHandler,62389.90879058838,0.6101093408309903,3288.59765625,10.036003589630127,0.0,0.0,0.01731395721435547,3.4786558151245117,127197,9.554627418518066,False,32G,14
/* TOP 1000 ROWS */ SELECT * FROM data LIMIT 1000,"-- TOP 1000 ROWS
SELECT * FROM data LIMIT 1000",PostgresHandler,21.461963653564453,0.1428,2076.72265625,6.3376545906066895,0.0,0.0,0.0213470458984375,2.4446020126342773,1000,3.9677934646606445,False,32G,14
/* COUNT ALL */ SELECT COUNT(*) FROM data,"-- COUNT ALL
SELECT COUNT(*) FROM data",PostgresHandler,44.671058654785156,0.1400811232449298,2079.30859375,6.345546245574951,0.0,0.0,0.001827239990234375,0.0023717880249023438,1,0.000133514404296875,False,32G,14
"/* DISTINCT VALUES & COUNT OF 'genre' */ SELECT DISTINCT genre, COUNT(genre) AS genre_count FROM data GROUP BY genre ORDER BY genre_count DESC","-- DISTINCT VALUES & COUNT OF 'genre'
SELECT 
    DISTINCT genre,
    COUNT(genre) AS genre_count 
FROM data 
GROUP BY genre 
ORDER BY genre_count DESC",PostgresHandler,65.76800346374512,2.27787632729544,2081.0546875,6.350874900817871,0.0,0.0,0.0030727386474609375,0.1195974349975586,3097,0.23495960235595703,False,32G,14
"/* DISTINCT VALUES IN COLUMN 'album' */ SELECT DISTINCT album, COUNT(album) AS album_count FROM data GROUP BY album ORDER BY album_count DESC","-- DISTINCT VALUES IN COLUMN 'album'
SELECT 
    DISTINCT album,
    COUNT(album) AS album_count 
FROM data 
GROUP BY album 
ORDER BY album_count DESC",PostgresHandler,572.6475715637207,2.042861605748204,2079.41015625,6.345856189727783,0.0,0.0,0.04587745666503906,5.453701019287109,154682,11.50865650177002,False,32G,14
"/* STATS (AVG, SUM, MIN, MAX) FOR COLUMN 'tempo' */ SELECT AVG(tempo) AS avg_tempo, SUM(tempo) AS sum_tempo, MIN(tempo) AS min_tempo, MAX(tempo) AS max_tempo FROM data","-- STATS (AVG, SUM, MIN, MAX) FOR COLUMN 'tempo'
SELECT 
    AVG(tempo) AS avg_tempo,
    SUM(tempo) AS sum_tempo, 
    MIN(tempo) AS min_tempo, 
    MAX(tempo) AS max_tempo 
FROM data",PostgresHandler,73.98390769958496,2.064154951577632,2089.9140625,6.377911567687988,0.0,0.0,0.0019664764404296875,0.0026187896728515625,1,0.000156402587890625,False,32G,14
/* FILTER BY LIKE OPERATOR & 2 CONDITIONS */ SELECT * FROM data WHERE text LIKE '%%love%%' AND tempo < 120,"-- FILTER BY LIKE OPERATOR & 2 CONDITIONS
SELECT * 
FROM data 
WHERE text LIKE '%%love%%'
AND tempo < 120",PostgresHandler,1620.6896305084229,2.4999375390381013,2097.890625,6.402254104614258,0.0,0.0,2.1014041900634766,264.63377952575684,115044,419.287654876709,False,32G,14
"/* SELF-JOIN ON 'artist' TO FIND DUPLICATE ARTISTS */ SELECT DISTINCT a1.artist_s AS artists, COUNT(*) AS duplicate_count FROM data AS a1 JOIN data AS a2 ON a1.artist_s = a2.artist_s GROUP BY a1.artist_s","-- SELF-JOIN ON 'artist' TO FIND DUPLICATE ARTISTS
SELECT 
    DISTINCT a1.artist_s AS artists, 
    COUNT(*) AS duplicate_count 
FROM data AS a1 
JOIN data AS a2 
ON a1.artist_s = a2.artist_s
GROUP BY a1.artist_s",PostgresHandler,1229.3813228607178,2.315076538581693,2120.453125,6.471109390258789,0.0,0.0,0.03920269012451172,4.5955963134765625,127334,9.563119888305664,False,32G,14
/* TOP 1000 ROWS */ SELECT * FROM data LIMIT 1000,"-- TOP 1000 ROWS
SELECT * FROM data LIMIT 1000",DuckDBHandler,18.43404769897461,0.0049,100.2421875,0.30591487884521484,0.0,0.0,0.0,0.0,1000,3.920193672180176,False,32G,14
/* COUNT ALL */ SELECT COUNT(*) FROM data,"-- COUNT ALL
SELECT COUNT(*) FROM data",DuckDBHandler,2.177715301513672,0.004695597876990322,100.2421875,0.30591487884521484,0.0,0.0,0.0,0.0,1,0.000133514404296875,False,32G,14
"/* DISTINCT VALUES & COUNT OF 'genre' */ SELECT DISTINCT genre, COUNT(genre) AS genre_count FROM data GROUP BY genre ORDER BY genre_count DESC NULLS FIRST","-- DISTINCT VALUES & COUNT OF 'genre'
SELECT 
    DISTINCT genre,
    COUNT(genre) AS genre_count 
FROM data 
GROUP BY genre 
ORDER BY genre_count DESC",DuckDBHandler,9.380340576171875,0.00499843798812871,100.2421875,0.30591487884521484,0.0,0.0,0.0,0.0,3097,0.23495960235595703,False,32G,14
"/* DISTINCT VALUES IN COLUMN 'album' */ SELECT DISTINCT album, COUNT(album) AS album_count FROM data GROUP BY album ORDER BY album_count DESC NULLS FIRST","-- DISTINCT VALUES IN COLUMN 'album'
SELECT 
    DISTINCT album,
    COUNT(album) AS album_count 
FROM data 
GROUP BY album 
ORDER BY album_count DESC",DuckDBHandler,203.6442756652832,0.003697688944409744,100.2421875,0.30591487884521484,0.0,0.0,0.0,0.0,154682,11.50865650177002,False,32G,14
"/* STATS (AVG, SUM, MIN, MAX) FOR COLUMN 'tempo' */ SELECT AVG(tempo) AS avg_tempo, SUM(tempo) AS sum_tempo, MIN(tempo) AS min_tempo, MAX(tempo) AS max_tempo FROM data","-- STATS (AVG, SUM, MIN, MAX) FOR COLUMN 'tempo'
SELECT 
    AVG(tempo) AS avg_tempo,
    SUM(tempo) AS sum_tempo, 
    MIN(tempo) AS min_tempo, 
    MAX(tempo) AS max_tempo 
FROM data",DuckDBHandler,3.0472278594970703,0.006298031865042175,100.2421875,0.30591487884521484,0.0,0.0,0.0,0.0,1,0.000156402587890625,False,32G,14
/* FILTER BY LIKE OPERATOR & 2 CONDITIONS */ SELECT * FROM data WHERE text LIKE '%%love%%' AND tempo < 120,"-- FILTER BY LIKE OPERATOR & 2 CONDITIONS
SELECT * 
FROM data 
WHERE text LIKE '%%love%%'
AND tempo < 120",DuckDBHandler,1896.087884902954,0.005093632958801498,100.2421875,0.30591487884521484,0.0,0.0,0.0,0.0,115044,419.287654876709,False,32G,14
"/* SELF-JOIN ON 'artist' TO FIND DUPLICATE ARTISTS */ SELECT DISTINCT a1.artist_s AS artists, COUNT(*) AS duplicate_count FROM data AS a1 JOIN data AS a2 ON a1.artist_s = a2.artist_s GROUP BY a1.artist_s","-- SELF-JOIN ON 'artist' TO FIND DUPLICATE ARTISTS
SELECT 
    DISTINCT a1.artist_s AS artists, 
    COUNT(*) AS duplicate_count 
FROM data AS a1 
JOIN data AS a2 
ON a1.artist_s = a2.artist_s
GROUP BY a1.artist_s",DuckDBHandler,221.01879119873047,0.004895410552606931,100.2421875,0.30591487884521484,0.0,0.0,0.0,0.0,127334,9.563119888305664,False,32G,14
/* TOP 1000 ROWS */ SELECT * FROM data LIMIT 1000,"-- TOP 1000 ROWS
SELECT * FROM data LIMIT 1000",ClickHouseHandler,34.58046913146973,1.9302967822555452,1665.875,5.0838470458984375,0.0,0.0,0.005476951599121094,2.3305883407592773,1000,3.920193672180176,False,32G,14
/* COUNT ALL */ SELECT COUNT(*) FROM data,"-- COUNT ALL
SELECT COUNT(*) FROM data",ClickHouseHandler,13.132333755493164,4.913164636051234,1644.234375,5.017805099487305,0.0,0.0,0.0028486251831054688,0.0045928955078125,1,0.000133514404296875,False,32G,14
"/* DISTINCT VALUES & COUNT OF 'genre' */ SELECT DISTINCT genre, COUNT(genre) AS genre_count FROM data GROUP BY genre ORDER BY genre_count DESC NULLS FIRST","-- DISTINCT VALUES & COUNT OF 'genre'
SELECT 
    DISTINCT genre,
    COUNT(genre) AS genre_count 
FROM data 
GROUP BY genre 
ORDER BY genre_count DESC",ClickHouseHandler,17.6694393157959,5.852315394242804,1666.36328125,5.085337162017822,0.0,0.0,0.0033159255981445312,0.08259391784667969,3097,0.23495960235595703,False,32G,14
"/* DISTINCT VALUES IN COLUMN 'album' */ SELECT DISTINCT album, COUNT(album) AS album_count FROM data GROUP BY album ORDER BY album_count DESC NULLS FIRST","-- DISTINCT VALUES IN COLUMN 'album'
SELECT 
    DISTINCT album,
    COUNT(album) AS album_count 
FROM data 
GROUP BY album 
ORDER BY album_count DESC",ClickHouseHandler,643.6610221862793,10.320450281425892,1717.34765625,5.240929126739502,0.0,0.0,0.0065326690673828125,3.5093631744384766,154682,11.50868034362793,False,32G,14
"/* STATS (AVG, SUM, MIN, MAX) FOR COLUMN 'tempo' */ SELECT AVG(tempo) AS avg_tempo, SUM(tempo) AS sum_tempo, MIN(tempo) AS min_tempo, MAX(tempo) AS max_tempo FROM data","-- STATS (AVG, SUM, MIN, MAX) FOR COLUMN 'tempo'
SELECT 
    AVG(tempo) AS avg_tempo,
    SUM(tempo) AS sum_tempo, 
    MIN(tempo) AS min_tempo, 
    MAX(tempo) AS max_tempo 
FROM data",ClickHouseHandler,7.74693489074707,5.1084,1688.609375,5.153226852416992,0.0,0.0,0.0027141571044921875,0.0045337677001953125,1,0.000156402587890625,False,32G,14
/* FILTER BY LIKE OPERATOR & 2 CONDITIONS */ SELECT * FROM data WHERE text LIKE '%%love%%' AND tempo < 120,"-- FILTER BY LIKE OPERATOR & 2 CONDITIONS
SELECT * 
FROM data 
WHERE text LIKE '%%love%%'
AND tempo < 120",ClickHouseHandler,3521.949529647827,6.016320400500626,2517.99609375,7.684314250946045,0.0,0.0,0.02211475372314453,251.74744415283203,115044,419.28827476501465,False,32G,14
"/* SELF-JOIN ON 'artist' TO FIND DUPLICATE ARTISTS */ SELECT DISTINCT a1.artist_s AS artists, COUNT(*) AS duplicate_count FROM data AS a1 JOIN data AS a2 ON a1.artist_s = a2.artist_s GROUP BY a1.artist_s","-- SELF-JOIN ON 'artist' TO FIND DUPLICATE ARTISTS
SELECT 
    DISTINCT a1.artist_s AS artists, 
    COUNT(*) AS duplicate_count 
FROM data AS a1 
JOIN data AS a2 
ON a1.artist_s = a2.artist_s
GROUP BY a1.artist_s",ClickHouseHandler,651.5164375305176,9.394807632155146,1914.8671875,5.843710899353027,0.0,0.0,0.030373573303222656,3.034579277038574,127334,9.563119888305664,False,32G,14
/* TOP 1000 ROWS */ SELECT * FROM data LIMIT 1000,"-- TOP 1000 ROWS
SELECT * FROM data LIMIT 1000",MySQLHandler,22.16792106628418,2.7993252108716025,3218.6796875,4.911315441131592,0.0,0.0,0.010937690734863281,2.2875633239746094,1000,3.920193672180176,False,64G,14
/* COUNT ALL */ SELECT COUNT(*) FROM data,"-- COUNT ALL
SELECT COUNT(*) FROM data",MySQLHandler,145.23625373840332,1.5851,3219.62890625,4.912763833999634,0.0,0.0,0.0014886856079101562,0.0018167495727539062,1,0.000133514404296875,False,64G,14
"/* DISTINCT VALUES & COUNT OF 'genre' */ SELECT DISTINCT genre, COUNT(genre) AS genre_count FROM data GROUP BY genre ORDER BY CASE WHEN genre_count IS NULL THEN 1 ELSE 0 END DESC, genre_count DESC","-- DISTINCT VALUES & COUNT OF 'genre'
SELECT 
    DISTINCT genre,
    COUNT(genre) AS genre_count 
FROM data 
GROUP BY genre 
ORDER BY genre_count DESC",MySQLHandler,1036.306381225586,0.7015423040899157,3236.1953125,4.938042163848877,0.0,0.0,0.00254058837890625,0.09221267700195312,3097,0.23495960235595703,False,64G,14
"/* DISTINCT VALUES IN COLUMN 'album' */ SELECT DISTINCT album, COUNT(album) AS album_count FROM data GROUP BY album ORDER BY CASE WHEN album_count IS NULL THEN 1 ELSE 0 END DESC, album_count DESC","-- DISTINCT VALUES IN COLUMN 'album'
SELECT 
    DISTINCT album,
    COUNT(album) AS album_count 
FROM data 
GROUP BY album 
ORDER BY album_count DESC",MySQLHandler,1721.8656539916992,0.6795629097720887,3264.81640625,4.981714487075806,0.0,0.0,0.01827526092529297,4.039486885070801,151168,11.28181266784668,False,64G,14
"/* STATS (AVG, SUM, MIN, MAX) FOR COLUMN 'tempo' */ SELECT AVG(tempo) AS avg_tempo, SUM(tempo) AS sum_tempo, MIN(tempo) AS min_tempo, MAX(tempo) AS max_tempo FROM data","-- STATS (AVG, SUM, MIN, MAX) FOR COLUMN 'tempo'
SELECT 
    AVG(tempo) AS avg_tempo,
    SUM(tempo) AS sum_tempo, 
    MIN(tempo) AS min_tempo, 
    MAX(tempo) AS max_tempo 
FROM data",MySQLHandler,428.6017417907715,0.6853291731669267,3264.84375,4.981756210327148,0.0,0.0,0.0016279220581054688,0.0019350051879882812,1,0.000156402587890625,False,64G,14
/* FILTER BY LIKE OPERATOR & 2 CONDITIONS */ SELECT * FROM data WHERE text LIKE '%%love%%' AND tempo < 120,"-- FILTER BY LIKE OPERATOR & 2 CONDITIONS
SELECT * 
FROM data 
WHERE text LIKE '%%love%%'
AND tempo < 120",MySQLHandler,3509.3019008636475,0.6007122774133083,3251.69140625,4.961687326431274,0.0,0.0,1.0256881713867188,255.69964408874512,119158,433.5639772415161,False,64G,14
"/* SELF-JOIN ON 'artist' TO FIND DUPLICATE ARTISTS */ SELECT DISTINCT a1.artist_s AS artists, COUNT(*) AS duplicate_count FROM data AS a1 JOIN data AS a2 ON a1.artist_s = a2.artist_s GROUP BY a1.artist_s","-- SELF-JOIN ON 'artist' TO FIND DUPLICATE ARTISTS
SELECT 
    DISTINCT a1.artist_s AS artists, 
    COUNT(*) AS duplicate_count 
FROM data AS a1 
JOIN data AS a2 
ON a1.artist_s = a2.artist_s
GROUP BY a1.artist_s",MySQLHandler,62200.945138931274,0.5848517015298158,3288.640625,5.018067359924316,0.0,0.0,0.01735401153564453,3.478695869445801,127197,9.554627418518066,False,64G,14
/* TOP 1000 ROWS */ SELECT * FROM data LIMIT 1000,"-- TOP 1000 ROWS
SELECT * FROM data LIMIT 1000",PostgresHandler,20.446062088012695,0.1480925578486554,2076.7265625,3.1688332557678223,0.0,0.0,0.0213470458984375,2.4446020126342773,1000,3.9677934646606445,False,64G,14
/* COUNT ALL */ SELECT COUNT(*) FROM data,"-- COUNT ALL
SELECT COUNT(*) FROM data",PostgresHandler,47.71733283996582,0.16389756402248595,2079.21484375,3.1726300716400146,0.0,0.0,0.001827239990234375,0.0024976730346679688,1,0.000133514404296875,False,64G,14
"/* DISTINCT VALUES & COUNT OF 'genre' */ SELECT DISTINCT genre, COUNT(genre) AS genre_count FROM data GROUP BY genre ORDER BY genre_count DESC","-- DISTINCT VALUES & COUNT OF 'genre'
SELECT 
    DISTINCT genre,
    COUNT(genre) AS genre_count 
FROM data 
GROUP BY genre 
ORDER BY genre_count DESC",PostgresHandler,66.4513111114502,2.193572542901716,2081.3359375,3.1758666038513184,0.0,0.0,0.0030727386474609375,0.1195974349975586,3097,0.23495960235595703,False,64G,14
"/* DISTINCT VALUES IN COLUMN 'album' */ SELECT DISTINCT album, COUNT(album) AS album_count FROM data GROUP BY album ORDER BY album_count DESC","-- DISTINCT VALUES IN COLUMN 'album'
SELECT 
    DISTINCT album,
    COUNT(album) AS album_count 
FROM data 
GROUP BY album 
ORDER BY album_count DESC",PostgresHandler,596.646785736084,2.2375007810059353,2084.99609375,3.1814515590667725,0.0,0.0,0.045940399169921875,5.453701019287109,154682,11.50865650177002,False,64G,14
"/* STATS (AVG, SUM, MIN, MAX) FOR COLUMN 'tempo' */ SELECT AVG(tempo) AS avg_tempo, SUM(tempo) AS sum_tempo, MIN(tempo) AS min_tempo, MAX(tempo) AS max_tempo FROM data","-- STATS (AVG, SUM, MIN, MAX) FOR COLUMN 'tempo'
SELECT 
    AVG(tempo) AS avg_tempo,
    SUM(tempo) AS sum_tempo, 
    MIN(tempo) AS min_tempo, 
    MAX(tempo) AS max_tempo 
FROM data",PostgresHandler,76.42459869384766,2.0004748516088724,2094.98046875,3.1966865062713623,0.0,0.0,0.0019664764404296875,0.0026187896728515625,1,0.000156402587890625,False,64G,14
/* FILTER BY LIKE OPERATOR & 2 CONDITIONS */ SELECT * FROM data WHERE text LIKE '%%love%%' AND tempo < 120,"-- FILTER BY LIKE OPERATOR & 2 CONDITIONS
SELECT * 
FROM data 
WHERE text LIKE '%%love%%'
AND tempo < 120",PostgresHandler,1627.5925636291504,2.0386629178381757,2086.67578125,3.1840145587921143,0.0,0.0,2.0960540771484375,264.6334648132324,115044,419.287654876709,False,64G,14
"/* SELF-JOIN ON 'artist' TO FIND DUPLICATE ARTISTS */ SELECT DISTINCT a1.artist_s AS artists, COUNT(*) AS duplicate_count FROM data AS a1 JOIN data AS a2 ON a1.artist_s = a2.artist_s GROUP BY a1.artist_s","-- SELF-JOIN ON 'artist' TO FIND DUPLICATE ARTISTS
SELECT 
    DISTINCT a1.artist_s AS artists, 
    COUNT(*) AS duplicate_count 
FROM data AS a1 
JOIN data AS a2 
ON a1.artist_s = a2.artist_s
GROUP BY a1.artist_s",PostgresHandler,1229.0923595428467,1.9345,2120.46484375,3.235572576522827,0.0,0.0,0.03920269012451172,4.5955963134765625,127334,9.563119888305664,False,64G,14
/* TOP 1000 ROWS */ SELECT * FROM data LIMIT 1000,"-- TOP 1000 ROWS
SELECT * FROM data LIMIT 1000",DuckDBHandler,18.777132034301758,0.004498594189315839,100.22265625,0.15292763710021973,0.0,0.0,0.0,0.0,1000,3.920193672180176,False,64G,14
/* COUNT ALL */ SELECT COUNT(*) FROM data,"-- COUNT ALL
SELECT COUNT(*) FROM data",DuckDBHandler,2.195596694946289,0.004495785201373712,100.22265625,0.15292763710021973,0.0,0.0,0.0,0.0,1,0.000133514404296875,False,64G,14
"/* DISTINCT VALUES & COUNT OF 'genre' */ SELECT DISTINCT genre, COUNT(genre) AS genre_count FROM data GROUP BY genre ORDER BY genre_count DESC NULLS FIRST","-- DISTINCT VALUES & COUNT OF 'genre'
SELECT 
    DISTINCT genre,
    COUNT(genre) AS genre_count 
FROM data 
GROUP BY genre 
ORDER BY genre_count DESC",DuckDBHandler,10.058403015136719,0.0024000000000000002,100.22265625,0.15292763710021973,0.0,0.0,0.0,0.0,3097,0.23495960235595703,False,64G,14
"/* DISTINCT VALUES IN COLUMN 'album' */ SELECT DISTINCT album, COUNT(album) AS album_count FROM data GROUP BY album ORDER BY album_count DESC NULLS FIRST","-- DISTINCT VALUES IN COLUMN 'album'
SELECT 
    DISTINCT album,
    COUNT(album) AS album_count 
FROM data 
GROUP BY album 
ORDER BY album_count DESC",DuckDBHandler,225.99506378173828,0.0050031269543464665,100.22265625,0.15292763710021973,0.0,0.0,0.0,0.0,154682,11.50865650177002,False,64G,14
"/* STATS (AVG, SUM, MIN, MAX) FOR COLUMN 'tempo' */ SELECT AVG(tempo) AS avg_tempo, SUM(tempo) AS sum_tempo, MIN(tempo) AS min_tempo, MAX(tempo) AS max_tempo FROM data","-- STATS (AVG, SUM, MIN, MAX) FOR COLUMN 'tempo'
SELECT 
    AVG(tempo) AS avg_tempo,
    SUM(tempo) AS sum_tempo, 
    MIN(tempo) AS min_tempo, 
    MAX(tempo) AS max_tempo 
FROM data",DuckDBHandler,2.933025360107422,0.006200000000000001,100.22265625,0.15292763710021973,0.0,0.0,0.0,0.0,1,0.000156402587890625,False,64G,14
/* FILTER BY LIKE OPERATOR & 2 CONDITIONS */ SELECT * FROM data WHERE text LIKE '%%love%%' AND tempo < 120,"-- FILTER BY LIKE OPERATOR & 2 CONDITIONS
SELECT * 
FROM data 
WHERE text LIKE '%%love%%'
AND tempo < 120",DuckDBHandler,1895.4896926879883,0.0050031269543464665,100.22265625,0.15292763710021973,0.0,0.0,0.0,0.0,115044,419.287654876709,False,64G,14
"/* SELF-JOIN ON 'artist' TO FIND DUPLICATE ARTISTS */ SELECT DISTINCT a1.artist_s AS artists, COUNT(*) AS duplicate_count FROM data AS a1 JOIN data AS a2 ON a1.artist_s = a2.artist_s GROUP BY a1.artist_s","-- SELF-JOIN ON 'artist' TO FIND DUPLICATE ARTISTS
SELECT 
    DISTINCT a1.artist_s AS artists, 
    COUNT(*) AS duplicate_count 
FROM data AS a1 
JOIN data AS a2 
ON a1.artist_s = a2.artist_s
GROUP BY a1.artist_s",DuckDBHandler,153.14197540283203,0.005095223228223541,100.22265625,0.15292763710021973,0.0,0.0,0.0,0.0,127334,9.563119888305664,False,64G,14
/* TOP 1000 ROWS */ SELECT * FROM data LIMIT 1000,"-- TOP 1000 ROWS
SELECT * FROM data LIMIT 1000",ClickHouseHandler,34.030914306640625,5.4526315789473685,1658.1875,2.530193328857422,0.0,0.0,0.005791664123535156,2.330714225769043,1000,3.920193672180176,False,64G,14
/* COUNT ALL */ SELECT COUNT(*) FROM data,"-- COUNT ALL
SELECT COUNT(*) FROM data",ClickHouseHandler,14.28985595703125,5.323517996870109,1648.109375,2.514815330505371,0.0,0.0,0.0025739669799804688,0.004456520080566406,1,0.000133514404296875,False,64G,14
"/* DISTINCT VALUES & COUNT OF 'genre' */ SELECT DISTINCT genre, COUNT(genre) AS genre_count FROM data GROUP BY genre ORDER BY genre_count DESC NULLS FIRST","-- DISTINCT VALUES & COUNT OF 'genre'
SELECT 
    DISTINCT genre,
    COUNT(genre) AS genre_count 
FROM data 
GROUP BY genre 
ORDER BY genre_count DESC",ClickHouseHandler,16.536235809326172,4.9661557710353454,1664.76953125,2.540236711502075,0.0,0.0,0.0034379959106445312,0.08271980285644531,3097,0.23495960235595703,False,64G,14
"/* DISTINCT VALUES IN COLUMN 'album' */ SELECT DISTINCT album, COUNT(album) AS album_count FROM data GROUP BY album ORDER BY album_count DESC NULLS FIRST","-- DISTINCT VALUES IN COLUMN 'album'
SELECT 
    DISTINCT album,
    COUNT(album) AS album_count 
FROM data 
GROUP BY album 
ORDER BY album_count DESC",ClickHouseHandler,645.7734107971191,10.012315394242803,1727.56640625,2.636057138442993,0.0,0.0,0.0064067840576171875,3.5093631744384766,154682,11.50868034362793,False,64G,14
"/* STATS (AVG, SUM, MIN, MAX) FOR COLUMN 'tempo' */ SELECT AVG(tempo) AS avg_tempo, SUM(tempo) AS sum_tempo, MIN(tempo) AS min_tempo, MAX(tempo) AS max_tempo FROM data","-- STATS (AVG, SUM, MIN, MAX) FOR COLUMN 'tempo'
SELECT 
    AVG(tempo) AS avg_tempo,
    SUM(tempo) AS sum_tempo, 
    MIN(tempo) AS min_tempo, 
    MAX(tempo) AS max_tempo 
FROM data",ClickHouseHandler,7.386684417724609,4.714146341463414,1679.09765625,2.5620996952056885,0.0,0.0,0.002777099609375,0.004596710205078125,1,0.000156402587890625,False,64G,14
/* FILTER BY LIKE OPERATOR & 2 CONDITIONS */ SELECT * FROM data WHERE text LIKE '%%love%%' AND tempo < 120,"-- FILTER BY LIKE OPERATOR & 2 CONDITIONS
SELECT * 
FROM data 
WHERE text LIKE '%%love%%'
AND tempo < 120",ClickHouseHandler,3522.719144821167,8.051732332707942,2276.12109375,3.4730851650238037,0.0,0.0,0.025536537170410156,251.77489471435547,115044,419.28827476501465,False,64G,14
"/* SELF-JOIN ON 'artist' TO FIND DUPLICATE ARTISTS */ SELECT DISTINCT a1.artist_s AS artists, COUNT(*) AS duplicate_count FROM data AS a1 JOIN data AS a2 ON a1.artist_s = a2.artist_s GROUP BY a1.artist_s","-- SELF-JOIN ON 'artist' TO FIND DUPLICATE ARTISTS
SELECT 
    DISTINCT a1.artist_s AS artists, 
    COUNT(*) AS duplicate_count 
FROM data AS a1 
JOIN data AS a2 
ON a1.artist_s = a2.artist_s
GROUP BY a1.artist_s",ClickHouseHandler,659.9729061126709,6.954065727699531,1801.60546875,2.7490317821502686,0.0,0.0,0.03326892852783203,3.0335092544555664,127334,9.563119888305664,False,64G,14
/* TOP 1000 ROWS */ SELECT * FROM data LIMIT 1000,"-- TOP 1000 ROWS
SELECT * FROM data LIMIT 1000",MySQLHandler,23.45728874206543,2.534208059981256,2047.41796875,99.9715805053711,0.0,0.0,0.010874748229980469,2.2875003814697266,1000,3.920193672180176,False,2G,18
/* COUNT ALL */ SELECT COUNT(*) FROM data,"-- COUNT ALL
SELECT COUNT(*) FROM data",MySQLHandler,149.37376976013184,1.1807620237351655,2046.56640625,99.93000030517578,0.0,0.0,0.0014886856079101562,0.0018167495727539062,1,0.000133514404296875,False,2G,18
"/* DISTINCT VALUES & COUNT OF 'genre' */ SELECT DISTINCT genre, COUNT(genre) AS genre_count FROM data GROUP BY genre ORDER BY CASE WHEN genre_count IS NULL THEN 1 ELSE 0 END DESC, genre_count DESC","-- DISTINCT VALUES & COUNT OF 'genre'
SELECT 
    DISTINCT genre,
    COUNT(genre) AS genre_count 
FROM data 
GROUP BY genre 
ORDER BY genre_count DESC",MySQLHandler,1086.0631465911865,0.6600623830318153,2047.62890625,99.98188018798828,0.0,0.0,0.00254058837890625,0.09221267700195312,3097,0.23495960235595703,False,2G,18
"/* DISTINCT VALUES IN COLUMN 'album' */ SELECT DISTINCT album, COUNT(album) AS album_count FROM data GROUP BY album ORDER BY CASE WHEN album_count IS NULL THEN 1 ELSE 0 END DESC, album_count DESC","-- DISTINCT VALUES IN COLUMN 'album'
SELECT 
    DISTINCT album,
    COUNT(album) AS album_count 
FROM data 
GROUP BY album 
ORDER BY album_count DESC",MySQLHandler,1764.740228652954,0.6210296411856474,2047.234375,99.96261596679688,0.0,0.0,0.01827526092529297,4.039486885070801,151168,11.28181266784668,False,2G,18
"/* STATS (AVG, SUM, MIN, MAX) FOR COLUMN 'tempo' */ SELECT AVG(tempo) AS avg_tempo, SUM(tempo) AS sum_tempo, MIN(tempo) AS min_tempo, MAX(tempo) AS max_tempo FROM data","-- STATS (AVG, SUM, MIN, MAX) FOR COLUMN 'tempo'
SELECT 
    AVG(tempo) AS avg_tempo,
    SUM(tempo) AS sum_tempo, 
    MIN(tempo) AS min_tempo, 
    MAX(tempo) AS max_tempo 
FROM data",MySQLHandler,450.52218437194824,0.6199313572542902,2047.42578125,99.97196197509766,0.0,0.0,0.0016279220581054688,0.0019350051879882812,1,0.000156402587890625,False,2G,18
/* FILTER BY LIKE OPERATOR & 2 CONDITIONS */ SELECT * FROM data WHERE text LIKE '%%love%%' AND tempo < 120,"-- FILTER BY LIKE OPERATOR & 2 CONDITIONS
SELECT * 
FROM data 
WHERE text LIKE '%%love%%'
AND tempo < 120",MySQLHandler,3511.216878890991,0.5888,2034.6796875,99.34959411621094,0.0,0.0,1.0263175964355469,255.69964408874512,119158,433.5639772415161,False,2G,18
"/* SELF-JOIN ON 'artist' TO FIND DUPLICATE ARTISTS */ SELECT DISTINCT a1.artist_s AS artists, COUNT(*) AS duplicate_count FROM data AS a1 JOIN data AS a2 ON a1.artist_s = a2.artist_s GROUP BY a1.artist_s","-- SELF-JOIN ON 'artist' TO FIND DUPLICATE ARTISTS
SELECT 
    DISTINCT a1.artist_s AS artists, 
    COUNT(*) AS duplicate_count 
FROM data AS a1 
JOIN data AS a2 
ON a1.artist_s = a2.artist_s
GROUP BY a1.artist_s",MySQLHandler,62756.81924819946,0.8040487347703842,2013.2109375,98.30131530761719,0.0,0.0,0.01701831817626953,3.4786787033081055,127197,9.554627418518066,False,2G,18
/* TOP 1000 ROWS */ SELECT * FROM data LIMIT 1000,"-- TOP 1000 ROWS
SELECT * FROM data LIMIT 1000",PostgresHandler,21.72708511352539,0.2089,2038.39453125,99.5309829711914,0.0,0.0,0.0213470458984375,2.4446020126342773,1000,3.9677934646606445,False,2G,18
/* COUNT ALL */ SELECT COUNT(*) FROM data,"-- COUNT ALL
SELECT COUNT(*) FROM data",PostgresHandler,46.271324157714844,0.15520299812617114,2040.8671875,99.65171813964844,0.0,0.0,0.001827239990234375,0.0023717880249023438,1,0.000133514404296875,False,2G,18
"/* DISTINCT VALUES & COUNT OF 'genre' */ SELECT DISTINCT genre, COUNT(genre) AS genre_count FROM data GROUP BY genre ORDER BY genre_count DESC","-- DISTINCT VALUES & COUNT OF 'genre'
SELECT 
    DISTINCT genre,
    COUNT(genre) AS genre_count 
FROM data 
GROUP BY genre 
ORDER BY genre_count DESC",PostgresHandler,67.26861000061035,2.2553807740324596,2039.0078125,99.56092834472656,0.0,0.0,0.003139495849609375,0.1195974349975586,3097,0.23495960235595703,False,2G,18
"/* DISTINCT VALUES IN COLUMN 'album' */ SELECT DISTINCT album, COUNT(album) AS album_count FROM data GROUP BY album ORDER BY album_count DESC","-- DISTINCT VALUES IN COLUMN 'album'
SELECT 
    DISTINCT album,
    COUNT(album) AS album_count 
FROM data 
GROUP BY album 
ORDER BY album_count DESC",PostgresHandler,585.0861072540283,2.285485785691971,1992.45703125,97.2879409790039,0.0,0.0,0.04600334167480469,5.453763961791992,154682,11.50865650177002,False,2G,18
"/* STATS (AVG, SUM, MIN, MAX) FOR COLUMN 'tempo' */ SELECT AVG(tempo) AS avg_tempo, SUM(tempo) AS sum_tempo, MIN(tempo) AS min_tempo, MAX(tempo) AS max_tempo FROM data","-- STATS (AVG, SUM, MIN, MAX) FOR COLUMN 'tempo'
SELECT 
    AVG(tempo) AS avg_tempo,
    SUM(tempo) AS sum_tempo, 
    MIN(tempo) AS min_tempo, 
    MAX(tempo) AS max_tempo 
FROM data",PostgresHandler,83.85658264160156,2.135398064314705,2003.2734375,97.81608581542969,0.0,0.0,0.0019664764404296875,0.0026187896728515625,1,0.000156402587890625,False,2G,18
/* FILTER BY LIKE OPERATOR & 2 CONDITIONS */ SELECT * FROM data WHERE text LIKE '%%love%%' AND tempo < 120,"-- FILTER BY LIKE OPERATOR & 2 CONDITIONS
SELECT * 
FROM data 
WHERE text LIKE '%%love%%'
AND tempo < 120",PostgresHandler,1659.5160961151123,2.640149906308557,2019.8984375,98.62785339355469,0.0,0.0,2.0942516326904297,264.6412467956543,115044,419.287654876709,False,2G,18
"/* SELF-JOIN ON 'artist' TO FIND DUPLICATE ARTISTS */ SELECT DISTINCT a1.artist_s AS artists, COUNT(*) AS duplicate_count FROM data AS a1 JOIN data AS a2 ON a1.artist_s = a2.artist_s GROUP BY a1.artist_s","-- SELF-JOIN ON 'artist' TO FIND DUPLICATE ARTISTS
SELECT 
    DISTINCT a1.artist_s AS artists, 
    COUNT(*) AS duplicate_count 
FROM data AS a1 
JOIN data AS a2 
ON a1.artist_s = a2.artist_s
GROUP BY a1.artist_s",PostgresHandler,1266.0329341888428,2.409241336247268,1918.15625,93.65997314453125,0.0,0.0,0.039139747619628906,4.595521926879883,127334,9.563119888305664,False,2G,18
/* TOP 1000 ROWS */ SELECT * FROM data LIMIT 1000,"-- TOP 1000 ROWS
SELECT * FROM data LIMIT 1000",DuckDBHandler,19.566059112548828,0.0042986566697906905,100.1953125,4.8923492431640625,0.0,0.0,0.0,0.0,1000,3.920193672180176,False,2G,18
/* COUNT ALL */ SELECT COUNT(*) FROM data,"-- COUNT ALL
SELECT COUNT(*) FROM data",DuckDBHandler,2.2907257080078125,0.0046014379493591745,100.1953125,4.8923492431640625,0.0,0.0,0.0,0.0,1,0.000133514404296875,False,2G,18
"/* DISTINCT VALUES & COUNT OF 'genre' */ SELECT DISTINCT genre, COUNT(genre) AS genre_count FROM data GROUP BY genre ORDER BY genre_count DESC NULLS FIRST","-- DISTINCT VALUES & COUNT OF 'genre'
SELECT 
    DISTINCT genre,
    COUNT(genre) AS genre_count 
FROM data 
GROUP BY genre 
ORDER BY genre_count DESC",DuckDBHandler,10.354280471801758,0.004697064334790756,100.1953125,4.8923492431640625,0.0,0.0,0.0,0.0,3097,0.23495960235595703,False,2G,18
"/* DISTINCT VALUES IN COLUMN 'album' */ SELECT DISTINCT album, COUNT(album) AS album_count FROM data GROUP BY album ORDER BY album_count DESC NULLS FIRST","-- DISTINCT VALUES IN COLUMN 'album'
SELECT 
    DISTINCT album,
    COUNT(album) AS album_count 
FROM data 
GROUP BY album 
ORDER BY album_count DESC",DuckDBHandler,201.4014720916748,0.004194756554307116,100.1953125,4.8923492431640625,0.0,0.0,0.0,0.0,154682,11.50865650177002,False,2G,18
"/* STATS (AVG, SUM, MIN, MAX) FOR COLUMN 'tempo' */ SELECT AVG(tempo) AS avg_tempo, SUM(tempo) AS sum_tempo, MIN(tempo) AS min_tempo, MAX(tempo) AS max_tempo FROM data","-- STATS (AVG, SUM, MIN, MAX) FOR COLUMN 'tempo'
SELECT 
    AVG(tempo) AS avg_tempo,
    SUM(tempo) AS sum_tempo, 
    MIN(tempo) AS min_tempo, 
    MAX(tempo) AS max_tempo 
FROM data",DuckDBHandler,3.1304359436035156,0.004295972525757102,100.1953125,4.8923492431640625,0.0,0.0,0.0,0.0,1,0.000156402587890625,False,2G,18
/* FILTER BY LIKE OPERATOR & 2 CONDITIONS */ SELECT * FROM data WHERE text LIKE '%%love%%' AND tempo < 120,"-- FILTER BY LIKE OPERATOR & 2 CONDITIONS
SELECT * 
FROM data 
WHERE text LIKE '%%love%%'
AND tempo < 120",DuckDBHandler,1901.2219905853271,0.004293291731669266,100.1953125,4.8923492431640625,0.0,0.0,6.67572021484375e-05,0.0,115044,419.287654876709,False,2G,18
"/* SELF-JOIN ON 'artist' TO FIND DUPLICATE ARTISTS */ SELECT DISTINCT a1.artist_s AS artists, COUNT(*) AS duplicate_count FROM data AS a1 JOIN data AS a2 ON a1.artist_s = a2.artist_s GROUP BY a1.artist_s","-- SELF-JOIN ON 'artist' TO FIND DUPLICATE ARTISTS
SELECT 
    DISTINCT a1.artist_s AS artists, 
    COUNT(*) AS duplicate_count 
FROM data AS a1 
JOIN data AS a2 
ON a1.artist_s = a2.artist_s
GROUP BY a1.artist_s",DuckDBHandler,155.74145317077637,0.0044943820224719105,100.1953125,4.8923492431640625,0.0,0.0,0.0,0.0,127334,9.563119888305664,False,2G,18
/* TOP 1000 ROWS */ SELECT * FROM data LIMIT 1000,"-- TOP 1000 ROWS
SELECT * FROM data LIMIT 1000",MySQLHandler,23.241281509399414,1.133854329477962,3218.3984375,78.57418060302734,0.0,0.0,0.010874748229980469,2.2875003814697266,1000,3.920193672180176,False,4G,18
/* COUNT ALL */ SELECT COUNT(*) FROM data,"-- COUNT ALL
SELECT COUNT(*) FROM data",MySQLHandler,140.6087875366211,0.7690596688534832,3219.8125,78.60870361328125,0.0,0.0,0.0014886856079101562,0.0018167495727539062,1,0.000133514404296875,False,4G,18
"/* DISTINCT VALUES & COUNT OF 'genre' */ SELECT DISTINCT genre, COUNT(genre) AS genre_count FROM data GROUP BY genre ORDER BY CASE WHEN genre_count IS NULL THEN 1 ELSE 0 END DESC, genre_count DESC","-- DISTINCT VALUES & COUNT OF 'genre'
SELECT 
    DISTINCT genre,
    COUNT(genre) AS genre_count 
FROM data 
GROUP BY genre 
ORDER BY genre_count DESC",MySQLHandler,1015.4366493225098,0.7574632927210246,3236.06640625,79.00552749633789,0.0,0.0,0.0023517608642578125,0.09203433990478516,3097,0.23495960235595703,False,4G,18
"/* DISTINCT VALUES IN COLUMN 'album' */ SELECT DISTINCT album, COUNT(album) AS album_count FROM data GROUP BY album ORDER BY CASE WHEN album_count IS NULL THEN 1 ELSE 0 END DESC, album_count DESC","-- DISTINCT VALUES IN COLUMN 'album'
SELECT 
    DISTINCT album,
    COUNT(album) AS album_count 
FROM data 
GROUP BY album 
ORDER BY album_count DESC",MySQLHandler,1755.948543548584,0.680587316463605,3251.80078125,79.38966751098633,0.0,0.0,0.01852703094482422,4.039728164672852,151168,11.28181266784668,False,4G,18
"/* STATS (AVG, SUM, MIN, MAX) FOR COLUMN 'tempo' */ SELECT AVG(tempo) AS avg_tempo, SUM(tempo) AS sum_tempo, MIN(tempo) AS min_tempo, MAX(tempo) AS max_tempo FROM data","-- STATS (AVG, SUM, MIN, MAX) FOR COLUMN 'tempo'
SELECT 
    AVG(tempo) AS avg_tempo,
    SUM(tempo) AS sum_tempo, 
    MIN(tempo) AS min_tempo, 
    MAX(tempo) AS max_tempo 
FROM data",MySQLHandler,441.35117530822754,0.8126841448189762,3252.85546875,79.4154167175293,0.0,0.0,0.0016279220581054688,0.0019350051879882812,1,0.000156402587890625,False,4G,18
/* FILTER BY LIKE OPERATOR & 2 CONDITIONS */ SELECT * FROM data WHERE text LIKE '%%love%%' AND tempo < 120,"-- FILTER BY LIKE OPERATOR & 2 CONDITIONS
SELECT * 
FROM data 
WHERE text LIKE '%%love%%'
AND tempo < 120",MySQLHandler,3471.6145992279053,0.6796752029981262,3251.79296875,79.38947677612305,0.0,0.0,1.025625228881836,255.69964408874512,119158,433.5639772415161,False,4G,18
"/* SELF-JOIN ON 'artist' TO FIND DUPLICATE ARTISTS */ SELECT DISTINCT a1.artist_s AS artists, COUNT(*) AS duplicate_count FROM data AS a1 JOIN data AS a2 ON a1.artist_s = a2.artist_s GROUP BY a1.artist_s","-- SELF-JOIN ON 'artist' TO FIND DUPLICATE ARTISTS
SELECT 
    DISTINCT a1.artist_s AS artists, 
    COUNT(*) AS duplicate_count 
FROM data AS a1 
JOIN data AS a2 
ON a1.artist_s = a2.artist_s
GROUP BY a1.artist_s",MySQLHandler,62204.148292541504,0.6672085026570803,3288.5703125,80.28736114501953,0.0,0.0,0.017416954040527344,3.4787588119506836,127197,9.554627418518066,False,4G,18
/* TOP 1000 ROWS */ SELECT * FROM data LIMIT 1000,"-- TOP 1000 ROWS
SELECT * FROM data LIMIT 1000",PostgresHandler,21.11363410949707,0.13645735707591378,2076.74609375,50.70180892944336,0.0,0.0,0.020969390869140625,2.444350242614746,1000,3.9677934646606445,False,4G,18
/* COUNT ALL */ SELECT COUNT(*) FROM data,"-- COUNT ALL
SELECT COUNT(*) FROM data",PostgresHandler,46.4015007019043,0.12995938769134646,2079.015625,50.75721740722656,0.0,0.0,0.001827239990234375,0.0023717880249023438,1,0.000133514404296875,False,4G,18
"/* DISTINCT VALUES & COUNT OF 'genre' */ SELECT DISTINCT genre, COUNT(genre) AS genre_count FROM data GROUP BY genre ORDER BY genre_count DESC","-- DISTINCT VALUES & COUNT OF 'genre'
SELECT 
    DISTINCT genre,
    COUNT(genre) AS genre_count 
FROM data 
GROUP BY genre 
ORDER BY genre_count DESC",PostgresHandler,67.76690483093262,1.9042098688319802,2078.99609375,50.75674057006836,0.0,0.0,0.0032663345336914062,0.1196603775024414,3097,0.23495960235595703,False,4G,18
"/* DISTINCT VALUES IN COLUMN 'album' */ SELECT DISTINCT album, COUNT(album) AS album_count FROM data GROUP BY album ORDER BY album_count DESC","-- DISTINCT VALUES IN COLUMN 'album'
SELECT 
    DISTINCT album,
    COUNT(album) AS album_count 
FROM data 
GROUP BY album 
ORDER BY album_count DESC",PostgresHandler,582.669734954834,2.0583135540287323,2079.203125,50.76179504394531,0.0,0.0,0.045940399169921875,5.453638076782227,154682,11.50865650177002,False,4G,18
"/* STATS (AVG, SUM, MIN, MAX) FOR COLUMN 'tempo' */ SELECT AVG(tempo) AS avg_tempo, SUM(tempo) AS sum_tempo, MIN(tempo) AS min_tempo, MAX(tempo) AS max_tempo FROM data","-- STATS (AVG, SUM, MIN, MAX) FOR COLUMN 'tempo'
SELECT 
    AVG(tempo) AS avg_tempo,
    SUM(tempo) AS sum_tempo, 
    MIN(tempo) AS min_tempo, 
    MAX(tempo) AS max_tempo 
FROM data",PostgresHandler,72.76368141174316,1.9284893882646692,2090.10546875,51.0279655456543,0.0,0.0,0.0019664764404296875,0.0026187896728515625,1,0.000156402587890625,False,4G,18
/* FILTER BY LIKE OPERATOR & 2 CONDITIONS */ SELECT * FROM data WHERE text LIKE '%%love%%' AND tempo < 120,"-- FILTER BY LIKE OPERATOR & 2 CONDITIONS
SELECT * 
FROM data 
WHERE text LIKE '%%love%%'
AND tempo < 120",PostgresHandler,1627.6144981384277,2.4248267249453637,2098.05859375,51.22213363647461,0.0,0.0,2.0965576171875,264.63415718078613,115044,419.287654876709,False,4G,18
"/* SELF-JOIN ON 'artist' TO FIND DUPLICATE ARTISTS */ SELECT DISTINCT a1.artist_s AS artists, COUNT(*) AS duplicate_count FROM data AS a1 JOIN data AS a2 ON a1.artist_s = a2.artist_s GROUP BY a1.artist_s","-- SELF-JOIN ON 'artist' TO FIND DUPLICATE ARTISTS
SELECT 
    DISTINCT a1.artist_s AS artists, 
    COUNT(*) AS duplicate_count 
FROM data AS a1 
JOIN data AS a2 
ON a1.artist_s = a2.artist_s
GROUP BY a1.artist_s",PostgresHandler,1246.9360828399658,3.213395813808185,2120.5390625,51.770973205566406,0.0,0.0,0.03920269012451172,4.595521926879883,127334,9.563119888305664,False,4G,18
/* TOP 1000 ROWS */ SELECT * FROM data LIMIT 1000,"-- TOP 1000 ROWS
SELECT * FROM data LIMIT 1000",DuckDBHandler,19.03367042541504,0.004096159850140493,100.18359375,2.4458885192871094,0.0,0.0,0.0,0.0,1000,3.920193672180176,False,4G,18
/* COUNT ALL */ SELECT COUNT(*) FROM data,"-- COUNT ALL
SELECT COUNT(*) FROM data",DuckDBHandler,2.2156238555908203,0.0051,100.18359375,2.4458885192871094,0.0,0.0,0.0,0.0,1,0.000133514404296875,False,4G,18
"/* DISTINCT VALUES & COUNT OF 'genre' */ SELECT DISTINCT genre, COUNT(genre) AS genre_count FROM data GROUP BY genre ORDER BY genre_count DESC NULLS FIRST","-- DISTINCT VALUES & COUNT OF 'genre'
SELECT 
    DISTINCT genre,
    COUNT(genre) AS genre_count 
FROM data 
GROUP BY genre 
ORDER BY genre_count DESC",DuckDBHandler,9.490251541137695,0.0042973141786383515,100.18359375,2.4458885192871094,0.0,0.0,0.0,0.0,3097,0.23495960235595703,False,4G,18
"/* DISTINCT VALUES IN COLUMN 'album' */ SELECT DISTINCT album, COUNT(album) AS album_count FROM data GROUP BY album ORDER BY album_count DESC NULLS FIRST","-- DISTINCT VALUES IN COLUMN 'album'
SELECT 
    DISTINCT album,
    COUNT(album) AS album_count 
FROM data 
GROUP BY album 
ORDER BY album_count DESC",DuckDBHandler,204.87284660339355,0.004798500468603561,100.18359375,2.4458885192871094,0.0,0.0,0.0,0.0,154682,11.50865650177002,False,4G,18
"/* STATS (AVG, SUM, MIN, MAX) FOR COLUMN 'tempo' */ SELECT AVG(tempo) AS avg_tempo, SUM(tempo) AS sum_tempo, MIN(tempo) AS min_tempo, MAX(tempo) AS max_tempo FROM data","-- STATS (AVG, SUM, MIN, MAX) FOR COLUMN 'tempo'
SELECT 
    AVG(tempo) AS avg_tempo,
    SUM(tempo) AS sum_tempo, 
    MIN(tempo) AS min_tempo, 
    MAX(tempo) AS max_tempo 
FROM data",DuckDBHandler,3.169536590576172,0.004395878863565407,100.18359375,2.4458885192871094,0.0,0.0,0.0,0.0,1,0.000156402587890625,False,4G,18
/* FILTER BY LIKE OPERATOR & 2 CONDITIONS */ SELECT * FROM data WHERE text LIKE '%%love%%' AND tempo < 120,"-- FILTER BY LIKE OPERATOR & 2 CONDITIONS
SELECT * 
FROM data 
WHERE text LIKE '%%love%%'
AND tempo < 120",DuckDBHandler,1777.2634029388428,0.0049,100.18359375,2.4458885192871094,0.0,0.0,0.0,0.0,115044,419.287654876709,False,4G,18
"/* SELF-JOIN ON 'artist' TO FIND DUPLICATE ARTISTS */ SELECT DISTINCT a1.artist_s AS artists, COUNT(*) AS duplicate_count FROM data AS a1 JOIN data AS a2 ON a1.artist_s = a2.artist_s GROUP BY a1.artist_s","-- SELF-JOIN ON 'artist' TO FIND DUPLICATE ARTISTS
SELECT 
    DISTINCT a1.artist_s AS artists, 
    COUNT(*) AS duplicate_count 
FROM data AS a1 
JOIN data AS a2 
ON a1.artist_s = a2.artist_s
GROUP BY a1.artist_s",DuckDBHandler,231.56142234802246,0.004794007490636704,100.18359375,2.4458885192871094,0.0,0.0,6.67572021484375e-05,0.0,127334,9.563119888305664,False,4G,18
/* TOP 1000 ROWS */ SELECT * FROM data LIMIT 1000,"-- TOP 1000 ROWS
SELECT * FROM data LIMIT 1000",ClickHouseHandler,37.577152252197266,5.889159637613246,1662.26171875,40.58256149291992,0.0,0.0,0.005602836608886719,2.3309030532836914,1000,3.920193672180176,False,4G,18
/* COUNT ALL */ SELECT COUNT(*) FROM data,"-- COUNT ALL
SELECT COUNT(*) FROM data",ClickHouseHandler,14.375686645507812,6.725303314571606,1655.0078125,40.40546417236328,0.0,0.0,0.0028924942016601562,0.004581451416015625,1,0.000133514404296875,False,4G,18
"/* DISTINCT VALUES & COUNT OF 'genre' */ SELECT DISTINCT genre, COUNT(genre) AS genre_count FROM data GROUP BY genre ORDER BY genre_count DESC NULLS FIRST","-- DISTINCT VALUES & COUNT OF 'genre'
SELECT 
    DISTINCT genre,
    COUNT(genre) AS genre_count 
FROM data 
GROUP BY genre 
ORDER BY genre_count DESC",ClickHouseHandler,16.580581665039062,4.496810506566605,1661.3203125,40.55957794189453,0.0,0.0,0.0029973983764648438,0.08253097534179688,3097,0.23495960235595703,False,4G,18
"/* DISTINCT VALUES IN COLUMN 'album' */ SELECT DISTINCT album, COUNT(album) AS album_count FROM data GROUP BY album ORDER BY album_count DESC NULLS FIRST","-- DISTINCT VALUES IN COLUMN 'album'
SELECT 
    DISTINCT album,
    COUNT(album) AS album_count 
FROM data 
GROUP BY album 
ORDER BY album_count DESC",ClickHouseHandler,660.0346565246582,9.709331667707682,1735.375,42.3675537109375,0.0,0.0,0.0065326690673828125,3.5093631744384766,154682,11.50868034362793,False,4G,18
"/* STATS (AVG, SUM, MIN, MAX) FOR COLUMN 'tempo' */ SELECT AVG(tempo) AS avg_tempo, SUM(tempo) AS sum_tempo, MIN(tempo) AS min_tempo, MAX(tempo) AS max_tempo FROM data","-- STATS (AVG, SUM, MIN, MAX) FOR COLUMN 'tempo'
SELECT 
    AVG(tempo) AS avg_tempo,
    SUM(tempo) AS sum_tempo, 
    MIN(tempo) AS min_tempo, 
    MAX(tempo) AS max_tempo 
FROM data",ClickHouseHandler,7.391452789306641,5.700544260243979,1680.68359375,41.03231430053711,0.0,0.0,0.002902984619140625,0.0045337677001953125,1,0.000156402587890625,False,4G,18
/* FILTER BY LIKE OPERATOR & 2 CONDITIONS */ SELECT * FROM data WHERE text LIKE '%%love%%' AND tempo < 120,"-- FILTER BY LIKE OPERATOR & 2 CONDITIONS
SELECT * 
FROM data 
WHERE text LIKE '%%love%%'
AND tempo < 120",ClickHouseHandler,3498.991012573242,6.2668167604752965,1707.1953125,41.67957305908203,0.0,0.0,0.02282428741455078,251.92407989501953,115044,419.28827476501465,False,4G,18
"/* SELF-JOIN ON 'artist' TO FIND DUPLICATE ARTISTS */ SELECT DISTINCT a1.artist_s AS artists, COUNT(*) AS duplicate_count FROM data AS a1 JOIN data AS a2 ON a1.artist_s = a2.artist_s GROUP BY a1.artist_s","-- SELF-JOIN ON 'artist' TO FIND DUPLICATE ARTISTS
SELECT 
    DISTINCT a1.artist_s AS artists, 
    COUNT(*) AS duplicate_count 
FROM data AS a1 
JOIN data AS a2 
ON a1.artist_s = a2.artist_s
GROUP BY a1.artist_s",ClickHouseHandler,661.9691848754883,9.60750234448265,1820.328125,44.44160461425781,0.0,0.0,0.033331871032714844,3.0348939895629883,127334,9.563119888305664,False,4G,18
/* TOP 1000 ROWS */ SELECT * FROM data LIMIT 1000,"-- TOP 1000 ROWS
SELECT * FROM data LIMIT 1000",MySQLHandler,22.76301383972168,2.2600937207122773,3218.51171875,39.28847312927246,0.0,0.0,0.010874748229980469,2.2875003814697266,1000,3.920193672180176,False,8G,18
/* COUNT ALL */ SELECT COUNT(*) FROM data,"-- COUNT ALL
SELECT COUNT(*) FROM data",MySQLHandler,133.21709632873535,1.5117551530293567,3219.69140625,39.302873611450195,0.0,0.0,0.0014886856079101562,0.0018167495727539062,1,0.000133514404296875,False,8G,18
"/* DISTINCT VALUES & COUNT OF 'genre' */ SELECT DISTINCT genre, COUNT(genre) AS genre_count FROM data GROUP BY genre ORDER BY CASE WHEN genre_count IS NULL THEN 1 ELSE 0 END DESC, genre_count DESC","-- DISTINCT VALUES & COUNT OF 'genre'
SELECT 
    DISTINCT genre,
    COUNT(genre) AS genre_count 
FROM data 
GROUP BY genre 
ORDER BY genre_count DESC",MySQLHandler,1020.4052925109863,0.7416,3236.27734375,39.50533866882324,0.0,0.0,0.00254058837890625,0.09221267700195312,3097,0.23495960235595703,False,8G,18
"/* DISTINCT VALUES IN COLUMN 'album' */ SELECT DISTINCT album, COUNT(album) AS album_count FROM data GROUP BY album ORDER BY CASE WHEN album_count IS NULL THEN 1 ELSE 0 END DESC, album_count DESC","-- DISTINCT VALUES IN COLUMN 'album'
SELECT 
    DISTINCT album,
    COUNT(album) AS album_count 
FROM data 
GROUP BY album 
ORDER BY album_count DESC",MySQLHandler,1695.1329708099365,1.4365532313456135,3265.0703125,39.856815338134766,0.0,0.0,0.01827526092529297,4.039486885070801,151168,11.28181266784668,False,8G,18
"/* STATS (AVG, SUM, MIN, MAX) FOR COLUMN 'tempo' */ SELECT AVG(tempo) AS avg_tempo, SUM(tempo) AS sum_tempo, MIN(tempo) AS min_tempo, MAX(tempo) AS max_tempo FROM data","-- STATS (AVG, SUM, MIN, MAX) FOR COLUMN 'tempo'
SELECT 
    AVG(tempo) AS avg_tempo,
    SUM(tempo) AS sum_tempo, 
    MIN(tempo) AS min_tempo, 
    MAX(tempo) AS max_tempo 
FROM data",MySQLHandler,413.3594036102295,0.6864,3264.9140625,39.85490798950195,0.0,0.0,0.0018215179443359375,0.0019350051879882812,1,0.000156402587890625,False,8G,18
/* FILTER BY LIKE OPERATOR & 2 CONDITIONS */ SELECT * FROM data WHERE text LIKE '%%love%%' AND tempo < 120,"-- FILTER BY LIKE OPERATOR & 2 CONDITIONS
SELECT * 
FROM data 
WHERE text LIKE '%%love%%'
AND tempo < 120",MySQLHandler,3495.9771633148193,0.6413004063769928,3251.76953125,39.6944522857666,0.0,0.0,1.0254364013671875,255.69970703125,119158,433.5639772415161,False,8G,18
"/* SELF-JOIN ON 'artist' TO FIND DUPLICATE ARTISTS */ SELECT DISTINCT a1.artist_s AS artists, COUNT(*) AS duplicate_count FROM data AS a1 JOIN data AS a2 ON a1.artist_s = a2.artist_s GROUP BY a1.artist_s","-- SELF-JOIN ON 'artist' TO FIND DUPLICATE ARTISTS
SELECT 
    DISTINCT a1.artist_s AS artists, 
    COUNT(*) AS duplicate_count 
FROM data AS a1 
JOIN data AS a2 
ON a1.artist_s = a2.artist_s
GROUP BY a1.artist_s",MySQLHandler,62127.54273414612,0.5607,3288.69921875,40.145254135131836,0.0,0.0,0.017093658447265625,3.478695869445801,127197,9.554627418518066,False,8G,18
/* TOP 1000 ROWS */ SELECT * FROM data LIMIT 1000,"-- TOP 1000 ROWS
SELECT * FROM data LIMIT 1000",PostgresHandler,21.33321762084961,0.12578207930065566,2076.82421875,25.351858139038086,0.0,0.0,0.0213470458984375,2.4446020126342773,1000,3.9677934646606445,False,8G,18
/* COUNT ALL */ SELECT COUNT(*) FROM data,"-- COUNT ALL
SELECT COUNT(*) FROM data",PostgresHandler,41.933536529541016,0.15390761548064918,2079.203125,25.380897521972656,0.0,0.0,0.001827239990234375,0.0023717880249023438,1,0.000133514404296875,False,8G,18
"/* DISTINCT VALUES & COUNT OF 'genre' */ SELECT DISTINCT genre, COUNT(genre) AS genre_count FROM data GROUP BY genre ORDER BY genre_count DESC","-- DISTINCT VALUES & COUNT OF 'genre'
SELECT 
    DISTINCT genre,
    COUNT(genre) AS genre_count 
FROM data 
GROUP BY genre 
ORDER BY genre_count DESC",PostgresHandler,67.32845306396484,2.3514,2080.7890625,25.400257110595703,0.0,0.0,0.0030727386474609375,0.1195974349975586,3097,0.23495960235595703,False,8G,18
"/* DISTINCT VALUES IN COLUMN 'album' */ SELECT DISTINCT album, COUNT(album) AS album_count FROM data GROUP BY album ORDER BY album_count DESC","-- DISTINCT VALUES IN COLUMN 'album'
SELECT 
    DISTINCT album,
    COUNT(album) AS album_count 
FROM data 
GROUP BY album 
ORDER BY album_count DESC",PostgresHandler,588.7823104858398,2.1494132334581773,2079.02734375,25.378751754760742,0.0,0.0,0.046263694763183594,5.453763961791992,154682,11.50865650177002,False,8G,18
"/* STATS (AVG, SUM, MIN, MAX) FOR COLUMN 'tempo' */ SELECT AVG(tempo) AS avg_tempo, SUM(tempo) AS sum_tempo, MIN(tempo) AS min_tempo, MAX(tempo) AS max_tempo FROM data","-- STATS (AVG, SUM, MIN, MAX) FOR COLUMN 'tempo'
SELECT 
    AVG(tempo) AS avg_tempo,
    SUM(tempo) AS sum_tempo, 
    MIN(tempo) AS min_tempo, 
    MAX(tempo) AS max_tempo 
FROM data",PostgresHandler,73.04716110229492,2.2272039987503907,2089.99609375,25.51264762878418,0.0,0.0,0.0019664764404296875,0.0026187896728515625,1,0.000156402587890625,False,8G,18
/* FILTER BY LIKE OPERATOR & 2 CONDITIONS */ SELECT * FROM data WHERE text LIKE '%%love%%' AND tempo < 120,"-- FILTER BY LIKE OPERATOR & 2 CONDITIONS
SELECT * 
FROM data 
WHERE text LIKE '%%love%%'
AND tempo < 120",PostgresHandler,1634.3798637390137,2.6571392879450344,2098.453125,25.615882873535156,0.0,0.0,2.0969982147216797,264.63296127319336,115044,419.287654876709,False,8G,18
"/* SELF-JOIN ON 'artist' TO FIND DUPLICATE ARTISTS */ SELECT DISTINCT a1.artist_s AS artists, COUNT(*) AS duplicate_count FROM data AS a1 JOIN data AS a2 ON a1.artist_s = a2.artist_s GROUP BY a1.artist_s","-- SELF-JOIN ON 'artist' TO FIND DUPLICATE ARTISTS
SELECT 
    DISTINCT a1.artist_s AS artists, 
    COUNT(*) AS duplicate_count 
FROM data AS a1 
JOIN data AS a2 
ON a1.artist_s = a2.artist_s
GROUP BY a1.artist_s",PostgresHandler,1235.1295948028564,2.243496721823291,2120.7265625,25.887775421142578,0.0,0.0,0.039139747619628906,4.595521926879883,127334,9.563119888305664,False,8G,18
/* TOP 1000 ROWS */ SELECT * FROM data LIMIT 1000,"-- TOP 1000 ROWS
SELECT * FROM data LIMIT 1000",DuckDBHandler,18.266677856445312,0.004594257178526841,100.19140625,1.2230396270751953,0.0,0.0,0.0,0.0,1000,3.920193672180176,False,8G,18
/* COUNT ALL */ SELECT COUNT(*) FROM data,"-- COUNT ALL
SELECT COUNT(*) FROM data",DuckDBHandler,2.209901809692383,0.0026974711208242273,100.19140625,1.2230396270751953,0.0,0.0,0.0,0.0,1,0.000133514404296875,False,8G,18
"/* DISTINCT VALUES & COUNT OF 'genre' */ SELECT DISTINCT genre, COUNT(genre) AS genre_count FROM data GROUP BY genre ORDER BY genre_count DESC NULLS FIRST","-- DISTINCT VALUES & COUNT OF 'genre'
SELECT 
    DISTINCT genre,
    COUNT(genre) AS genre_count 
FROM data 
GROUP BY genre 
ORDER BY genre_count DESC",DuckDBHandler,9.513616561889648,0.004892355694227769,100.19140625,1.2230396270751953,0.0,0.0,0.0,0.0,3097,0.23495960235595703,False,8G,18
"/* DISTINCT VALUES IN COLUMN 'album' */ SELECT DISTINCT album, COUNT(album) AS album_count FROM data GROUP BY album ORDER BY album_count DESC NULLS FIRST","-- DISTINCT VALUES IN COLUMN 'album'
SELECT 
    DISTINCT album,
    COUNT(album) AS album_count 
FROM data 
GROUP BY album 
ORDER BY album_count DESC",DuckDBHandler,205.3220272064209,0.0023977521073993134,100.19140625,1.2230396270751953,0.0,0.0,0.0,0.0,154682,11.50865650177002,False,8G,18
"/* STATS (AVG, SUM, MIN, MAX) FOR COLUMN 'tempo' */ SELECT AVG(tempo) AS avg_tempo, SUM(tempo) AS sum_tempo, MIN(tempo) AS min_tempo, MAX(tempo) AS max_tempo FROM data","-- STATS (AVG, SUM, MIN, MAX) FOR COLUMN 'tempo'
SELECT 
    AVG(tempo) AS avg_tempo,
    SUM(tempo) AS sum_tempo, 
    MIN(tempo) AS min_tempo, 
    MAX(tempo) AS max_tempo 
FROM data",DuckDBHandler,3.136873245239258,0.0031980012492192384,100.19140625,1.2230396270751953,0.0,0.0,0.0,0.0,1,0.000156402587890625,False,8G,18
/* FILTER BY LIKE OPERATOR & 2 CONDITIONS */ SELECT * FROM data WHERE text LIKE '%%love%%' AND tempo < 120,"-- FILTER BY LIKE OPERATOR & 2 CONDITIONS
SELECT * 
FROM data 
WHERE text LIKE '%%love%%'
AND tempo < 120",DuckDBHandler,1772.2859382629395,0.0028990940331146517,100.19140625,1.2230396270751953,0.0,0.0,0.0,0.0,115044,419.287654876709,False,8G,18
"/* SELF-JOIN ON 'artist' TO FIND DUPLICATE ARTISTS */ SELECT DISTINCT a1.artist_s AS artists, COUNT(*) AS duplicate_count FROM data AS a1 JOIN data AS a2 ON a1.artist_s = a2.artist_s GROUP BY a1.artist_s","-- SELF-JOIN ON 'artist' TO FIND DUPLICATE ARTISTS
SELECT 
    DISTINCT a1.artist_s AS artists, 
    COUNT(*) AS duplicate_count 
FROM data AS a1 
JOIN data AS a2 
ON a1.artist_s = a2.artist_s
GROUP BY a1.artist_s",DuckDBHandler,155.71832656860352,0.001801125703564728,100.19140625,1.2230396270751953,0.0,0.0,0.0,0.0,127334,9.563119888305664,False,8G,18
/* TOP 1000 ROWS */ SELECT * FROM data LIMIT 1000,"-- TOP 1000 ROWS
SELECT * FROM data LIMIT 1000",ClickHouseHandler,34.915924072265625,6.115555555555555,1587.0234375,19.372844696044922,0.0,0.0,0.005225181579589844,2.3305892944335938,1000,3.920193672180176,False,8G,18
/* COUNT ALL */ SELECT COUNT(*) FROM data,"-- COUNT ALL
SELECT COUNT(*) FROM data",ClickHouseHandler,8.585929870605469,6.133566520924423,1513.5390625,18.475818634033203,0.0,0.0,0.0024518966674804688,0.0044574737548828125,1,0.000133514404296875,False,8G,18
"/* DISTINCT VALUES & COUNT OF 'genre' */ SELECT DISTINCT genre, COUNT(genre) AS genre_count FROM data GROUP BY genre ORDER BY genre_count DESC NULLS FIRST","-- DISTINCT VALUES & COUNT OF 'genre'
SELECT 
    DISTINCT genre,
    COUNT(genre) AS genre_count 
FROM data 
GROUP BY genre 
ORDER BY genre_count DESC",ClickHouseHandler,17.359495162963867,5.997422583672193,1524.0390625,18.603992462158203,0.0,0.0,0.0030603408813476562,0.0826568603515625,3097,0.23495960235595703,False,8G,18
"/* DISTINCT VALUES IN COLUMN 'album' */ SELECT DISTINCT album, COUNT(album) AS album_count FROM data GROUP BY album ORDER BY album_count DESC NULLS FIRST","-- DISTINCT VALUES IN COLUMN 'album'
SELECT 
    DISTINCT album,
    COUNT(album) AS album_count 
FROM data 
GROUP BY album 
ORDER BY album_count DESC",ClickHouseHandler,661.3595485687256,8.651399999999999,1586.04296875,19.360876083374023,0.0,0.0,0.0063953399658203125,3.5094213485717773,154682,11.50868034362793,False,8G,18
"/* STATS (AVG, SUM, MIN, MAX) FOR COLUMN 'tempo' */ SELECT AVG(tempo) AS avg_tempo, SUM(tempo) AS sum_tempo, MIN(tempo) AS min_tempo, MAX(tempo) AS max_tempo FROM data","-- STATS (AVG, SUM, MIN, MAX) FOR COLUMN 'tempo'
SELECT 
    AVG(tempo) AS avg_tempo,
    SUM(tempo) AS sum_tempo, 
    MIN(tempo) AS min_tempo, 
    MAX(tempo) AS max_tempo 
FROM data",ClickHouseHandler,7.918357849121094,6.236551077788191,1541.40625,18.815994262695312,0.0,0.0,0.00302886962890625,0.004596710205078125,1,0.000156402587890625,False,8G,18
/* FILTER BY LIKE OPERATOR & 2 CONDITIONS */ SELECT * FROM data WHERE text LIKE '%%love%%' AND tempo < 120,"-- FILTER BY LIKE OPERATOR & 2 CONDITIONS
SELECT * 
FROM data 
WHERE text LIKE '%%love%%'
AND tempo < 120",ClickHouseHandler,3464.869260787964,6.0322000000000005,1564.99609375,19.10395622253418,0.0,0.0,0.02186298370361328,251.74946784973145,115044,419.28827476501465,False,8G,18
"/* SELF-JOIN ON 'artist' TO FIND DUPLICATE ARTISTS */ SELECT DISTINCT a1.artist_s AS artists, COUNT(*) AS duplicate_count FROM data AS a1 JOIN data AS a2 ON a1.artist_s = a2.artist_s GROUP BY a1.artist_s","-- SELF-JOIN ON 'artist' TO FIND DUPLICATE ARTISTS
SELECT 
    DISTINCT a1.artist_s AS artists, 
    COUNT(*) AS duplicate_count 
FROM data AS a1 
JOIN data AS a2 
ON a1.artist_s = a2.artist_s
GROUP BY a1.artist_s",ClickHouseHandler,672.0836162567139,5.329369144284822,1688.62890625,20.61314582824707,0.0,0.0,0.031569480895996094,3.034956932067871,127334,9.563119888305664,False,8G,18
/* TOP 1000 ROWS */ SELECT * FROM data LIMIT 1000,"-- TOP 1000 ROWS
SELECT * FROM data LIMIT 1000",MySQLHandler,22.92037010192871,2.6600938379730996,3219.15625,19.648170471191406,0.0,0.0,0.010874748229980469,2.2875003814697266,1000,3.920193672180176,False,16G,18
/* COUNT ALL */ SELECT COUNT(*) FROM data,"-- COUNT ALL
SELECT COUNT(*) FROM data",MySQLHandler,136.74426078796387,1.7071665104654794,3220.34375,19.655418395996094,0.0,0.0,0.0015516281127929688,0.0018796920776367188,1,0.000133514404296875,False,16G,18
"/* DISTINCT VALUES & COUNT OF 'genre' */ SELECT DISTINCT genre, COUNT(genre) AS genre_count FROM data GROUP BY genre ORDER BY CASE WHEN genre_count IS NULL THEN 1 ELSE 0 END DESC, genre_count DESC","-- DISTINCT VALUES & COUNT OF 'genre'
SELECT 
    DISTINCT genre,
    COUNT(genre) AS genre_count 
FROM data 
GROUP BY genre 
ORDER BY genre_count DESC",MySQLHandler,1020.8508968353271,0.7472329793878826,3236.3671875,19.753217697143555,0.0,0.0,0.0023517608642578125,0.09203433990478516,3097,0.23495960235595703,False,16G,18
"/* DISTINCT VALUES IN COLUMN 'album' */ SELECT DISTINCT album, COUNT(album) AS album_count FROM data GROUP BY album ORDER BY CASE WHEN album_count IS NULL THEN 1 ELSE 0 END DESC, album_count DESC","-- DISTINCT VALUES IN COLUMN 'album'
SELECT 
    DISTINCT album,
    COUNT(album) AS album_count 
FROM data 
GROUP BY album 
ORDER BY album_count DESC",MySQLHandler,1700.5891799926758,0.7631,3255.02734375,19.86711025238037,0.0,0.0,0.018464088439941406,4.039665222167969,151168,11.28181266784668,False,16G,18
"/* STATS (AVG, SUM, MIN, MAX) FOR COLUMN 'tempo' */ SELECT AVG(tempo) AS avg_tempo, SUM(tempo) AS sum_tempo, MIN(tempo) AS min_tempo, MAX(tempo) AS max_tempo FROM data","-- STATS (AVG, SUM, MIN, MAX) FOR COLUMN 'tempo'
SELECT 
    AVG(tempo) AS avg_tempo,
    SUM(tempo) AS sum_tempo, 
    MIN(tempo) AS min_tempo, 
    MAX(tempo) AS max_tempo 
FROM data",MySQLHandler,449.6486186981201,0.9450046860356139,3262.515625,19.91281509399414,0.0,0.0,0.0016279220581054688,0.0019350051879882812,1,0.000156402587890625,False,16G,18
/* FILTER BY LIKE OPERATOR & 2 CONDITIONS */ SELECT * FROM data WHERE text LIKE '%%love%%' AND tempo < 120,"-- FILTER BY LIKE OPERATOR & 2 CONDITIONS
SELECT * 
FROM data 
WHERE text LIKE '%%love%%'
AND tempo < 120",MySQLHandler,3489.0494346618652,0.7159237261644265,3251.9296875,19.848203659057617,0.0,0.0,1.0254364013671875,255.69970703125,119158,433.5639772415161,False,16G,18
"/* SELF-JOIN ON 'artist' TO FIND DUPLICATE ARTISTS */ SELECT DISTINCT a1.artist_s AS artists, COUNT(*) AS duplicate_count FROM data AS a1 JOIN data AS a2 ON a1.artist_s = a2.artist_s GROUP BY a1.artist_s","-- SELF-JOIN ON 'artist' TO FIND DUPLICATE ARTISTS
SELECT 
    DISTINCT a1.artist_s AS artists, 
    COUNT(*) AS duplicate_count 
FROM data AS a1 
JOIN data AS a2 
ON a1.artist_s = a2.artist_s
GROUP BY a1.artist_s",MySQLHandler,62366.9707775116,0.6390003124023743,3288.81640625,20.073342323303223,0.0,0.0,0.01731395721435547,3.4786558151245117,127197,9.554627418518066,False,16G,18
/* TOP 1000 ROWS */ SELECT * FROM data LIMIT 1000,"-- TOP 1000 ROWS
SELECT * FROM data LIMIT 1000",PostgresHandler,20.700454711914062,0.1437203495630462,2076.765625,12.67557144165039,0.0,0.0,0.0213470458984375,2.4446020126342773,1000,3.9677934646606445,False,16G,18
/* COUNT ALL */ SELECT COUNT(*) FROM data,"-- COUNT ALL
SELECT COUNT(*) FROM data",PostgresHandler,42.24801063537598,0.13657196378395253,2079.09765625,12.689805030822754,0.0,0.0,0.001827239990234375,0.0023717880249023438,1,0.000133514404296875,False,16G,18
"/* DISTINCT VALUES & COUNT OF 'genre' */ SELECT DISTINCT genre, COUNT(genre) AS genre_count FROM data GROUP BY genre ORDER BY genre_count DESC","-- DISTINCT VALUES & COUNT OF 'genre'
SELECT 
    DISTINCT genre,
    COUNT(genre) AS genre_count 
FROM data 
GROUP BY genre 
ORDER BY genre_count DESC",PostgresHandler,65.32979011535645,2.3382386008744533,2081.1875,12.702560424804688,0.0,0.0,0.0030727386474609375,0.1195974349975586,3097,0.23495960235595703,False,16G,18
"/* DISTINCT VALUES IN COLUMN 'album' */ SELECT DISTINCT album, COUNT(album) AS album_count FROM data GROUP BY album ORDER BY album_count DESC","-- DISTINCT VALUES IN COLUMN 'album'
SELECT 
    DISTINCT album,
    COUNT(album) AS album_count 
FROM data 
GROUP BY album 
ORDER BY album_count DESC",PostgresHandler,586.1706733703613,2.1190755777638977,2084.578125,12.723255157470703,0.0,0.0,0.045882225036621094,5.453701019287109,154682,11.50865650177002,False,16G,18
"/* STATS (AVG, SUM, MIN, MAX) FOR COLUMN 'tempo' */ SELECT AVG(tempo) AS avg_tempo, SUM(tempo) AS sum_tempo, MIN(tempo) AS min_tempo, MAX(tempo) AS max_tempo FROM data","-- STATS (AVG, SUM, MIN, MAX) FOR COLUMN 'tempo'
SELECT 
    AVG(tempo) AS avg_tempo,
    SUM(tempo) AS sum_tempo, 
    MIN(tempo) AS min_tempo, 
    MAX(tempo) AS max_tempo 
FROM data",PostgresHandler,74.04065132141113,2.148742589703588,2095.13671875,12.787699699401855,0.0,0.0,0.0019664764404296875,0.0026187896728515625,1,0.000156402587890625,False,16G,18
/* FILTER BY LIKE OPERATOR & 2 CONDITIONS */ SELECT * FROM data WHERE text LIKE '%%love%%' AND tempo < 120,"-- FILTER BY LIKE OPERATOR & 2 CONDITIONS
SELECT * 
FROM data 
WHERE text LIKE '%%love%%'
AND tempo < 120",PostgresHandler,1657.7765941619873,2.108922884795504,2103.09765625,12.836289405822754,0.0,0.0,2.1004600524902344,264.63333892822266,115044,419.287654876709,False,16G,18
"/* SELF-JOIN ON 'artist' TO FIND DUPLICATE ARTISTS */ SELECT DISTINCT a1.artist_s AS artists, COUNT(*) AS duplicate_count FROM data AS a1 JOIN data AS a2 ON a1.artist_s = a2.artist_s GROUP BY a1.artist_s","-- SELF-JOIN ON 'artist' TO FIND DUPLICATE ARTISTS
SELECT 
    DISTINCT a1.artist_s AS artists, 
    COUNT(*) AS duplicate_count 
FROM data AS a1 
JOIN data AS a2 
ON a1.artist_s = a2.artist_s
GROUP BY a1.artist_s",PostgresHandler,1256.7739486694336,2.102985633978763,2120.5078125,12.94255256652832,0.0,0.0,0.039139747619628906,4.595521926879883,127334,9.563119888305664,False,16G,18
/* TOP 1000 ROWS */ SELECT * FROM data LIMIT 1000,"-- TOP 1000 ROWS
SELECT * FROM data LIMIT 1000",DuckDBHandler,18.79429817199707,0.005,100.44921875,0.613093376159668,0.0,0.0,0.0,0.0,1000,3.920193672180176,False,16G,18
/* COUNT ALL */ SELECT COUNT(*) FROM data,"-- COUNT ALL
SELECT COUNT(*) FROM data",DuckDBHandler,2.207517623901367,0.005095223228223541,100.44921875,0.613093376159668,0.0,0.0,0.0,0.0,1,0.000133514404296875,False,16G,18
"/* DISTINCT VALUES & COUNT OF 'genre' */ SELECT DISTINCT genre, COUNT(genre) AS genre_count FROM data GROUP BY genre ORDER BY genre_count DESC NULLS FIRST","-- DISTINCT VALUES & COUNT OF 'genre'
SELECT 
    DISTINCT genre,
    COUNT(genre) AS genre_count 
FROM data 
GROUP BY genre 
ORDER BY genre_count DESC",DuckDBHandler,9.520769119262695,0.005098406747891283,100.44921875,0.613093376159668,0.0,0.0,0.0,0.0,3097,0.23495960235595703,False,16G,18
"/* DISTINCT VALUES IN COLUMN 'album' */ SELECT DISTINCT album, COUNT(album) AS album_count FROM data GROUP BY album ORDER BY album_count DESC NULLS FIRST","-- DISTINCT VALUES IN COLUMN 'album'
SELECT 
    DISTINCT album,
    COUNT(album) AS album_count 
FROM data 
GROUP BY album 
ORDER BY album_count DESC",DuckDBHandler,201.9329071044922,0.008192319700280986,100.44921875,0.613093376159668,0.0,0.0,0.0,0.0,154682,11.50865650177002,False,16G,18
"/* STATS (AVG, SUM, MIN, MAX) FOR COLUMN 'tempo' */ SELECT AVG(tempo) AS avg_tempo, SUM(tempo) AS sum_tempo, MIN(tempo) AS min_tempo, MAX(tempo) AS max_tempo FROM data","-- STATS (AVG, SUM, MIN, MAX) FOR COLUMN 'tempo'
SELECT 
    AVG(tempo) AS avg_tempo,
    SUM(tempo) AS sum_tempo, 
    MIN(tempo) AS min_tempo, 
    MAX(tempo) AS max_tempo 
FROM data",DuckDBHandler,2.892017364501953,0.0062882096069868994,100.44921875,0.613093376159668,0.0,0.0,0.0,0.0,1,0.000156402587890625,False,16G,18
/* FILTER BY LIKE OPERATOR & 2 CONDITIONS */ SELECT * FROM data WHERE text LIKE '%%love%%' AND tempo < 120,"-- FILTER BY LIKE OPERATOR & 2 CONDITIONS
SELECT * 
FROM data 
WHERE text LIKE '%%love%%'
AND tempo < 120",DuckDBHandler,1908.9016914367676,0.005396627108057464,100.44921875,0.613093376159668,0.0,0.0,0.0,0.0,115044,419.287654876709,False,16G,18
"/* SELF-JOIN ON 'artist' TO FIND DUPLICATE ARTISTS */ SELECT DISTINCT a1.artist_s AS artists, COUNT(*) AS duplicate_count FROM data AS a1 JOIN data AS a2 ON a1.artist_s = a2.artist_s GROUP BY a1.artist_s","-- SELF-JOIN ON 'artist' TO FIND DUPLICATE ARTISTS
SELECT 
    DISTINCT a1.artist_s AS artists, 
    COUNT(*) AS duplicate_count 
FROM data AS a1 
JOIN data AS a2 
ON a1.artist_s = a2.artist_s
GROUP BY a1.artist_s",DuckDBHandler,153.29980850219727,0.007093349984389635,100.44921875,0.613093376159668,0.0,0.0,0.0,0.0,127334,9.563119888305664,False,16G,18
/* TOP 1000 ROWS */ SELECT * FROM data LIMIT 1000,"-- TOP 1000 ROWS
SELECT * FROM data LIMIT 1000",ClickHouseHandler,35.52699089050293,4.706553990610328,1542.37109375,9.413886070251465,0.0,0.0,0.005602836608886719,2.33065128326416,1000,3.920193672180176,False,16G,18
/* COUNT ALL */ SELECT COUNT(*) FROM data,"-- COUNT ALL
SELECT COUNT(*) FROM data",ClickHouseHandler,15.385866165161133,6.995899999999999,1511.8125,9.227371215820312,0.0,0.0,0.0026407241821289062,0.004520416259765625,1,0.000133514404296875,False,16G,18
"/* DISTINCT VALUES & COUNT OF 'genre' */ SELECT DISTINCT genre, COUNT(genre) AS genre_count FROM data GROUP BY genre ORDER BY genre_count DESC NULLS FIRST","-- DISTINCT VALUES & COUNT OF 'genre'
SELECT 
    DISTINCT genre,
    COUNT(genre) AS genre_count 
FROM data 
GROUP BY genre 
ORDER BY genre_count DESC",ClickHouseHandler,16.954660415649414,5.681050656660413,1513.2890625,9.236383438110352,0.0,0.0,0.0029973983764648438,0.08259391784667969,3097,0.23495960235595703,False,16G,18
"/* DISTINCT VALUES IN COLUMN 'album' */ SELECT DISTINCT album, COUNT(album) AS album_count FROM data GROUP BY album ORDER BY album_count DESC NULLS FIRST","-- DISTINCT VALUES IN COLUMN 'album'
SELECT 
    DISTINCT album,
    COUNT(album) AS album_count 
FROM data 
GROUP BY album 
ORDER BY album_count DESC",ClickHouseHandler,674.2939949035645,9.800012519561815,1574.42578125,9.609532356262207,0.0,0.0,0.0065212249755859375,3.5094213485717773,154682,11.50868034362793,False,16G,18
"/* STATS (AVG, SUM, MIN, MAX) FOR COLUMN 'tempo' */ SELECT AVG(tempo) AS avg_tempo, SUM(tempo) AS sum_tempo, MIN(tempo) AS min_tempo, MAX(tempo) AS max_tempo FROM data","-- STATS (AVG, SUM, MIN, MAX) FOR COLUMN 'tempo'
SELECT 
    AVG(tempo) AS avg_tempo,
    SUM(tempo) AS sum_tempo, 
    MIN(tempo) AS min_tempo, 
    MAX(tempo) AS max_tempo 
FROM data",ClickHouseHandler,7.683753967285156,5.053216520650813,1525.14453125,9.308743476867676,0.0,0.0,0.00302886962890625,0.004596710205078125,1,0.000156402587890625,False,16G,18
/* FILTER BY LIKE OPERATOR & 2 CONDITIONS */ SELECT * FROM data WHERE text LIKE '%%love%%' AND tempo < 120,"-- FILTER BY LIKE OPERATOR & 2 CONDITIONS
SELECT * 
FROM data 
WHERE text LIKE '%%love%%'
AND tempo < 120",ClickHouseHandler,3511.260986328125,8.672210065645514,1542.61328125,9.415364265441895,0.0,0.0,0.022263526916503906,251.7481174468994,115044,419.28827476501465,False,16G,18
"/* SELF-JOIN ON 'artist' TO FIND DUPLICATE ARTISTS */ SELECT DISTINCT a1.artist_s AS artists, COUNT(*) AS duplicate_count FROM data AS a1 JOIN data AS a2 ON a1.artist_s = a2.artist_s GROUP BY a1.artist_s","-- SELF-JOIN ON 'artist' TO FIND DUPLICATE ARTISTS
SELECT 
    DISTINCT a1.artist_s AS artists, 
    COUNT(*) AS duplicate_count 
FROM data AS a1 
JOIN data AS a2 
ON a1.artist_s = a2.artist_s
GROUP BY a1.artist_s",ClickHouseHandler,680.9766292572021,9.973283348953451,1676.29296875,10.231280326843262,0.0,0.0,0.03276538848876953,3.034200668334961,127334,9.563119888305664,False,16G,18
/* TOP 1000 ROWS */ SELECT * FROM data LIMIT 1000,"-- TOP 1000 ROWS
SELECT * FROM data LIMIT 1000",MySQLHandler,24.164199829101562,2.467170990934667,3218.484375,9.82203483581543,0.0,0.0,0.010874748229980469,2.2875003814697266,1000,3.920193672180176,False,32G,18
/* COUNT ALL */ SELECT COUNT(*) FROM data,"-- COUNT ALL
SELECT COUNT(*) FROM data",MySQLHandler,135.18977165222168,1.7354,3220.18359375,9.827220439910889,0.0,0.0,0.0014886856079101562,0.0018167495727539062,1,0.000133514404296875,False,32G,18
"/* DISTINCT VALUES & COUNT OF 'genre' */ SELECT DISTINCT genre, COUNT(genre) AS genre_count FROM data GROUP BY genre ORDER BY CASE WHEN genre_count IS NULL THEN 1 ELSE 0 END DESC, genre_count DESC","-- DISTINCT VALUES & COUNT OF 'genre'
SELECT 
    DISTINCT genre,
    COUNT(genre) AS genre_count 
FROM data 
GROUP BY genre 
ORDER BY genre_count DESC",MySQLHandler,1026.9432067871094,0.6451935081148564,3236.2578125,9.876275062561035,0.0,0.0,0.0023517608642578125,0.09203433990478516,3097,0.23495960235595703,False,32G,18
"/* DISTINCT VALUES IN COLUMN 'album' */ SELECT DISTINCT album, COUNT(album) AS album_count FROM data GROUP BY album ORDER BY CASE WHEN album_count IS NULL THEN 1 ELSE 0 END DESC, album_count DESC","-- DISTINCT VALUES IN COLUMN 'album'
SELECT 
    DISTINCT album,
    COUNT(album) AS album_count 
FROM data 
GROUP BY album 
ORDER BY album_count DESC",MySQLHandler,1696.7191696166992,1.4587558612066271,3264.859375,9.963560104370117,0.0,0.0,0.018464088439941406,4.039665222167969,151168,11.28181266784668,False,32G,18
"/* STATS (AVG, SUM, MIN, MAX) FOR COLUMN 'tempo' */ SELECT AVG(tempo) AS avg_tempo, SUM(tempo) AS sum_tempo, MIN(tempo) AS min_tempo, MAX(tempo) AS max_tempo FROM data","-- STATS (AVG, SUM, MIN, MAX) FOR COLUMN 'tempo'
SELECT 
    AVG(tempo) AS avg_tempo,
    SUM(tempo) AS sum_tempo, 
    MIN(tempo) AS min_tempo, 
    MAX(tempo) AS max_tempo 
FROM data",MySQLHandler,423.2008457183838,0.7119101123595506,3264.890625,9.963655471801758,0.0,0.0,0.0016279220581054688,0.0019350051879882812,1,0.000156402587890625,False,32G,18
/* FILTER BY LIKE OPERATOR & 2 CONDITIONS */ SELECT * FROM data WHERE text LIKE '%%love%%' AND tempo < 120,"-- FILTER BY LIKE OPERATOR & 2 CONDITIONS
SELECT * 
FROM data 
WHERE text LIKE '%%love%%'
AND tempo < 120",MySQLHandler,3477.2732257843018,0.699625468164794,3251.7421875,9.923529624938965,0.0,0.0,1.0265111923217773,255.69970703125,119158,433.5639772415161,False,32G,18
"/* SELF-JOIN ON 'artist' TO FIND DUPLICATE ARTISTS */ SELECT DISTINCT a1.artist_s AS artists, COUNT(*) AS duplicate_count FROM data AS a1 JOIN data AS a2 ON a1.artist_s = a2.artist_s GROUP BY a1.artist_s","-- SELF-JOIN ON 'artist' TO FIND DUPLICATE ARTISTS
SELECT 
    DISTINCT a1.artist_s AS artists, 
    COUNT(*) AS duplicate_count 
FROM data AS a1 
JOIN data AS a2 
ON a1.artist_s = a2.artist_s
GROUP BY a1.artist_s",MySQLHandler,62306.68306350708,0.6199250936329589,3288.83984375,10.036742687225342,0.0,0.0,0.016908645629882812,3.478695869445801,127197,9.554627418518066,False,32G,18
/* TOP 1000 ROWS */ SELECT * FROM data LIMIT 1000,"-- TOP 1000 ROWS
SELECT * FROM data LIMIT 1000",PostgresHandler,20.973682403564453,0.13975632614807873,2076.71875,6.337642669677734,0.0,0.0,0.0213470458984375,2.4446020126342773,1000,3.9677934646606445,False,32G,18
/* COUNT ALL */ SELECT COUNT(*) FROM data,"-- COUNT ALL
SELECT COUNT(*) FROM data",PostgresHandler,41.281938552856445,2.257489069331668,2080.71484375,6.349837779998779,0.0,0.0,0.001827239990234375,0.0023717880249023438,1,0.000133514404296875,False,32G,18
"/* DISTINCT VALUES & COUNT OF 'genre' */ SELECT DISTINCT genre, COUNT(genre) AS genre_count FROM data GROUP BY genre ORDER BY genre_count DESC","-- DISTINCT VALUES & COUNT OF 'genre'
SELECT 
    DISTINCT genre,
    COUNT(genre) AS genre_count 
FROM data 
GROUP BY genre 
ORDER BY genre_count DESC",PostgresHandler,64.54992294311523,2.139725343320849,2081.3828125,6.351876258850098,0.0,0.0,0.0030727386474609375,0.1195974349975586,3097,0.23495960235595703,False,32G,18
"/* DISTINCT VALUES IN COLUMN 'album' */ SELECT DISTINCT album, COUNT(album) AS album_count FROM data GROUP BY album ORDER BY album_count DESC","-- DISTINCT VALUES IN COLUMN 'album'
SELECT 
    DISTINCT album,
    COUNT(album) AS album_count 
FROM data 
GROUP BY album 
ORDER BY album_count DESC",PostgresHandler,589.8091793060303,2.0214414976599064,2079.24609375,6.34535551071167,0.0,0.0,0.04600715637207031,5.453701019287109,154682,11.50865650177002,False,32G,18
"/* STATS (AVG, SUM, MIN, MAX) FOR COLUMN 'tempo' */ SELECT AVG(tempo) AS avg_tempo, SUM(tempo) AS sum_tempo, MIN(tempo) AS min_tempo, MAX(tempo) AS max_tempo FROM data","-- STATS (AVG, SUM, MIN, MAX) FOR COLUMN 'tempo'
SELECT 
    AVG(tempo) AS avg_tempo,
    SUM(tempo) AS sum_tempo, 
    MIN(tempo) AS min_tempo, 
    MAX(tempo) AS max_tempo 
FROM data",PostgresHandler,78.64642143249512,2.164218408736349,2106.31640625,6.427967548370361,0.0,0.0,0.0019664764404296875,0.0026187896728515625,1,0.000156402587890625,False,32G,18
/* FILTER BY LIKE OPERATOR & 2 CONDITIONS */ SELECT * FROM data WHERE text LIKE '%%love%%' AND tempo < 120,"-- FILTER BY LIKE OPERATOR & 2 CONDITIONS
SELECT * 
FROM data 
WHERE text LIKE '%%love%%'
AND tempo < 120",PostgresHandler,1647.9687690734863,2.440349563046192,2097.88671875,6.402242183685303,0.0,0.0,2.0929183959960938,264.63611602783203,115044,419.287654876709,False,32G,18
"/* SELF-JOIN ON 'artist' TO FIND DUPLICATE ARTISTS */ SELECT DISTINCT a1.artist_s AS artists, COUNT(*) AS duplicate_count FROM data AS a1 JOIN data AS a2 ON a1.artist_s = a2.artist_s GROUP BY a1.artist_s","-- SELF-JOIN ON 'artist' TO FIND DUPLICATE ARTISTS
SELECT 
    DISTINCT a1.artist_s AS artists, 
    COUNT(*) AS duplicate_count 
FROM data AS a1 
JOIN data AS a2 
ON a1.artist_s = a2.artist_s
GROUP BY a1.artist_s",PostgresHandler,1229.1536331176758,2.2629712858926343,2122.1015625,6.476140022277832,0.0,0.0,0.039139747619628906,4.595521926879883,127334,9.563119888305664,False,32G,18
/* TOP 1000 ROWS */ SELECT * FROM data LIMIT 1000,"-- TOP 1000 ROWS
SELECT * FROM data LIMIT 1000",DuckDBHandler,18.968582153320312,0.0046,100.70703125,0.30733346939086914,0.0,0.0,0.0,0.0,1000,3.920193672180176,False,32G,18
/* COUNT ALL */ SELECT COUNT(*) FROM data,"-- COUNT ALL
SELECT COUNT(*) FROM data",DuckDBHandler,2.224445343017578,0.004492979719188767,100.70703125,0.30733346939086914,0.0,0.0,0.0,0.0,1,0.000133514404296875,False,32G,18
"/* DISTINCT VALUES & COUNT OF 'genre' */ SELECT DISTINCT genre, COUNT(genre) AS genre_count FROM data GROUP BY genre ORDER BY genre_count DESC NULLS FIRST","-- DISTINCT VALUES & COUNT OF 'genre'
SELECT 
    DISTINCT genre,
    COUNT(genre) AS genre_count 
FROM data 
GROUP BY genre 
ORDER BY genre_count DESC",DuckDBHandler,9.42230224609375,0.003897564022485946,100.70703125,0.30733346939086914,0.0,0.0,0.0,0.0,3097,0.23495960235595703,False,32G,18
"/* DISTINCT VALUES IN COLUMN 'album' */ SELECT DISTINCT album, COUNT(album) AS album_count FROM data GROUP BY album ORDER BY album_count DESC NULLS FIRST","-- DISTINCT VALUES IN COLUMN 'album'
SELECT 
    DISTINCT album,
    COUNT(album) AS album_count 
FROM data 
GROUP BY album 
ORDER BY album_count DESC",DuckDBHandler,196.95568084716797,0.004794007490636704,100.70703125,0.30733346939086914,0.0,0.0,0.0,0.0,154682,11.50865650177002,False,32G,18
"/* STATS (AVG, SUM, MIN, MAX) FOR COLUMN 'tempo' */ SELECT AVG(tempo) AS avg_tempo, SUM(tempo) AS sum_tempo, MIN(tempo) AS min_tempo, MAX(tempo) AS max_tempo FROM data","-- STATS (AVG, SUM, MIN, MAX) FOR COLUMN 'tempo'
SELECT 
    AVG(tempo) AS avg_tempo,
    SUM(tempo) AS sum_tempo, 
    MIN(tempo) AS min_tempo, 
    MAX(tempo) AS max_tempo 
FROM data",DuckDBHandler,2.947092056274414,0.004797001873828857,100.70703125,0.30733346939086914,0.0,0.0,0.0,0.0,1,0.000156402587890625,False,32G,18
/* FILTER BY LIKE OPERATOR & 2 CONDITIONS */ SELECT * FROM data WHERE text LIKE '%%love%%' AND tempo < 120,"-- FILTER BY LIKE OPERATOR & 2 CONDITIONS
SELECT * 
FROM data 
WHERE text LIKE '%%love%%'
AND tempo < 120",DuckDBHandler,1915.0457382202148,0.0046985317088409865,100.70703125,0.30733346939086914,0.0,0.0,0.0,0.0,115044,419.287654876709,False,32G,18
"/* SELF-JOIN ON 'artist' TO FIND DUPLICATE ARTISTS */ SELECT DISTINCT a1.artist_s AS artists, COUNT(*) AS duplicate_count FROM data AS a1 JOIN data AS a2 ON a1.artist_s = a2.artist_s GROUP BY a1.artist_s","-- SELF-JOIN ON 'artist' TO FIND DUPLICATE ARTISTS
SELECT 
    DISTINCT a1.artist_s AS artists, 
    COUNT(*) AS duplicate_count 
FROM data AS a1 
JOIN data AS a2 
ON a1.artist_s = a2.artist_s
GROUP BY a1.artist_s",DuckDBHandler,154.9050807952881,0.004898469228366136,100.70703125,0.30733346939086914,0.0,0.0,0.0,0.0,127334,9.563119888305664,False,32G,18
/* TOP 1000 ROWS */ SELECT * FROM data LIMIT 1000,"-- TOP 1000 ROWS
SELECT * FROM data LIMIT 1000",ClickHouseHandler,35.878896713256836,4.7895,1433.51953125,4.374754428863525,0.0,0.0,0.005917549133300781,2.3307151794433594,1000,3.920193672180176,False,32G,18
/* COUNT ALL */ SELECT COUNT(*) FROM data,"-- COUNT ALL
SELECT COUNT(*) FROM data",ClickHouseHandler,15.07258415222168,4.9655034396497815,1420.58203125,4.335272312164307,0.0,0.0,0.0026369094848632812,0.0044574737548828125,1,0.000133514404296875,False,32G,18
"/* DISTINCT VALUES & COUNT OF 'genre' */ SELECT DISTINCT genre, COUNT(genre) AS genre_count FROM data GROUP BY genre ORDER BY genre_count DESC NULLS FIRST","-- DISTINCT VALUES & COUNT OF 'genre'
SELECT 
    DISTINCT genre,
    COUNT(genre) AS genre_count 
FROM data 
GROUP BY genre 
ORDER BY genre_count DESC",ClickHouseHandler,17.12775230407715,6.001575492341357,1439.17578125,4.3920159339904785,0.0,0.0,0.0033750534057617188,0.08259391784667969,3097,0.23495960235595703,False,32G,18
"/* DISTINCT VALUES IN COLUMN 'album' */ SELECT DISTINCT album, COUNT(album) AS album_count FROM data GROUP BY album ORDER BY album_count DESC NULLS FIRST","-- DISTINCT VALUES IN COLUMN 'album'
SELECT 
    DISTINCT album,
    COUNT(album) AS album_count 
FROM data 
GROUP BY album 
ORDER BY album_count DESC",ClickHouseHandler,683.1073760986328,9.00775969962453,1502.25390625,4.58451509475708,0.0,0.0,0.0068359375,3.5094213485717773,154682,11.50868034362793,False,32G,18
"/* STATS (AVG, SUM, MIN, MAX) FOR COLUMN 'tempo' */ SELECT AVG(tempo) AS avg_tempo, SUM(tempo) AS sum_tempo, MIN(tempo) AS min_tempo, MAX(tempo) AS max_tempo FROM data","-- STATS (AVG, SUM, MIN, MAX) FOR COLUMN 'tempo'
SELECT 
    AVG(tempo) AS avg_tempo,
    SUM(tempo) AS sum_tempo, 
    MIN(tempo) AS min_tempo, 
    MAX(tempo) AS max_tempo 
FROM data",ClickHouseHandler,7.924795150756836,5.1033,1466.76171875,4.47620153427124,0.0,0.0,0.002651214599609375,0.0044708251953125,1,0.000156402587890625,False,32G,18
/* FILTER BY LIKE OPERATOR & 2 CONDITIONS */ SELECT * FROM data WHERE text LIKE '%%love%%' AND tempo < 120,"-- FILTER BY LIKE OPERATOR & 2 CONDITIONS
SELECT * 
FROM data 
WHERE text LIKE '%%love%%'
AND tempo < 120",ClickHouseHandler,3531.552314758301,6.7049671155652995,1480.81640625,4.519093036651611,0.0,0.0,0.022080421447753906,251.74616050720215,115044,419.28827476501465,False,32G,18
"/* SELF-JOIN ON 'artist' TO FIND DUPLICATE ARTISTS */ SELECT DISTINCT a1.artist_s AS artists, COUNT(*) AS duplicate_count FROM data AS a1 JOIN data AS a2 ON a1.artist_s = a2.artist_s GROUP BY a1.artist_s","-- SELF-JOIN ON 'artist' TO FIND DUPLICATE ARTISTS
SELECT 
    DISTINCT a1.artist_s AS artists, 
    COUNT(*) AS duplicate_count 
FROM data AS a1 
JOIN data AS a2 
ON a1.artist_s = a2.artist_s
GROUP BY a1.artist_s",ClickHouseHandler,675.7125854492188,4.930781738586617,1611.796875,4.918813705444336,0.0,0.0,0.031340599060058594,3.0349674224853516,127334,9.563119888305664,False,32G,18
/* TOP 1000 ROWS */ SELECT * FROM data LIMIT 1000,"-- TOP 1000 ROWS
SELECT * FROM data LIMIT 1000",MySQLHandler,22.898197174072266,2.3130543410368523,3218.6640625,4.911291599273682,0.0,0.0,0.010874748229980469,2.2875003814697266,1000,3.920193672180176,False,64G,18
/* COUNT ALL */ SELECT COUNT(*) FROM data,"-- COUNT ALL
SELECT COUNT(*) FROM data",MySQLHandler,149.33538436889648,1.597900656044986,3219.8515625,4.9131035804748535,0.0,0.0,0.0014886856079101562,0.0018167495727539062,1,0.000133514404296875,False,64G,18
"/* DISTINCT VALUES & COUNT OF 'genre' */ SELECT DISTINCT genre, COUNT(genre) AS genre_count FROM data GROUP BY genre ORDER BY CASE WHEN genre_count IS NULL THEN 1 ELSE 0 END DESC, genre_count DESC","-- DISTINCT VALUES & COUNT OF 'genre'
SELECT 
    DISTINCT genre,
    COUNT(genre) AS genre_count 
FROM data 
GROUP BY genre 
ORDER BY genre_count DESC",MySQLHandler,1027.3449420928955,0.7579368552672711,3236.421875,4.938387870788574,0.0,0.0,0.0026035308837890625,0.09227561950683594,3097,0.23495960235595703,False,64G,18
"/* DISTINCT VALUES IN COLUMN 'album' */ SELECT DISTINCT album, COUNT(album) AS album_count FROM data GROUP BY album ORDER BY CASE WHEN album_count IS NULL THEN 1 ELSE 0 END DESC, album_count DESC","-- DISTINCT VALUES IN COLUMN 'album'
SELECT 
    DISTINCT album,
    COUNT(album) AS album_count 
FROM data 
GROUP BY album 
ORDER BY album_count DESC",MySQLHandler,1717.42582321167,0.6448954105526069,3255.015625,4.96675968170166,0.0,0.0,0.01827526092529297,4.039486885070801,151168,11.28181266784668,False,64G,18
"/* STATS (AVG, SUM, MIN, MAX) FOR COLUMN 'tempo' */ SELECT AVG(tempo) AS avg_tempo, SUM(tempo) AS sum_tempo, MIN(tempo) AS min_tempo, MAX(tempo) AS max_tempo FROM data","-- STATS (AVG, SUM, MIN, MAX) FOR COLUMN 'tempo'
SELECT 
    AVG(tempo) AS avg_tempo,
    SUM(tempo) AS sum_tempo, 
    MIN(tempo) AS min_tempo, 
    MAX(tempo) AS max_tempo 
FROM data",MySQLHandler,451.3697624206543,0.9110458944739308,3263.59375,4.979848861694336,0.0,0.0,0.0016279220581054688,0.0019350051879882812,1,0.000156402587890625,False,64G,18
/* FILTER BY LIKE OPERATOR & 2 CONDITIONS */ SELECT * FROM data WHERE text LIKE '%%love%%' AND tempo < 120,"-- FILTER BY LIKE OPERATOR & 2 CONDITIONS
SELECT * 
FROM data 
WHERE text LIKE '%%love%%'
AND tempo < 120",MySQLHandler,3491.664171218872,0.6055323134561349,3251.92578125,4.962044954299927,0.0,0.0,1.0263805389404297,255.69970703125,119158,433.5639772415161,False,64G,18
"/* SELF-JOIN ON 'artist' TO FIND DUPLICATE ARTISTS */ SELECT DISTINCT a1.artist_s AS artists, COUNT(*) AS duplicate_count FROM data AS a1 JOIN data AS a2 ON a1.artist_s = a2.artist_s GROUP BY a1.artist_s","-- SELF-JOIN ON 'artist' TO FIND DUPLICATE ARTISTS
SELECT 
    DISTINCT a1.artist_s AS artists, 
    COUNT(*) AS duplicate_count 
FROM data AS a1 
JOIN data AS a2 
ON a1.artist_s = a2.artist_s
GROUP BY a1.artist_s",MySQLHandler,62273.31280708313,0.6721698407742741,3288.84765625,5.018383264541626,0.0,0.0,0.017273902893066406,3.4786157608032227,127197,9.554627418518066,False,64G,18
/* TOP 1000 ROWS */ SELECT * FROM data LIMIT 1000,"-- TOP 1000 ROWS
SELECT * FROM data LIMIT 1000",PostgresHandler,20.748615264892578,0.1359451029320025,2076.71875,3.168821334838867,0.0,0.0,0.021284103393554688,2.4446020126342773,1000,3.9677934646606445,False,64G,18
/* COUNT ALL */ SELECT COUNT(*) FROM data,"-- COUNT ALL
SELECT COUNT(*) FROM data",PostgresHandler,42.505502700805664,0.1642433697347894,2079.6015625,3.173220157623291,0.0,0.0,0.001827239990234375,0.0023717880249023438,1,0.000133514404296875,False,64G,18
"/* DISTINCT VALUES & COUNT OF 'genre' */ SELECT DISTINCT genre, COUNT(genre) AS genre_count FROM data GROUP BY genre ORDER BY genre_count DESC","-- DISTINCT VALUES & COUNT OF 'genre'
SELECT 
    DISTINCT genre,
    COUNT(genre) AS genre_count 
FROM data 
GROUP BY genre 
ORDER BY genre_count DESC",PostgresHandler,67.05713272094727,2.195441773337496,2081.59375,3.176259994506836,0.0,0.0,0.0030727386474609375,0.1195974349975586,3097,0.23495960235595703,False,64G,18
"/* DISTINCT VALUES IN COLUMN 'album' */ SELECT DISTINCT album, COUNT(album) AS album_count FROM data GROUP BY album ORDER BY album_count DESC","-- DISTINCT VALUES IN COLUMN 'album'
SELECT 
    DISTINCT album,
    COUNT(album) AS album_count 
FROM data 
GROUP BY album 
ORDER BY album_count DESC",PostgresHandler,591.7696952819824,2.0005245082734935,2084.51953125,3.1807243824005127,0.0,0.0,0.046196937561035156,5.453763961791992,154682,11.50865650177002,False,64G,18
"/* STATS (AVG, SUM, MIN, MAX) FOR COLUMN 'tempo' */ SELECT AVG(tempo) AS avg_tempo, SUM(tempo) AS sum_tempo, MIN(tempo) AS min_tempo, MAX(tempo) AS max_tempo FROM data","-- STATS (AVG, SUM, MIN, MAX) FOR COLUMN 'tempo'
SELECT 
    AVG(tempo) AS avg_tempo,
    SUM(tempo) AS sum_tempo, 
    MIN(tempo) AS min_tempo, 
    MAX(tempo) AS max_tempo 
FROM data",PostgresHandler,73.24457168579102,1.988835466749922,2095.15625,3.1969547271728516,0.0,0.0,0.0019664764404296875,0.0026187896728515625,1,0.000156402587890625,False,64G,18
/* FILTER BY LIKE OPERATOR & 2 CONDITIONS */ SELECT * FROM data WHERE text LIKE '%%love%%' AND tempo < 120,"-- FILTER BY LIKE OPERATOR & 2 CONDITIONS
SELECT * 
FROM data 
WHERE text LIKE '%%love%%'
AND tempo < 120",PostgresHandler,1644.8004245758057,2.2004,2103.078125,3.209042549133301,0.0,0.0,2.0997047424316406,264.63258361816406,115044,419.287654876709,False,64G,18
"/* SELF-JOIN ON 'artist' TO FIND DUPLICATE ARTISTS */ SELECT DISTINCT a1.artist_s AS artists, COUNT(*) AS duplicate_count FROM data AS a1 JOIN data AS a2 ON a1.artist_s = a2.artist_s GROUP BY a1.artist_s","-- SELF-JOIN ON 'artist' TO FIND DUPLICATE ARTISTS
SELECT 
    DISTINCT a1.artist_s AS artists, 
    COUNT(*) AS duplicate_count 
FROM data AS a1 
JOIN data AS a2 
ON a1.artist_s = a2.artist_s
GROUP BY a1.artist_s",PostgresHandler,1240.9868240356445,2.1653466583385383,2119.5625,3.2341957092285156,0.0,0.0,0.039139747619628906,4.595521926879883,127334,9.563119888305664,False,64G,18
/* TOP 1000 ROWS */ SELECT * FROM data LIMIT 1000,"-- TOP 1000 ROWS
SELECT * FROM data LIMIT 1000",DuckDBHandler,19.151926040649414,0.003398937831927523,100.79296875,0.15379786491394043,0.0,0.0,0.0,0.0,1000,3.920193672180176,False,64G,18
/* COUNT ALL */ SELECT COUNT(*) FROM data,"-- COUNT ALL
SELECT COUNT(*) FROM data",DuckDBHandler,2.5625228881835938,0.005898156825991877,100.79296875,0.15379786491394043,0.0,0.0,0.0,0.0,1,0.000133514404296875,False,64G,18
"/* DISTINCT VALUES & COUNT OF 'genre' */ SELECT DISTINCT genre, COUNT(genre) AS genre_count FROM data GROUP BY genre ORDER BY genre_count DESC NULLS FIRST","-- DISTINCT VALUES & COUNT OF 'genre'
SELECT 
    DISTINCT genre,
    COUNT(genre) AS genre_count 
FROM data 
GROUP BY genre 
ORDER BY genre_count DESC",DuckDBHandler,9.788751602172852,0.004697064334790756,100.79296875,0.15379786491394043,0.0,0.0,0.0,0.0,3097,0.23495960235595703,False,64G,18
"/* DISTINCT VALUES IN COLUMN 'album' */ SELECT DISTINCT album, COUNT(album) AS album_count FROM data GROUP BY album ORDER BY album_count DESC NULLS FIRST","-- DISTINCT VALUES IN COLUMN 'album'
SELECT 
    DISTINCT album,
    COUNT(album) AS album_count 
FROM data 
GROUP BY album 
ORDER BY album_count DESC",DuckDBHandler,208.51612091064453,0.004795504214798627,100.79296875,0.15379786491394043,0.0,0.0,0.0,0.0,154682,11.50865650177002,False,64G,18
"/* STATS (AVG, SUM, MIN, MAX) FOR COLUMN 'tempo' */ SELECT AVG(tempo) AS avg_tempo, SUM(tempo) AS sum_tempo, MIN(tempo) AS min_tempo, MAX(tempo) AS max_tempo FROM data","-- STATS (AVG, SUM, MIN, MAX) FOR COLUMN 'tempo'
SELECT 
    AVG(tempo) AS avg_tempo,
    SUM(tempo) AS sum_tempo, 
    MIN(tempo) AS min_tempo, 
    MAX(tempo) AS max_tempo 
FROM data",DuckDBHandler,2.9108524322509766,0.004995316890415236,100.79296875,0.15379786491394043,0.0,0.0,0.0,0.0,1,0.000156402587890625,False,64G,18
/* FILTER BY LIKE OPERATOR & 2 CONDITIONS */ SELECT * FROM data WHERE text LIKE '%%love%%' AND tempo < 120,"-- FILTER BY LIKE OPERATOR & 2 CONDITIONS
SELECT * 
FROM data 
WHERE text LIKE '%%love%%'
AND tempo < 120",DuckDBHandler,1924.0021705627441,0.0057,100.79296875,0.15379786491394043,0.0,0.0,0.0,0.0,115044,419.287654876709,False,64G,18
"/* SELF-JOIN ON 'artist' TO FIND DUPLICATE ARTISTS */ SELECT DISTINCT a1.artist_s AS artists, COUNT(*) AS duplicate_count FROM data AS a1 JOIN data AS a2 ON a1.artist_s = a2.artist_s GROUP BY a1.artist_s","-- SELF-JOIN ON 'artist' TO FIND DUPLICATE ARTISTS
SELECT 
    DISTINCT a1.artist_s AS artists, 
    COUNT(*) AS duplicate_count 
FROM data AS a1 
JOIN data AS a2 
ON a1.artist_s = a2.artist_s
GROUP BY a1.artist_s",DuckDBHandler,237.58840560913086,0.005196752029981262,100.79296875,0.15379786491394043,0.0,0.0,0.0,0.0,127334,9.563119888305664,False,64G,18
/* TOP 1000 ROWS */ SELECT * FROM data LIMIT 1000,"-- TOP 1000 ROWS
SELECT * FROM data LIMIT 1000",ClickHouseHandler,36.32926940917969,5.475744680851064,1666.484375,2.542853355407715,0.0,0.0,0.005602836608886719,2.330714225769043,1000,3.920193672180176,False,64G,18
/* COUNT ALL */ SELECT COUNT(*) FROM data,"-- COUNT ALL
SELECT COUNT(*) FROM data",ClickHouseHandler,7.0095062255859375,8.4687,1659.20703125,2.5317490100860596,0.0,0.0,0.0028886795043945312,0.0045185089111328125,1,0.000133514404296875,False,64G,18
"/* DISTINCT VALUES & COUNT OF 'genre' */ SELECT DISTINCT genre, COUNT(genre) AS genre_count FROM data GROUP BY genre ORDER BY genre_count DESC NULLS FIRST","-- DISTINCT VALUES & COUNT OF 'genre'
SELECT 
    DISTINCT genre,
    COUNT(genre) AS genre_count 
FROM data 
GROUP BY genre 
ORDER BY genre_count DESC",ClickHouseHandler,17.496824264526367,5.689277899343545,1662.26171875,2.536410093307495,0.0,0.0,0.0036268234252929688,0.08284568786621094,3097,0.23495960235595703,False,64G,18
"/* DISTINCT VALUES IN COLUMN 'album' */ SELECT DISTINCT album, COUNT(album) AS album_count FROM data GROUP BY album ORDER BY album_count DESC NULLS FIRST","-- DISTINCT VALUES IN COLUMN 'album'
SELECT 
    DISTINCT album,
    COUNT(album) AS album_count 
FROM data 
GROUP BY album 
ORDER BY album_count DESC",ClickHouseHandler,669.5828437805176,9.617816703159212,1726.10546875,2.6338279247283936,0.0,0.0,0.006525993347167969,3.50948429107666,154682,11.50868034362793,False,64G,18
"/* STATS (AVG, SUM, MIN, MAX) FOR COLUMN 'tempo' */ SELECT AVG(tempo) AS avg_tempo, SUM(tempo) AS sum_tempo, MIN(tempo) AS min_tempo, MAX(tempo) AS max_tempo FROM data","-- STATS (AVG, SUM, MIN, MAX) FOR COLUMN 'tempo'
SELECT 
    AVG(tempo) AS avg_tempo,
    SUM(tempo) AS sum_tempo, 
    MIN(tempo) AS min_tempo, 
    MAX(tempo) AS max_tempo 
FROM data",ClickHouseHandler,6.343841552734375,5.198251093066833,1675.87890625,2.5571882724761963,0.0,0.0,0.002777099609375,0.0046596527099609375,1,0.000156402587890625,False,64G,18
/* FILTER BY LIKE OPERATOR & 2 CONDITIONS */ SELECT * FROM data WHERE text LIKE '%%love%%' AND tempo < 120,"-- FILTER BY LIKE OPERATOR & 2 CONDITIONS
SELECT * 
FROM data 
WHERE text LIKE '%%love%%'
AND tempo < 120",ClickHouseHandler,3437.883138656616,7.1104881101376725,1692.55078125,2.582627534866333,0.0,0.0,0.02614307403564453,251.74941635131836,115044,419.28827476501465,False,64G,18
"/* SELF-JOIN ON 'artist' TO FIND DUPLICATE ARTISTS */ SELECT DISTINCT a1.artist_s AS artists, COUNT(*) AS duplicate_count FROM data AS a1 JOIN data AS a2 ON a1.artist_s = a2.artist_s GROUP BY a1.artist_s","-- SELF-JOIN ON 'artist' TO FIND DUPLICATE ARTISTS
SELECT 
    DISTINCT a1.artist_s AS artists, 
    COUNT(*) AS duplicate_count 
FROM data AS a1 
JOIN data AS a2 
ON a1.artist_s = a2.artist_s
GROUP BY a1.artist_s",ClickHouseHandler,668.5957908630371,9.7135,1798.078125,2.743649482727051,0.0,0.0,0.04632091522216797,3.032503128051758,127334,9.563119888305664,False,64G,18
